{
  "main": {
    "he": {
      "identity": {
        "version": {
          "_number": "$Revision: 12307 $",
          "_cldrVersion": "29"
        },
        "language": "he"
      },
      "numbers": {
        "defaultNumberingSystem": "latn",
        "otherNumberingSystems": {
          "native": "latn",
          "traditional": "hebr"
        },
        "minimumGroupingDigits": "1",
        "symbols-numberSystem-latn": {
          "decimal": ".",
          "group": ",",
          "list": ";",
          "percentSign": "%",
          "plusSign": "‎+",
          "minusSign": "‎-",
          "exponential": "E",
          "superscriptingExponent": "×",
          "perMille": "‰",
          "infinity": "∞",
          "nan": "NaN",
          "timeSeparator": ":"
        },
        "decimalFormats-numberSystem-latn": {
          "standard": "#,##0.###",
          "long": {
            "decimalFormat": {
              "1000-count-one": "‏0 אלף",
              "1000-count-two": "‏0 אלף",
              "1000-count-many": "‏0 אלף",
              "1000-count-other": "‏0 אלף",
              "10000-count-one": "‏00 אלף",
              "10000-count-two": "‏00 אלף",
              "10000-count-many": "‏00 אלף",
              "10000-count-other": "‏00 אלף",
              "100000-count-one": "‏000 אלף",
              "100000-count-two": "‏000 אלף",
              "100000-count-many": "‏000 אלף",
              "100000-count-other": "‏000 אלף",
              "1000000-count-one": "‏0 מיליון",
              "1000000-count-two": "‏0 מיליון",
              "1000000-count-many": "‏0 מיליון",
              "1000000-count-other": "‏0 מיליון",
              "10000000-count-one": "‏00 מיליון",
              "10000000-count-two": "‏00 מיליון",
              "10000000-count-many": "‏00 מיליון",
              "10000000-count-other": "‏00 מיליון",
              "100000000-count-one": "‏000 מיליון",
              "100000000-count-two": "‏000 מיליון",
              "100000000-count-many": "‏000 מיליון",
              "100000000-count-other": "‏000 מיליון",
              "1000000000-count-one": "‏0 מיליארד",
              "1000000000-count-two": "‏0 מיליארד",
              "1000000000-count-many": "‏0 מיליארד",
              "1000000000-count-other": "‏0 מיליארד",
              "10000000000-count-one": "‏00 מיליארד",
              "10000000000-count-two": "‏00 מיליארד",
              "10000000000-count-many": "‏00 מיליארד",
              "10000000000-count-other": "‏00 מיליארד",
              "100000000000-count-one": "‏000 מיליארד",
              "100000000000-count-two": "‏000 מיליארד",
              "100000000000-count-many": "‏000 מיליארד",
              "100000000000-count-other": "‏000 מיליארד",
              "1000000000000-count-one": "‏0 טריליון",
              "1000000000000-count-two": "‏0 טריליון",
              "1000000000000-count-many": "‏0 טריליון",
              "1000000000000-count-other": "‏0 טריליון",
              "10000000000000-count-one": "‏00 טריליון",
              "10000000000000-count-two": "‏00 טריליון",
              "10000000000000-count-many": "‏00 טריליון",
              "10000000000000-count-other": "‏00 טריליון",
              "100000000000000-count-one": "‏000 טריליון",
              "100000000000000-count-two": "‏000 טריליון",
              "100000000000000-count-many": "‏000 טריליון",
              "100000000000000-count-other": "‏000 טריליון"
            }
          },
          "short": {
            "decimalFormat": {
              "1000-count-one": "‏0 אלף",
              "1000-count-two": "‏0 אלף",
              "1000-count-many": "‏0 אלף",
              "1000-count-other": "‏0 אלף",
              "10000-count-one": "‏00 אלף",
              "10000-count-two": "‏00 אלף",
              "10000-count-many": "‏00 אלף",
              "10000-count-other": "‏00 אלף",
              "100000-count-one": "‏000 אלף",
              "100000-count-two": "‏000 אלף",
              "100000-count-many": "‏000 אלף",
              "100000-count-other": "‏000 אלף",
              "1000000-count-one": "‏0 מיל׳",
              "1000000-count-two": "‏0 מיל׳",
              "1000000-count-many": "‏0 מיל׳",
              "1000000-count-other": "‏0 מיל׳",
              "10000000-count-one": "‏00 מיל׳",
              "10000000-count-two": "‏00 מיל׳",
              "10000000-count-many": "‏00 מיל׳",
              "10000000-count-other": "‏00 מיל׳",
              "100000000-count-one": "‏000 מיל׳",
              "100000000-count-two": "‏000 מיל׳",
              "100000000-count-many": "‏000 מיל׳",
              "100000000-count-other": "‏000 מיל׳",
              "1000000000-count-one": "0B",
              "1000000000-count-two": "0B",
              "1000000000-count-many": "0B",
              "1000000000-count-other": "0B",
              "10000000000-count-one": "00B",
              "10000000000-count-two": "00B",
              "10000000000-count-many": "00B",
              "10000000000-count-other": "00B",
              "100000000000-count-one": "000B",
              "100000000000-count-two": "000B",
              "100000000000-count-many": "000B",
              "100000000000-count-other": "000B",
              "1000000000000-count-one": "0T",
              "1000000000000-count-two": "0T",
              "1000000000000-count-many": "0T",
              "1000000000000-count-other": "0T",
              "10000000000000-count-one": "00T",
              "10000000000000-count-two": "00T",
              "10000000000000-count-many": "00T",
              "10000000000000-count-other": "00T",
              "100000000000000-count-one": "000T",
              "100000000000000-count-two": "000T",
              "100000000000000-count-many": "000T",
              "100000000000000-count-other": "000T"
            }
          }
        },
        "scientificFormats-numberSystem-latn": {
          "standard": "#E0"
        },
        "percentFormats-numberSystem-latn": {
          "standard": "#,##0%"
        },
        "currencyFormats-numberSystem-latn": {
          "currencySpacing": {
            "beforeCurrency": {
              "currencyMatch": "[:^S:]",
              "surroundingMatch": "[:digit:]",
              "insertBetween": " "
            },
            "afterCurrency": {
              "currencyMatch": "[:^S:]",
              "surroundingMatch": "[:digit:]",
              "insertBetween": " "
            }
          },
          "standard": "#,##0.00 ¤",
          "accounting": "#,##0.00 ¤",
          "short": {
            "standard": {
              "1000-count-one": "¤ 0K",
              "1000-count-two": "¤ 0K",
              "1000-count-many": "¤0K",
              "1000-count-other": "¤ 0K",
              "10000-count-one": "¤00K",
              "10000-count-two": "¤00K",
              "10000-count-many": "¤00K",
              "10000-count-other": "¤ 00K",
              "100000-count-one": "¤000K",
              "100000-count-two": "¤000K",
              "100000-count-many": "¤000K",
              "100000-count-other": "¤000K",
              "1000000-count-one": "¤0M",
              "1000000-count-two": "¤0M",
              "1000000-count-many": "¤0M",
              "1000000-count-other": "¤0M",
              "10000000-count-one": "¤00M",
              "10000000-count-two": "¤00M",
              "10000000-count-many": "¤00M",
              "10000000-count-other": "¤00M",
              "100000000-count-one": "¤000M",
              "100000000-count-two": "¤000M",
              "100000000-count-many": "¤000M",
              "100000000-count-other": "¤000M",
              "1000000000-count-one": "¤0B",
              "1000000000-count-two": "¤0B",
              "1000000000-count-many": "¤0B",
              "1000000000-count-other": "¤0B",
              "10000000000-count-one": "¤00B",
              "10000000000-count-two": "¤00B",
              "10000000000-count-many": "¤00B",
              "10000000000-count-other": "¤00B",
              "100000000000-count-one": "¤000B",
              "100000000000-count-two": "¤000B",
              "100000000000-count-many": "¤000B",
              "100000000000-count-other": "¤000B",
              "1000000000000-count-one": "¤0T",
              "1000000000000-count-two": "¤0T",
              "1000000000000-count-many": "¤0T",
              "1000000000000-count-other": "¤0T",
              "10000000000000-count-one": "¤00T",
              "10000000000000-count-two": "¤00T",
              "10000000000000-count-many": "¤00T",
              "10000000000000-count-other": "¤00T",
              "100000000000000-count-one": "¤000T",
              "100000000000000-count-two": "¤000T",
              "100000000000000-count-many": "¤000T",
              "100000000000000-count-other": "¤000T"
            }
          },
          "unitPattern-count-one": "{0} {1}",
          "unitPattern-count-two": "{0} {1}",
          "unitPattern-count-many": "{0} {1}",
          "unitPattern-count-other": "{0} {1}"
        },
        "miscPatterns-numberSystem-latn": {
          "atLeast": "⩾{0}+",
          "range": "{0}–{1}"
        }
      }
    }
  }
}
