{
  "main": {
    "se": {
      "identity": {
        "version": {
          "_number": "$Revision: 11914 $",
          "_cldrVersion": "29"
        },
        "language": "se"
      },
      "numbers": {
        "defaultNumberingSystem": "latn",
        "otherNumberingSystems": {
          "native": "latn"
        },
        "minimumGroupingDigits": "1",
        "symbols-numberSystem-latn": {
          "decimal": ",",
          "group": " ",
          "list": ";",
          "percentSign": "%",
          "plusSign": "+",
          "minusSign": "−",
          "exponential": "×10^",
          "superscriptingExponent": "·",
          "perMille": "‰",
          "infinity": "∞",
          "nan": "¤¤¤",
          "timeSeparator": ":"
        },
        "decimalFormats-numberSystem-latn": {
          "standard": "#,##0.###",
          "long": {
            "decimalFormat": {
              "1000-count-one": "0 duhát",
              "1000-count-two": "0 duháhat",
              "1000-count-other": "0 duháhat",
              "10000-count-one": "00 duhát",
              "10000-count-two": "00 duháhat",
              "10000-count-other": "00 duháhat",
              "100000-count-one": "000 duhát",
              "100000-count-two": "000 duháhat",
              "100000-count-other": "000 duháhat",
              "1000000-count-one": "0 miljona",
              "1000000-count-two": "0 miljonat",
              "1000000-count-other": "0 miljonat",
              "10000000-count-one": "00 miljona",
              "10000000-count-two": "00 miljonat",
              "10000000-count-other": "00 miljonat",
              "100000000-count-one": "000 miljona",
              "100000000-count-two": "000 miljonat",
              "100000000-count-other": "000 miljonat",
              "1000000000-count-one": "0 miljardi",
              "1000000000-count-two": "0 miljardit",
              "1000000000-count-other": "0 miljardit",
              "10000000000-count-one": "00 miljardi",
              "10000000000-count-two": "00 miljardit",
              "10000000000-count-other": "00 miljardit",
              "100000000000-count-one": "000 miljardi",
              "100000000000-count-two": "000 miljardit",
              "100000000000-count-other": "000 miljardit",
              "1000000000000-count-one": "0 biljona",
              "1000000000000-count-two": "0 biljonat",
              "1000000000000-count-other": "0 biljonat",
              "10000000000000-count-one": "00 biljona",
              "10000000000000-count-two": "00 biljonat",
              "10000000000000-count-other": "00 biljonat",
              "100000000000000-count-one": "000 biljona",
              "100000000000000-count-two": "000 biljonat",
              "100000000000000-count-other": "000 biljonat"
            }
          },
          "short": {
            "decimalFormat": {
              "1000-count-one": "0 dt",
              "1000-count-two": "0 dt",
              "1000-count-other": "0 dt",
              "10000-count-one": "00 dt",
              "10000-count-two": "00 dt",
              "10000-count-other": "00 dt",
              "100000-count-one": "000 dt",
              "100000-count-two": "000 dt",
              "100000-count-other": "000 dt",
              "1000000-count-one": "0 mn",
              "1000000-count-two": "0 mn",
              "1000000-count-other": "0 mn",
              "10000000-count-one": "00 mn",
              "10000000-count-two": "00 mn",
              "10000000-count-other": "00 mn",
              "100000000-count-one": "000 mn",
              "100000000-count-two": "000 mn",
              "100000000-count-other": "000 mn",
              "1000000000-count-one": "0 md",
              "1000000000-count-two": "0 md",
              "1000000000-count-other": "0 md",
              "10000000000-count-one": "00 md",
              "10000000000-count-two": "00 md",
              "10000000000-count-other": "00 md",
              "100000000000-count-one": "000 md",
              "100000000000-count-two": "000 md",
              "100000000000-count-other": "000 md",
              "1000000000000-count-one": "0 bn",
              "1000000000000-count-two": "0 bn",
              "1000000000000-count-other": "0 bn",
              "10000000000000-count-one": "00 bn",
              "10000000000000-count-two": "00 bn",
              "10000000000000-count-other": "00 bn",
              "100000000000000-count-one": "000 bn",
              "100000000000000-count-two": "000 bn",
              "100000000000000-count-other": "000 bn"
            }
          }
        },
        "scientificFormats-numberSystem-latn": {
          "standard": "#E0"
        },
        "percentFormats-numberSystem-latn": {
          "standard": "#,##0 %"
        },
        "currencyFormats-numberSystem-latn": {
          "currencySpacing": {
            "beforeCurrency": {
              "currencyMatch": "[:^S:]",
              "surroundingMatch": "[:digit:]",
              "insertBetween": " "
            },
            "afterCurrency": {
              "currencyMatch": "[:^S:]",
              "surroundingMatch": "[:digit:]",
              "insertBetween": " "
            }
          },
          "standard": "#,##0.00 ¤",
          "accounting": "#,##0.00 ¤",
          "short": {
            "standard": {
              "1000-count-other": "¤ 0K",
              "10000-count-other": "¤ 00K",
              "100000-count-other": "¤ 000K",
              "1000000-count-other": "¤ 0M",
              "10000000-count-other": "¤ 00M",
              "100000000-count-other": "¤ 000M",
              "1000000000-count-other": "¤ 0G",
              "10000000000-count-other": "¤ 00G",
              "100000000000-count-other": "¤ 000G",
              "1000000000000-count-other": "¤ 0T",
              "10000000000000-count-other": "¤ 00T",
              "100000000000000-count-other": "¤ 000T"
            }
          },
          "unitPattern-count-one": "{0} {1}",
          "unitPattern-count-two": "{0} {1}",
          "unitPattern-count-other": "{0} {1}"
        },
        "miscPatterns-numberSystem-latn": {
          "atLeast": "⩾{0}",
          "range": "{0}–{1}"
        }
      }
    }
  }
}
