{
  "main": {
    "sq": {
      "identity": {
        "version": {
          "_number": "$Revision: 12293 $",
          "_cldrVersion": "29"
        },
        "language": "sq"
      },
      "numbers": {
        "currencies": {
          "ADP": {
            "displayName": "ADP",
            "symbol": "ADP"
          },
          "AED": {
            "displayName": "Dirhami i Emirateve të Bashkuara Arabe",
            "displayName-count-one": "dirham i Emirateve të Bashkuara Arabe",
            "displayName-count-other": "dirhamë të Emirateve të Bashkuara Arabe",
            "symbol": "AED"
          },
          "AFA": {
            "displayName": "AFA",
            "symbol": "AFA"
          },
          "AFN": {
            "displayName": "Afgani afgan",
            "displayName-count-one": "afgan afgan",
            "displayName-count-other": "afganë afgan",
            "symbol": "AFN"
          },
          "ALL": {
            "displayName": "Leku shqiptar",
            "displayName-count-one": "lek shqiptar",
            "displayName-count-other": "lekë shqiptar",
            "symbol": "Lekë"
          },
          "AMD": {
            "displayName": "Dramia armene",
            "displayName-count-one": "drami armene",
            "displayName-count-other": "drami armene",
            "symbol": "AMD"
          },
          "ANG": {
            "displayName": "Gilderi antilian holandez",
            "displayName-count-one": "gilder antilian holandez",
            "displayName-count-other": "gilderë antilian holandez",
            "symbol": "ANG"
          },
          "AOA": {
            "displayName": "Kuanza e Angolës",
            "displayName-count-one": "kuanzë angole",
            "displayName-count-other": "kuanza angole",
            "symbol": "AOA",
            "symbol-alt-narrow": "Kz"
          },
          "AOK": {
            "displayName": "AOK",
            "symbol": "AOK"
          },
          "AON": {
            "displayName": "AON",
            "symbol": "AON"
          },
          "AOR": {
            "displayName": "AOR",
            "symbol": "AOR"
          },
          "ARA": {
            "displayName": "ARA",
            "symbol": "ARA"
          },
          "ARL": {
            "displayName": "ARL",
            "symbol": "ARL"
          },
          "ARM": {
            "displayName": "ARM",
            "symbol": "ARM"
          },
          "ARP": {
            "displayName": "ARP",
            "symbol": "ARP"
          },
          "ARS": {
            "displayName": "Pezoja argjentinase",
            "displayName-count-one": "pezo argjentinase",
            "displayName-count-other": "pezo argjentinase",
            "symbol": "ARS",
            "symbol-alt-narrow": "$"
          },
          "ATS": {
            "displayName": "ATS",
            "symbol": "ATS"
          },
          "AUD": {
            "displayName": "Dollari australian",
            "displayName-count-one": "dollar australian",
            "displayName-count-other": "dollarë australian",
            "symbol": "A$",
            "symbol-alt-narrow": "$"
          },
          "AWG": {
            "displayName": "Florini aruban",
            "displayName-count-one": "florin aruban",
            "displayName-count-other": "florinë aruban",
            "symbol": "AWG"
          },
          "AZM": {
            "displayName": "AZM",
            "symbol": "AZM"
          },
          "AZN": {
            "displayName": "Manata e Azerbajxhanit",
            "displayName-count-one": "manatë azere",
            "displayName-count-other": "manata azere",
            "symbol": "AZN"
          },
          "BAD": {
            "displayName": "BAD",
            "symbol": "BAD"
          },
          "BAM": {
            "displayName": "Marka e Bosnjë-Hercegovinës [e shkëmbyeshme]",
            "displayName-count-one": "markë e Bosnjë-Hercegovinës [e shkëmbyeshme]",
            "displayName-count-other": "marka të Bosnjë-Hercegovinës [të shkëmbyeshme]",
            "symbol": "BAM",
            "symbol-alt-narrow": "KM"
          },
          "BAN": {
            "displayName": "BAN",
            "symbol": "BAN"
          },
          "BBD": {
            "displayName": "Dollari barbadian",
            "displayName-count-one": "dollar barbadian",
            "displayName-count-other": "dollarë barbadian",
            "symbol": "BBD",
            "symbol-alt-narrow": "$"
          },
          "BDT": {
            "displayName": "Taka e Bangladeshit",
            "displayName-count-one": "takë bangladeshi",
            "displayName-count-other": "taka bangladeshi",
            "symbol": "BDT",
            "symbol-alt-narrow": "৳"
          },
          "BEC": {
            "displayName": "BEC",
            "symbol": "BEC"
          },
          "BEF": {
            "displayName": "BEF",
            "symbol": "BEF"
          },
          "BEL": {
            "displayName": "BEL",
            "symbol": "BEL"
          },
          "BGL": {
            "displayName": "BGL",
            "symbol": "BGL"
          },
          "BGM": {
            "displayName": "BGM",
            "symbol": "BGM"
          },
          "BGN": {
            "displayName": "Leva bullgare",
            "displayName-count-one": "levë bullgare",
            "displayName-count-other": "leva bullgare",
            "symbol": "BGN"
          },
          "BGO": {
            "displayName": "BGO",
            "symbol": "BGO"
          },
          "BHD": {
            "displayName": "Dinari i Bahreinit",
            "displayName-count-one": "dinar bahreini",
            "displayName-count-other": "dinarë bahreini",
            "symbol": "BHD"
          },
          "BIF": {
            "displayName": "Franga burundiane",
            "displayName-count-one": "frangë burundiane",
            "displayName-count-other": "franga burundiane",
            "symbol": "BIF"
          },
          "BMD": {
            "displayName": "Dollari i Bermudeve",
            "displayName-count-one": "dollar bermude",
            "displayName-count-other": "dollarë bermude",
            "symbol": "BMD",
            "symbol-alt-narrow": "$"
          },
          "BND": {
            "displayName": "Dollari i Bruneit",
            "displayName-count-one": "dollar brunei",
            "displayName-count-other": "dollarë brunei",
            "symbol": "BND",
            "symbol-alt-narrow": "$"
          },
          "BOB": {
            "displayName": "Boliviani i Bolivisë",
            "displayName-count-one": "bolivian i Bolivisë",
            "displayName-count-other": "bolivianë të Bolivisë",
            "symbol": "BOB",
            "symbol-alt-narrow": "Bs"
          },
          "BOL": {
            "displayName": "BOL",
            "symbol": "BOL"
          },
          "BOP": {
            "displayName": "BOP",
            "symbol": "BOP"
          },
          "BOV": {
            "displayName": "BOV",
            "symbol": "BOV"
          },
          "BRB": {
            "displayName": "BRB",
            "symbol": "BRB"
          },
          "BRC": {
            "displayName": "BRC",
            "symbol": "BRC"
          },
          "BRE": {
            "displayName": "BRE",
            "symbol": "BRE"
          },
          "BRL": {
            "displayName": "Reali brazilian",
            "displayName-count-one": "real brazilian",
            "displayName-count-other": "realë brazilian",
            "symbol": "R$",
            "symbol-alt-narrow": "R$"
          },
          "BRN": {
            "displayName": "BRN",
            "symbol": "BRN"
          },
          "BRR": {
            "displayName": "BRR",
            "symbol": "BRR"
          },
          "BRZ": {
            "displayName": "BRZ",
            "symbol": "BRZ"
          },
          "BSD": {
            "displayName": "Dollari i Bahamasit",
            "displayName-count-one": "dollar bahamez",
            "displayName-count-other": "dollarë bahamez",
            "symbol": "BSD",
            "symbol-alt-narrow": "$"
          },
          "BTN": {
            "displayName": "Ngultrumi butanez",
            "displayName-count-one": "ngultrum butanez",
            "displayName-count-other": "ngultrumë butanez",
            "symbol": "BTN"
          },
          "BUK": {
            "displayName": "BUK",
            "symbol": "BUK"
          },
          "BWP": {
            "displayName": "Pula botsuane",
            "displayName-count-one": "pulë botsuane",
            "displayName-count-other": "pula botsuane",
            "symbol": "BWP",
            "symbol-alt-narrow": "P"
          },
          "BYB": {
            "displayName": "BYB",
            "symbol": "BYB"
          },
          "BYR": {
            "displayName": "Rubla bjelloruse",
            "displayName-count-one": "rubël bjelloruse",
            "displayName-count-other": "rubla bjelloruse",
            "symbol": "BYR",
            "symbol-alt-narrow": "р."
          },
          "BZD": {
            "displayName": "Dollari i Ishujve Belize",
            "displayName-count-one": "dollar belize",
            "displayName-count-other": "dollarë belize",
            "symbol": "BZD",
            "symbol-alt-narrow": "$"
          },
          "CAD": {
            "displayName": "Dollari kanadez",
            "displayName-count-one": "dollar kanadez",
            "displayName-count-other": "dollarë kanadez",
            "symbol": "CA$",
            "symbol-alt-narrow": "$"
          },
          "CDF": {
            "displayName": "Franga kongole",
            "displayName-count-one": "frangë kongole",
            "displayName-count-other": "franga kongole",
            "symbol": "CDF"
          },
          "CHE": {
            "displayName": "CHE",
            "symbol": "CHE"
          },
          "CHF": {
            "displayName": "Franga zvicerane",
            "displayName-count-one": "frangë zvicerane",
            "displayName-count-other": "franga zvicerane",
            "symbol": "CHF"
          },
          "CHW": {
            "displayName": "CHW",
            "symbol": "CHW"
          },
          "CLE": {
            "displayName": "CLE",
            "symbol": "CLE"
          },
          "CLF": {
            "displayName": "CLF",
            "symbol": "CLF"
          },
          "CLP": {
            "displayName": "Pezoja kiliane",
            "displayName-count-one": "pezo kiliane",
            "displayName-count-other": "pezo kiliane",
            "symbol": "CLP",
            "symbol-alt-narrow": "$"
          },
          "CNY": {
            "displayName": "Juani kinez",
            "displayName-count-one": "juan kinez",
            "displayName-count-other": "juanë kinez",
            "symbol": "CN¥",
            "symbol-alt-narrow": "¥"
          },
          "COP": {
            "displayName": "Pezoja kolumbiane",
            "displayName-count-one": "pezo kolumbiane",
            "displayName-count-other": "pezo kolumbiane",
            "symbol": "COP",
            "symbol-alt-narrow": "$"
          },
          "COU": {
            "displayName": "COU",
            "symbol": "COU"
          },
          "CRC": {
            "displayName": "Koloni kostarikan",
            "displayName-count-one": "kolon kostarikan",
            "displayName-count-other": "kolonë kostarikan",
            "symbol": "CRC",
            "symbol-alt-narrow": "₡"
          },
          "CSD": {
            "displayName": "CSD",
            "symbol": "CSD"
          },
          "CSK": {
            "displayName": "CSK",
            "symbol": "CSK"
          },
          "CUC": {
            "displayName": "Pezoja kubaneze e shkëmbyeshme",
            "displayName-count-one": "pezo kubaneze e shkëmbyeshme",
            "displayName-count-other": "pezo kubaneze të shkëmbyeshme",
            "symbol": "CUC",
            "symbol-alt-narrow": "$"
          },
          "CUP": {
            "displayName": "Pezoja kubaneze",
            "displayName-count-one": "pezo kubaneze",
            "displayName-count-other": "pezo kubaneze",
            "symbol": "CUP",
            "symbol-alt-narrow": "$"
          },
          "CVE": {
            "displayName": "Eskudoja e Kepit të Gjelbër",
            "displayName-count-one": "eskudo e Kepit të Gjelbër",
            "displayName-count-other": "eskudo të Kepit të Gjelbër",
            "symbol": "CVE"
          },
          "CYP": {
            "displayName": "CYP",
            "symbol": "CYP"
          },
          "CZK": {
            "displayName": "Koruna e Republikës Çeke",
            "displayName-count-one": "korunë çeke",
            "displayName-count-other": "koruna çeke",
            "symbol": "CZK",
            "symbol-alt-narrow": "Kč"
          },
          "DDM": {
            "displayName": "DDM",
            "symbol": "DDM"
          },
          "DEM": {
            "displayName": "DEM",
            "symbol": "DEM"
          },
          "DJF": {
            "displayName": "Franga xhibutiane",
            "displayName-count-one": "frangë xhibutiane",
            "displayName-count-other": "franga xhibutiane",
            "symbol": "DJF"
          },
          "DKK": {
            "displayName": "Korona daneze",
            "displayName-count-one": "koronë daneze",
            "displayName-count-other": "korona daneze",
            "symbol": "DKK",
            "symbol-alt-narrow": "kr"
          },
          "DOP": {
            "displayName": "Pezoja dominikane",
            "displayName-count-one": "pezo dominikane",
            "displayName-count-other": "pezo dominikane",
            "symbol": "DOP",
            "symbol-alt-narrow": "$"
          },
          "DZD": {
            "displayName": "Dinari algjerian",
            "displayName-count-one": "dinar algjerian",
            "displayName-count-other": "dinarë algjerian",
            "symbol": "DZD"
          },
          "ECS": {
            "displayName": "ECS",
            "symbol": "ECS"
          },
          "ECV": {
            "displayName": "ECV",
            "symbol": "ECV"
          },
          "EEK": {
            "displayName": "EEK",
            "symbol": "EEK"
          },
          "EGP": {
            "displayName": "Stërlina egjiptiane",
            "displayName-count-one": "stërlinë egjiptiane",
            "displayName-count-other": "stërlina egjiptiane",
            "symbol": "EGP",
            "symbol-alt-narrow": "E£"
          },
          "ERN": {
            "displayName": "Nakfa e Eritresë",
            "displayName-count-one": "nakfë eritreje",
            "displayName-count-other": "nakfa eritreje",
            "symbol": "ERN"
          },
          "ESA": {
            "displayName": "ESA",
            "symbol": "ESA"
          },
          "ESB": {
            "displayName": "ESB",
            "symbol": "ESB"
          },
          "ESP": {
            "displayName": "ESP",
            "symbol": "ESP",
            "symbol-alt-narrow": "₧"
          },
          "ETB": {
            "displayName": "Bira etiopiane",
            "displayName-count-one": "birë etiopiane",
            "displayName-count-other": "bira etiopiane",
            "symbol": "ETB"
          },
          "EUR": {
            "displayName": "Euroja",
            "displayName-count-one": "euro",
            "displayName-count-other": "euro",
            "symbol": "€",
            "symbol-alt-narrow": "€"
          },
          "FIM": {
            "displayName": "FIM",
            "symbol": "FIM"
          },
          "FJD": {
            "displayName": "Dollari i Fixhit",
            "displayName-count-one": "dollar fixhi",
            "displayName-count-other": "dollarë fixhi",
            "symbol": "FJD",
            "symbol-alt-narrow": "$"
          },
          "FKP": {
            "displayName": "Stërlina e Ishujve Folkland",
            "displayName-count-one": "stërlinë e Ishujve Folkland",
            "displayName-count-other": "stërlina të Ishujve Folkland",
            "symbol": "FKP",
            "symbol-alt-narrow": "£"
          },
          "FRF": {
            "displayName": "FRF",
            "symbol": "FRF"
          },
          "GBP": {
            "displayName": "Sterlina britanike",
            "displayName-count-one": "sterlinë britanike",
            "displayName-count-other": "sterlina britanike",
            "symbol": "£",
            "symbol-alt-narrow": "£"
          },
          "GEK": {
            "displayName": "GEK",
            "symbol": "GEK"
          },
          "GEL": {
            "displayName": "Laria gjeorgjiane",
            "displayName-count-one": "lari gjeorgjian",
            "displayName-count-other": "lari gjeorgjiane",
            "symbol": "GEL",
            "symbol-alt-narrow": "₾"
          },
          "GHC": {
            "displayName": "GHC",
            "symbol": "GHC"
          },
          "GHS": {
            "displayName": "Sejda ganeze",
            "displayName-count-one": "sejdë ganeze",
            "displayName-count-other": "sejda ganeze",
            "symbol": "GHS"
          },
          "GIP": {
            "displayName": "Sterlina e Gjibraltarit",
            "displayName-count-one": "sterlinë gjibraltari",
            "displayName-count-other": "sterlina gjibraltari",
            "symbol": "GIP",
            "symbol-alt-narrow": "£"
          },
          "GMD": {
            "displayName": "Dalasi gambian",
            "displayName-count-one": "dalas gambian",
            "displayName-count-other": "dalasë gambian",
            "symbol": "GMD"
          },
          "GNF": {
            "displayName": "Franga guinease",
            "displayName-count-one": "frangë guineje",
            "displayName-count-other": "franga guineje",
            "symbol": "GNF",
            "symbol-alt-narrow": "FG"
          },
          "GNS": {
            "displayName": "GNS",
            "symbol": "GNS"
          },
          "GQE": {
            "displayName": "GQE",
            "symbol": "GQE"
          },
          "GRD": {
            "displayName": "GRD",
            "symbol": "GRD"
          },
          "GTQ": {
            "displayName": "Kuecali i Guatemalës",
            "displayName-count-one": "kuecal guatemalas",
            "displayName-count-other": "kuecalë guatemalas",
            "symbol": "GTQ",
            "symbol-alt-narrow": "Q"
          },
          "GWE": {
            "displayName": "GWE",
            "symbol": "GWE"
          },
          "GWP": {
            "displayName": "GWP",
            "symbol": "GWP"
          },
          "GYD": {
            "displayName": "Dollari guajanez",
            "displayName-count-one": "dollar guajanez",
            "displayName-count-other": "dollarë guajanez",
            "symbol": "GYD",
            "symbol-alt-narrow": "$"
          },
          "HKD": {
            "displayName": "Dollari i Hong Kongut",
            "displayName-count-one": "dollar Hong Kongu",
            "displayName-count-other": "dollarë Hong Kongu",
            "symbol": "HK$",
            "symbol-alt-narrow": "$"
          },
          "HNL": {
            "displayName": "Lempira hondurase",
            "displayName-count-one": "lempirë hondurase",
            "displayName-count-other": "lempira hondurase",
            "symbol": "HNL",
            "symbol-alt-narrow": "L"
          },
          "HRD": {
            "displayName": "HRD",
            "symbol": "HRD"
          },
          "HRK": {
            "displayName": "Kuna kroate",
            "displayName-count-one": "kunë kroate",
            "displayName-count-other": "kuna kroate",
            "symbol": "HRK",
            "symbol-alt-narrow": "kn"
          },
          "HTG": {
            "displayName": "Gurdi haitian",
            "displayName-count-one": "gurd haitian",
            "displayName-count-other": "gurdë haitian",
            "symbol": "HTG"
          },
          "HUF": {
            "displayName": "Forinta hungareze",
            "displayName-count-one": "forintë hungareze",
            "displayName-count-other": "forinta hungareze",
            "symbol": "HUF",
            "symbol-alt-narrow": "Ft"
          },
          "IDR": {
            "displayName": "Rupia indoneziane",
            "displayName-count-one": "rupi indoneziane",
            "displayName-count-other": "rupi indoneziane",
            "symbol": "IDR",
            "symbol-alt-narrow": "Rp"
          },
          "IEP": {
            "displayName": "IEP",
            "symbol": "IEP"
          },
          "ILP": {
            "displayName": "ILP",
            "symbol": "ILP"
          },
          "ILS": {
            "displayName": "Shekeli izrealit",
            "displayName-count-one": "shekel izrealit",
            "displayName-count-other": "shekelë izrealit",
            "symbol": "₪",
            "symbol-alt-narrow": "₪"
          },
          "INR": {
            "displayName": "Rupia indiane",
            "displayName-count-one": "rupi indiane",
            "displayName-count-other": "rupi indiane",
            "symbol": "₹",
            "symbol-alt-narrow": "₹"
          },
          "IQD": {
            "displayName": "Dinari irakian",
            "displayName-count-one": "dinar irakian",
            "displayName-count-other": "dinarë irakian",
            "symbol": "IQD"
          },
          "IRR": {
            "displayName": "Riali iranian",
            "displayName-count-one": "rial iranian",
            "displayName-count-other": "rialë iranian",
            "symbol": "IRR"
          },
          "ISK": {
            "displayName": "Korona islandeze",
            "displayName-count-one": "koronë islandeze",
            "displayName-count-other": "korona islandeze",
            "symbol": "ISK",
            "symbol-alt-narrow": "kr"
          },
          "ITL": {
            "displayName": "ITL",
            "symbol": "ITL"
          },
          "JMD": {
            "displayName": "Dollari xhamajkan",
            "displayName-count-one": "dollar xhamajkan",
            "displayName-count-other": "dollarë xhamajkan",
            "symbol": "JMD",
            "symbol-alt-narrow": "$"
          },
          "JOD": {
            "displayName": "Dinari jordanez",
            "displayName-count-one": "dinar jordanez",
            "displayName-count-other": "dinarë jordanez",
            "symbol": "JOD"
          },
          "JPY": {
            "displayName": "Jeni japonez",
            "displayName-count-one": "jen japonez",
            "displayName-count-other": "jenë japonez",
            "symbol": "JP¥",
            "symbol-alt-narrow": "¥"
          },
          "KES": {
            "displayName": "Shilinga keniane",
            "displayName-count-one": "shilingë keniane",
            "displayName-count-other": "shilinga keniane",
            "symbol": "KES"
          },
          "KGS": {
            "displayName": "Soma kirgize",
            "displayName-count-one": "somë kirgize",
            "displayName-count-other": "soma kirgize",
            "symbol": "KGS"
          },
          "KHR": {
            "displayName": "Riali kamboxhian",
            "displayName-count-one": "rial kamboxhian",
            "displayName-count-other": "rialë kamboxhian",
            "symbol": "KHR",
            "symbol-alt-narrow": "៛"
          },
          "KMF": {
            "displayName": "Franga komore",
            "displayName-count-one": "frangë komore",
            "displayName-count-other": "franga komori",
            "symbol": "KMF",
            "symbol-alt-narrow": "CF"
          },
          "KPW": {
            "displayName": "Uoni koreano-verior",
            "displayName-count-one": "uon koreano-verior",
            "displayName-count-other": "uonë koreano-verior",
            "symbol": "KPW",
            "symbol-alt-narrow": "₩"
          },
          "KRH": {
            "displayName": "KRH",
            "symbol": "KRH"
          },
          "KRO": {
            "displayName": "KRO",
            "symbol": "KRO"
          },
          "KRW": {
            "displayName": "Uoni koreano-jugor",
            "displayName-count-one": "uon koreano-jugor",
            "displayName-count-other": "uonë koreano-jugor",
            "symbol": "₩",
            "symbol-alt-narrow": "₩"
          },
          "KWD": {
            "displayName": "Dinari kuvajtian",
            "displayName-count-one": "dinar kuvajtian",
            "displayName-count-other": "dinarë kuvajtian",
            "symbol": "KWD"
          },
          "KYD": {
            "displayName": "Dollari i Ishujve Kajman",
            "displayName-count-one": "dollar i Ishujve Kajman",
            "displayName-count-other": "dollarë të Ishujve Kajman",
            "symbol": "KYD",
            "symbol-alt-narrow": "$"
          },
          "KZT": {
            "displayName": "Tenga kazake",
            "displayName-count-one": "tengë kazake",
            "displayName-count-other": "tenga kazake",
            "symbol": "KZT",
            "symbol-alt-narrow": "₸"
          },
          "LAK": {
            "displayName": "Kipa e Laosit",
            "displayName-count-one": "kipë laosi",
            "displayName-count-other": "kipa laosi",
            "symbol": "LAK",
            "symbol-alt-narrow": "₭"
          },
          "LBP": {
            "displayName": "Sterlina libaneze",
            "displayName-count-one": "sterlinë libaneze",
            "displayName-count-other": "sterlina libaneze",
            "symbol": "LBP",
            "symbol-alt-narrow": "L£"
          },
          "LKR": {
            "displayName": "Rupia e Sri-Lankës",
            "displayName-count-one": "rupi sri-lanke",
            "displayName-count-other": "rupi sri-lanke",
            "symbol": "LKR",
            "symbol-alt-narrow": "Rs"
          },
          "LRD": {
            "displayName": "Dollari liberian",
            "displayName-count-one": "dollar liberian",
            "displayName-count-other": "dollarë liberian",
            "symbol": "LRD",
            "symbol-alt-narrow": "$"
          },
          "LSL": {
            "displayName": "LSL",
            "symbol": "LSL"
          },
          "LTL": {
            "displayName": "Lita lituaneze",
            "displayName-count-one": "litë lituaneze",
            "displayName-count-other": "lita lituaneze",
            "symbol": "LTL",
            "symbol-alt-narrow": "Lt"
          },
          "LTT": {
            "displayName": "LTT",
            "symbol": "LTT"
          },
          "LUC": {
            "displayName": "LUC",
            "symbol": "LUC"
          },
          "LUF": {
            "displayName": "LUF",
            "symbol": "LUF"
          },
          "LUL": {
            "displayName": "LUL",
            "symbol": "LUL"
          },
          "LVL": {
            "displayName": "Lata letoneze",
            "displayName-count-one": "latë letoneze",
            "displayName-count-other": "lata letoneze",
            "symbol": "LVL",
            "symbol-alt-narrow": "Ls"
          },
          "LVR": {
            "displayName": "LVR",
            "symbol": "LVR"
          },
          "LYD": {
            "displayName": "Dinari libian",
            "displayName-count-one": "dinar libian",
            "displayName-count-other": "dinarë libian",
            "symbol": "LYD"
          },
          "MAD": {
            "displayName": "Dirhami maroken",
            "displayName-count-one": "dirham maroken",
            "displayName-count-other": "dirhamë maroken",
            "symbol": "MAD"
          },
          "MAF": {
            "displayName": "MAF",
            "symbol": "MAF"
          },
          "MCF": {
            "displayName": "MCF",
            "symbol": "MCF"
          },
          "MDC": {
            "displayName": "MDC",
            "symbol": "MDC"
          },
          "MDL": {
            "displayName": "Leu moldav",
            "displayName-count-one": "leu moldav",
            "displayName-count-other": "leu moldav",
            "symbol": "MDL"
          },
          "MGA": {
            "displayName": "Arieri malagez",
            "displayName-count-one": "arier malagez",
            "displayName-count-other": "arierë malagez",
            "symbol": "MGA",
            "symbol-alt-narrow": "Ar"
          },
          "MGF": {
            "displayName": "MGF",
            "symbol": "MGF"
          },
          "MKD": {
            "displayName": "Denari maqedonas",
            "displayName-count-one": "denar maqedonas",
            "displayName-count-other": "denarë maqedonas",
            "symbol": "MKD"
          },
          "MKN": {
            "displayName": "MKN",
            "symbol": "MKN"
          },
          "MLF": {
            "displayName": "MLF",
            "symbol": "MLF"
          },
          "MMK": {
            "displayName": "Kiata e Mianmarit",
            "displayName-count-one": "kiatë mianmari",
            "displayName-count-other": "kiata mianmari",
            "symbol": "MMK",
            "symbol-alt-narrow": "K"
          },
          "MNT": {
            "displayName": "Tugrika mongole",
            "displayName-count-one": "tugrikë mongole",
            "displayName-count-other": "tugrika mongole",
            "symbol": "MNT",
            "symbol-alt-narrow": "₮"
          },
          "MOP": {
            "displayName": "Pataka e Makaos",
            "displayName-count-one": "patakë e Makaos",
            "displayName-count-other": "pataka të Makaos",
            "symbol": "MOP"
          },
          "MRO": {
            "displayName": "Ugija mauritane",
            "displayName-count-one": "ugijë mauritane",
            "displayName-count-other": "ugija mauritane",
            "symbol": "MRO"
          },
          "MTL": {
            "displayName": "MTL",
            "symbol": "MTL"
          },
          "MTP": {
            "displayName": "MTP",
            "symbol": "MTP"
          },
          "MUR": {
            "displayName": "Rupia mauritiane",
            "displayName-count-one": "rupi mauritiane",
            "displayName-count-other": "rupi mauritiane",
            "symbol": "MUR",
            "symbol-alt-narrow": "Rs"
          },
          "MVR": {
            "displayName": "Rufiu i Maldivit",
            "displayName-count-one": "rufi maldivi",
            "displayName-count-other": "rufi maldivi",
            "symbol": "MVR"
          },
          "MWK": {
            "displayName": "Kuaça malaviane",
            "displayName-count-one": "kuaçë malaviane",
            "displayName-count-other": "kuaça malaviane",
            "symbol": "MWK"
          },
          "MXN": {
            "displayName": "Pezoja meksikane",
            "displayName-count-one": "pezo meksikane",
            "displayName-count-other": "pezo meksikane",
            "symbol": "MX$",
            "symbol-alt-narrow": "$"
          },
          "MXP": {
            "displayName": "MXP",
            "symbol": "MXP"
          },
          "MXV": {
            "displayName": "MXV",
            "symbol": "MXV"
          },
          "MYR": {
            "displayName": "Ringiti malajzian",
            "displayName-count-one": "ringit malajzian",
            "displayName-count-other": "ringitë malajzian",
            "symbol": "MYR",
            "symbol-alt-narrow": "RM"
          },
          "MZE": {
            "displayName": "MZE",
            "symbol": "MZE"
          },
          "MZM": {
            "displayName": "MZM",
            "symbol": "MZM"
          },
          "MZN": {
            "displayName": "Metikali i Mozambikut",
            "displayName-count-one": "metikal mozambiku",
            "displayName-count-other": "metikalë mozambiku",
            "symbol": "MZN"
          },
          "NAD": {
            "displayName": "Dollari i Namibisë",
            "displayName-count-one": "dollar namibie",
            "displayName-count-other": "dollarë namibie",
            "symbol": "NAD",
            "symbol-alt-narrow": "$"
          },
          "NGN": {
            "displayName": "Naira nigeriane",
            "displayName-count-one": "nairë nigeriane",
            "displayName-count-other": "naira nigeriane",
            "symbol": "NGN",
            "symbol-alt-narrow": "₦"
          },
          "NIC": {
            "displayName": "NIC",
            "symbol": "NIC"
          },
          "NIO": {
            "displayName": "Kordoba nikaraguane",
            "displayName-count-one": "kordobë nikaraguane",
            "displayName-count-other": "kordoba nikaraguane",
            "symbol": "NIO",
            "symbol-alt-narrow": "C$"
          },
          "NLG": {
            "displayName": "NLG",
            "symbol": "NLG"
          },
          "NOK": {
            "displayName": "Korona norvegjeze",
            "displayName-count-one": "koronë norvegjeze",
            "displayName-count-other": "korona norvegjeze",
            "symbol": "NOK",
            "symbol-alt-narrow": "kr"
          },
          "NPR": {
            "displayName": "Rupia nepaleze",
            "displayName-count-one": "rupi nepaleze",
            "displayName-count-other": "rupi nepaleze",
            "symbol": "NPR",
            "symbol-alt-narrow": "Rs"
          },
          "NZD": {
            "displayName": "Dollari i Zelandës së Re",
            "displayName-count-one": "dollar i Zelandës së Re",
            "displayName-count-other": "dollarë të Zelandës së Re",
            "symbol": "NZ$",
            "symbol-alt-narrow": "$"
          },
          "OMR": {
            "displayName": "Riali i Omanit",
            "displayName-count-one": "rial omani",
            "displayName-count-other": "rialë omani",
            "symbol": "OMR"
          },
          "PAB": {
            "displayName": "Balboa panameze",
            "displayName-count-one": "balboa panameze",
            "displayName-count-other": "balboa panameze",
            "symbol": "PAB"
          },
          "PEI": {
            "displayName": "PEI",
            "symbol": "PEI"
          },
          "PEN": {
            "displayName": "Sola nuevo-peruane",
            "displayName-count-one": "solë nuevo-peruane",
            "displayName-count-other": "sola nuevo-peruane",
            "symbol": "PEN"
          },
          "PES": {
            "displayName": "PES",
            "symbol": "PES"
          },
          "PGK": {
            "displayName": "Kina e Papua-Guineas së Re",
            "displayName-count-one": "kinë e Papua-Guineas së Re",
            "displayName-count-other": "kina të Papua-Guineas së Re",
            "symbol": "PGK"
          },
          "PHP": {
            "displayName": "Pezoja filipinase",
            "displayName-count-one": "pezo filipinase",
            "displayName-count-other": "pezo filipinase",
            "symbol": "PHP",
            "symbol-alt-narrow": "₱"
          },
          "PKR": {
            "displayName": "Rupia pakistaneze",
            "displayName-count-one": "rupi pakistaneze",
            "displayName-count-other": "rupi pakistaneze",
            "symbol": "PKR",
            "symbol-alt-narrow": "Rs"
          },
          "PLN": {
            "displayName": "Zllota polake",
            "displayName-count-one": "zllotë polake",
            "displayName-count-other": "zllota polake",
            "symbol": "PLN",
            "symbol-alt-narrow": "zł"
          },
          "PLZ": {
            "displayName": "PLZ",
            "symbol": "PLZ"
          },
          "PTE": {
            "displayName": "PTE",
            "symbol": "PTE"
          },
          "PYG": {
            "displayName": "Guarani paraguaian",
            "displayName-count-one": "guaran paraguaian",
            "displayName-count-other": "guaranë paraguaian",
            "symbol": "PYG",
            "symbol-alt-narrow": "₲"
          },
          "QAR": {
            "displayName": "Riali i Katarit",
            "displayName-count-one": "rial katari",
            "displayName-count-other": "rialë katari",
            "symbol": "QAR"
          },
          "RHD": {
            "displayName": "RHD",
            "symbol": "RHD"
          },
          "ROL": {
            "displayName": "ROL",
            "symbol": "ROL"
          },
          "RON": {
            "displayName": "Leu rumun",
            "displayName-count-one": "leu rumun",
            "displayName-count-other": "leu rumun",
            "symbol": "RON"
          },
          "RSD": {
            "displayName": "Dinari serb",
            "displayName-count-one": "dinar serb",
            "displayName-count-other": "dinarë serb",
            "symbol": "RSD"
          },
          "RUB": {
            "displayName": "Rubla ruse",
            "displayName-count-one": "rubël ruse",
            "displayName-count-other": "rubla ruse",
            "symbol": "RUB",
            "symbol-alt-narrow": "₽"
          },
          "RUR": {
            "displayName": "RUR",
            "symbol": "RUR",
            "symbol-alt-narrow": "р."
          },
          "RWF": {
            "displayName": "Franga ruandeze",
            "displayName-count-one": "frangë ruandeze",
            "displayName-count-other": "franga ruandeze",
            "symbol": "RWF",
            "symbol-alt-narrow": "RF"
          },
          "SAR": {
            "displayName": "Riali saudit",
            "displayName-count-one": "rial saudit",
            "displayName-count-other": "rialë saudit",
            "symbol": "SAR"
          },
          "SBD": {
            "displayName": "Dollari i Ishujve Solomonë",
            "displayName-count-one": "dollar i Ishujve Solomonë",
            "displayName-count-other": "dollarë të Ishujve Solomonë",
            "symbol": "SBD",
            "symbol-alt-narrow": "$"
          },
          "SCR": {
            "displayName": "Rupia e Ishujve Sishelë",
            "displayName-count-one": "rupi e Ishujve Sishelë",
            "displayName-count-other": "rupi të Ishujve Sishelë",
            "symbol": "SCR"
          },
          "SDD": {
            "displayName": "SDD",
            "symbol": "SDD"
          },
          "SDG": {
            "displayName": "Stërlina sudaneze",
            "displayName-count-one": "stërlinë sudaneze",
            "displayName-count-other": "stërlina sudaneze",
            "symbol": "SDG"
          },
          "SDP": {
            "displayName": "SDP",
            "symbol": "SDP"
          },
          "SEK": {
            "displayName": "Korona suedeze",
            "displayName-count-one": "koronë suedeze",
            "displayName-count-other": "korona suedeze",
            "symbol": "SEK",
            "symbol-alt-narrow": "kr"
          },
          "SGD": {
            "displayName": "Dollari i Singaporit",
            "displayName-count-one": "dollar singapori",
            "displayName-count-other": "dollarë singapori",
            "symbol": "SGD",
            "symbol-alt-narrow": "$"
          },
          "SHP": {
            "displayName": "Stërlina e Ishullit të Shën-Helenës",
            "displayName-count-one": "stërlinë e Ishullit të Shën-Helenës",
            "displayName-count-other": "stërlina të Ishullit të Shën-Helenës",
            "symbol": "SHP",
            "symbol-alt-narrow": "£"
          },
          "SIT": {
            "displayName": "SIT",
            "symbol": "SIT"
          },
          "SKK": {
            "displayName": "SKK",
            "symbol": "SKK"
          },
          "SLL": {
            "displayName": "Leoni i Sierra-Leones",
            "displayName-count-one": "leon i Sierra-Leones",
            "displayName-count-other": "leonë të Sierra-Leones",
            "symbol": "SLL"
          },
          "SOS": {
            "displayName": "Shilinga somaleze",
            "displayName-count-one": "shilingë somaleze",
            "displayName-count-other": "shilinga somaleze",
            "symbol": "SOS"
          },
          "SRD": {
            "displayName": "Dollari surinamez",
            "displayName-count-one": "dollar surinamez",
            "displayName-count-other": "dollarë surinamez",
            "symbol": "SRD",
            "symbol-alt-narrow": "$"
          },
          "SRG": {
            "displayName": "SRG",
            "symbol": "SRG"
          },
          "SSP": {
            "displayName": "Stërlina e Sudanit të Jugut",
            "displayName-count-one": "stërlinë e Sudanit të Jugut",
            "displayName-count-other": "stërlina të Sudanit të Jugut",
            "symbol": "SSP",
            "symbol-alt-narrow": "£"
          },
          "STD": {
            "displayName": "Dobra e Sao-Tomes dhe Prinsipes",
            "displayName-count-one": "dobër e Sao-Tomes dhe Prinsipes",
            "displayName-count-other": "dobra të Sao-Tomes dhe Prinsipes",
            "symbol": "STD",
            "symbol-alt-narrow": "Db"
          },
          "SUR": {
            "displayName": "SUR",
            "symbol": "SUR"
          },
          "SVC": {
            "displayName": "SVC",
            "symbol": "SVC"
          },
          "SYP": {
            "displayName": "Sterlina siriane",
            "displayName-count-one": "sterlinë siriane",
            "displayName-count-other": "sterlina siriane",
            "symbol": "SYP",
            "symbol-alt-narrow": "£"
          },
          "SZL": {
            "displayName": "Lilangeni i Suazilandës",
            "displayName-count-one": "lilangen suazilande",
            "displayName-count-other": "lilangenë suazilande",
            "symbol": "SZL"
          },
          "THB": {
            "displayName": "Bata tajlandeze",
            "displayName-count-one": "batë tajlandeze",
            "displayName-count-other": "bata tajlandeze",
            "symbol": "฿",
            "symbol-alt-narrow": "฿"
          },
          "TJR": {
            "displayName": "TJR",
            "symbol": "TJR"
          },
          "TJS": {
            "displayName": "Somona taxhike",
            "displayName-count-one": "somonë taxhike",
            "displayName-count-other": "somona taxhike",
            "symbol": "TJS"
          },
          "TMM": {
            "displayName": "TMM",
            "symbol": "TMM"
          },
          "TMT": {
            "displayName": "Manata turkmene",
            "displayName-count-one": "manatë turkmene",
            "displayName-count-other": "manata turkmene",
            "symbol": "TMT"
          },
          "TND": {
            "displayName": "Dinari tunizian",
            "displayName-count-one": "dinar tunizian",
            "displayName-count-other": "dinarë tunizian",
            "symbol": "TND"
          },
          "TOP": {
            "displayName": "Panga tongane",
            "displayName-count-one": "pangë tongane",
            "displayName-count-other": "panga tongane",
            "symbol": "TOP",
            "symbol-alt-narrow": "T$"
          },
          "TPE": {
            "displayName": "TPE",
            "symbol": "TPE"
          },
          "TRL": {
            "displayName": "TRL",
            "symbol": "TRL"
          },
          "TRY": {
            "displayName": "Lira turke",
            "displayName-count-one": "lirë turke",
            "displayName-count-other": "lira turke",
            "symbol": "TRY",
            "symbol-alt-narrow": "₺",
            "symbol-alt-variant": "TL"
          },
          "TTD": {
            "displayName": "Dollari i Trinidadit dhe Tobagos",
            "displayName-count-one": "dollar i Trinidadit dhe Tobagos",
            "displayName-count-other": "dollarë të Trinidadit dhe Tobagos",
            "symbol": "TTD",
            "symbol-alt-narrow": "$"
          },
          "TWD": {
            "displayName": "Dollari tajvanez",
            "displayName-count-one": "dollar tajvanez",
            "displayName-count-other": "dollarë tajvanez",
            "symbol": "NT$",
            "symbol-alt-narrow": "$"
          },
          "TZS": {
            "displayName": "Shilinga e Tanzanisë",
            "displayName-count-one": "shilingë tanzanie",
            "displayName-count-other": "shilinga tanzanie",
            "symbol": "TZS"
          },
          "UAH": {
            "displayName": "Rivnia ukrainase",
            "displayName-count-one": "rivni ukrainase",
            "displayName-count-other": "rivni ukrainase",
            "symbol": "UAH",
            "symbol-alt-narrow": "₴"
          },
          "UAK": {
            "displayName": "UAK",
            "symbol": "UAK"
          },
          "UGS": {
            "displayName": "UGS",
            "symbol": "UGS"
          },
          "UGX": {
            "displayName": "Shilinga ugandeze",
            "displayName-count-one": "shilingë ugandeze",
            "displayName-count-other": "shilinga ugandeze",
            "symbol": "UGX"
          },
          "USD": {
            "displayName": "Dollari amerikan",
            "displayName-count-one": "dollar amerikan",
            "displayName-count-other": "dollarë amerikan",
            "symbol": "US$",
            "symbol-alt-narrow": "$"
          },
          "USN": {
            "displayName": "USN",
            "symbol": "USN"
          },
          "USS": {
            "displayName": "USS",
            "symbol": "USS"
          },
          "UYI": {
            "displayName": "UYI",
            "symbol": "UYI"
          },
          "UYP": {
            "displayName": "UYP",
            "symbol": "UYP"
          },
          "UYU": {
            "displayName": "Pezoja uruguaiane",
            "displayName-count-one": "pezo uruguaiane",
            "displayName-count-other": "pezo uruguaiane",
            "symbol": "UYU",
            "symbol-alt-narrow": "$"
          },
          "UZS": {
            "displayName": "Soma uzbeke",
            "displayName-count-one": "somë uzbeke",
            "displayName-count-other": "soma uzbeke",
            "symbol": "UZS"
          },
          "VEB": {
            "displayName": "VEB",
            "symbol": "VEB"
          },
          "VEF": {
            "displayName": "Bolivari venezuelian",
            "displayName-count-one": "bolivar venezuelian",
            "displayName-count-other": "bolivarë venezuelian",
            "symbol": "VEF",
            "symbol-alt-narrow": "Bs"
          },
          "VND": {
            "displayName": "Donga vietnameze",
            "displayName-count-one": "dongë vietnameze",
            "displayName-count-other": "donga vietnameze",
            "symbol": "₫",
            "symbol-alt-narrow": "₫"
          },
          "VNN": {
            "displayName": "VNN",
            "symbol": "VNN"
          },
          "VUV": {
            "displayName": "Vatuja e Vanuatusë",
            "displayName-count-one": "vatu vanuatuje",
            "displayName-count-other": "vatu vanuatuje",
            "symbol": "VUV"
          },
          "WST": {
            "displayName": "Tala samoane",
            "displayName-count-one": "talë samoane",
            "displayName-count-other": "tala samoane",
            "symbol": "WST"
          },
          "XAF": {
            "displayName": "Franga kamerunase",
            "displayName-count-one": "frangë kamerunase",
            "displayName-count-other": "franga kamerunase",
            "symbol": "FCFA"
          },
          "XAG": {
            "displayName": "XAG",
            "symbol": "XAG"
          },
          "XAU": {
            "displayName": "XAU",
            "symbol": "XAU"
          },
          "XBA": {
            "displayName": "XBA",
            "symbol": "XBA"
          },
          "XBB": {
            "displayName": "XBB",
            "symbol": "XBB"
          },
          "XBC": {
            "displayName": "XBC",
            "symbol": "XBC"
          },
          "XBD": {
            "displayName": "XBD",
            "symbol": "XBD"
          },
          "XCD": {
            "displayName": "Dollari i Karaibeve Lindore",
            "displayName-count-one": "dollar i Karaibeve Lindore",
            "displayName-count-other": "dollarë të Karaibeve Lindore",
            "symbol": "EC$",
            "symbol-alt-narrow": "$"
          },
          "XDR": {
            "displayName": "XDR",
            "symbol": "XDR"
          },
          "XEU": {
            "displayName": "XEU",
            "symbol": "XEU"
          },
          "XFO": {
            "displayName": "XFO",
            "symbol": "XFO"
          },
          "XFU": {
            "displayName": "XFU",
            "symbol": "XFU"
          },
          "XOF": {
            "displayName": "Franga e Bregut të Fildishtë",
            "displayName-count-one": "frangë e Bregut të Fildishtë",
            "displayName-count-other": "franga të Bregut të Fildishtë",
            "symbol": "CFA"
          },
          "XPD": {
            "displayName": "XPD",
            "symbol": "XPD"
          },
          "XPF": {
            "displayName": "Franga franceze e Polinezisë",
            "displayName-count-one": "frangë franceze e Polinezisë",
            "displayName-count-other": "franga franceze të Polinezisë",
            "symbol": "CFPF"
          },
          "XPT": {
            "displayName": "XPT",
            "symbol": "XPT"
          },
          "XRE": {
            "displayName": "XRE",
            "symbol": "XRE"
          },
          "XSU": {
            "displayName": "XSU",
            "symbol": "XSU"
          },
          "XTS": {
            "displayName": "XTS",
            "symbol": "XTS"
          },
          "XUA": {
            "displayName": "XUA",
            "symbol": "XUA"
          },
          "XXX": {
            "displayName": "Valutë e panjohur",
            "displayName-count-one": "(njësi e panjohur valutore)",
            "displayName-count-other": "(njësi të panjohura valutore)",
            "symbol": "XXX"
          },
          "YDD": {
            "displayName": "YDD",
            "symbol": "YDD"
          },
          "YER": {
            "displayName": "Riali i Jemenit",
            "displayName-count-one": "rial jemeni",
            "displayName-count-other": "rialë jemeni",
            "symbol": "YER"
          },
          "YUD": {
            "displayName": "YUD",
            "symbol": "YUD"
          },
          "YUM": {
            "displayName": "YUM",
            "symbol": "YUM"
          },
          "YUN": {
            "displayName": "YUN",
            "symbol": "YUN"
          },
          "YUR": {
            "displayName": "YUR",
            "symbol": "YUR"
          },
          "ZAL": {
            "displayName": "ZAL",
            "symbol": "ZAL"
          },
          "ZAR": {
            "displayName": "Randa afrikano-jugore",
            "displayName-count-one": "randë afrikano-jugore",
            "displayName-count-other": "randa afrikano-jugore",
            "symbol": "ZAR",
            "symbol-alt-narrow": "R"
          },
          "ZMK": {
            "displayName": "ZMK",
            "symbol": "ZMK"
          },
          "ZMW": {
            "displayName": "Kuaça e Zambikut",
            "displayName-count-one": "kuaçë zambiku",
            "displayName-count-other": "kuaça zambiku",
            "symbol": "ZMW",
            "symbol-alt-narrow": "ZK"
          },
          "ZRN": {
            "displayName": "ZRN",
            "symbol": "ZRN"
          },
          "ZRZ": {
            "displayName": "ZRZ",
            "symbol": "ZRZ"
          },
          "ZWD": {
            "displayName": "ZWD",
            "symbol": "ZWD"
          },
          "ZWL": {
            "displayName": "ZWL",
            "symbol": "ZWL"
          },
          "ZWR": {
            "displayName": "ZWR",
            "symbol": "ZWR"
          }
        }
      }
    }
  }
}
