{
  "main": {
    "ta": {
      "identity": {
        "version": {
          "_number": "$Revision: 12316 $",
          "_cldrVersion": "29"
        },
        "language": "ta"
      },
      "numbers": {
        "defaultNumberingSystem": "latn",
        "otherNumberingSystems": {
          "native": "tamldec",
          "traditional": "taml"
        },
        "minimumGroupingDigits": "1",
        "symbols-numberSystem-latn": {
          "decimal": ".",
          "group": ",",
          "list": ";",
          "percentSign": "%",
          "plusSign": "+",
          "minusSign": "-",
          "exponential": "E",
          "superscriptingExponent": "×",
          "perMille": "‰",
          "infinity": "∞",
          "nan": "NaN",
          "timeSeparator": ":"
        },
        "symbols-numberSystem-tamldec": {
          "decimal": ".",
          "group": ",",
          "list": ";",
          "percentSign": "%",
          "plusSign": "+",
          "minusSign": "-",
          "exponential": "E",
          "superscriptingExponent": "×",
          "perMille": "‰",
          "infinity": "∞",
          "nan": "NaN",
          "timeSeparator": ":"
        },
        "decimalFormats-numberSystem-latn": {
          "standard": "#,##,##0.###",
          "long": {
            "decimalFormat": {
              "1000-count-one": "0 ஆயிரம்",
              "1000-count-other": "0 ஆயிரம்",
              "10000-count-one": "00 ஆயிரம்",
              "10000-count-other": "00 ஆயிரம்",
              "100000-count-one": "000 ஆயிரம்",
              "100000-count-other": "000 ஆயிரம்",
              "1000000-count-one": "0 மில்லியன்",
              "1000000-count-other": "0 மில்லியன்",
              "10000000-count-one": "00 மில்லியன்",
              "10000000-count-other": "00 மில்லியன்",
              "100000000-count-one": "000 மில்லியன்",
              "100000000-count-other": "000 மில்லியன்",
              "1000000000-count-one": "0 பில்லியன்",
              "1000000000-count-other": "0 பில்லியன்",
              "10000000000-count-one": "00 பில்லியன்",
              "10000000000-count-other": "00 பில்லியன்",
              "100000000000-count-one": "000 பில்லியன்",
              "100000000000-count-other": "000 பில்லியன்",
              "1000000000000-count-one": "0 டிரில்லியன்",
              "1000000000000-count-other": "0 டிரில்லியன்",
              "10000000000000-count-one": "00 டிரில்லியன்",
              "10000000000000-count-other": "00 டிரில்லியன்",
              "100000000000000-count-one": "000 டிரில்லியன்",
              "100000000000000-count-other": "000 டிரில்லியன்"
            }
          },
          "short": {
            "decimalFormat": {
              "1000-count-one": "0ஆ",
              "1000-count-other": "0ஆ",
              "10000-count-one": "00ஆ",
              "10000-count-other": "00ஆ",
              "100000-count-one": "000ஆ",
              "100000-count-other": "000ஆ",
              "1000000-count-one": "0மி",
              "1000000-count-other": "0மி",
              "10000000-count-one": "00மி",
              "10000000-count-other": "00மி",
              "100000000-count-one": "000மி",
              "100000000-count-other": "000மி",
              "1000000000-count-one": "0பி",
              "1000000000-count-other": "0பி",
              "10000000000-count-one": "00பி",
              "10000000000-count-other": "00பி",
              "100000000000-count-one": "000பி",
              "100000000000-count-other": "000பி",
              "1000000000000-count-one": "0டி",
              "1000000000000-count-other": "0டி",
              "10000000000000-count-one": "00டி",
              "10000000000000-count-other": "00டி",
              "100000000000000-count-one": "000டி",
              "100000000000000-count-other": "000டி"
            }
          }
        },
        "decimalFormats-numberSystem-tamldec": {
          "standard": "#,##,##0.###",
          "long": {
            "decimalFormat": {
              "1000-count-one": "0 ஆயிரம்",
              "1000-count-other": "0 ஆயிரம்",
              "10000-count-one": "00 ஆயிரம்",
              "10000-count-other": "00 ஆயிரம்",
              "100000-count-one": "000 ஆயிரம்",
              "100000-count-other": "000 ஆயிரம்",
              "1000000-count-one": "0 மில்லியன்",
              "1000000-count-other": "0 மில்லியன்",
              "10000000-count-one": "00 மில்லியன்",
              "10000000-count-other": "00 மில்லியன்",
              "100000000-count-one": "000 மில்லியன்",
              "100000000-count-other": "000 மில்லியன்",
              "1000000000-count-one": "0 பில்லியன்",
              "1000000000-count-other": "0 பில்லியன்",
              "10000000000-count-one": "00 பில்லியன்",
              "10000000000-count-other": "00 பில்லியன்",
              "100000000000-count-one": "000 பில்லியன்",
              "100000000000-count-other": "000 பில்லியன்",
              "1000000000000-count-one": "0 டிரில்லியன்",
              "1000000000000-count-other": "0 டிரில்லியன்",
              "10000000000000-count-one": "00 டிரில்லியன்",
              "10000000000000-count-other": "00 டிரில்லியன்",
              "100000000000000-count-one": "000 டிரில்லியன்",
              "100000000000000-count-other": "000 டிரில்லியன்"
            }
          },
          "short": {
            "decimalFormat": {
              "1000-count-one": "0ஆ",
              "1000-count-other": "0ஆ",
              "10000-count-one": "00ஆ",
              "10000-count-other": "00ஆ",
              "100000-count-one": "000ஆ",
              "100000-count-other": "000ஆ",
              "1000000-count-one": "0மி",
              "1000000-count-other": "0மி",
              "10000000-count-one": "00மி",
              "10000000-count-other": "00மி",
              "100000000-count-one": "000மி",
              "100000000-count-other": "000மி",
              "1000000000-count-one": "0பி",
              "1000000000-count-other": "0பி",
              "10000000000-count-one": "00பி",
              "10000000000-count-other": "00பி",
              "100000000000-count-one": "000பி",
              "100000000000-count-other": "000பி",
              "1000000000000-count-one": "0டி",
              "1000000000000-count-other": "0டி",
              "10000000000000-count-one": "00டி",
              "10000000000000-count-other": "00டி",
              "100000000000000-count-one": "000டி",
              "100000000000000-count-other": "000டி"
            }
          }
        },
        "scientificFormats-numberSystem-latn": {
          "standard": "#E0"
        },
        "scientificFormats-numberSystem-tamldec": {
          "standard": "#E0"
        },
        "percentFormats-numberSystem-latn": {
          "standard": "#,##,##0%"
        },
        "percentFormats-numberSystem-tamldec": {
          "standard": "#,##,##0%"
        },
        "currencyFormats-numberSystem-latn": {
          "currencySpacing": {
            "beforeCurrency": {
              "currencyMatch": "[:^S:]",
              "surroundingMatch": "[:digit:]",
              "insertBetween": " "
            },
            "afterCurrency": {
              "currencyMatch": "[:^S:]",
              "surroundingMatch": "[:digit:]",
              "insertBetween": " "
            }
          },
          "standard": "¤ #,##,##0.00",
          "accounting": "¤#,##0.00;(¤#,##0.00)",
          "short": {
            "standard": {
              "1000-count-one": "¤ 0ஆ",
              "1000-count-other": "¤ 0ஆ",
              "10000-count-one": "¤ 00ஆ",
              "10000-count-other": "¤ 00ஆ",
              "100000-count-one": "¤ 000ஆ",
              "100000-count-other": "¤ 000ஆ",
              "1000000-count-one": "¤ 0மி",
              "1000000-count-other": "¤ 0மி",
              "10000000-count-one": "¤ 00மி",
              "10000000-count-other": "¤ 00மி",
              "100000000-count-one": "¤ 000மி",
              "100000000-count-other": "¤ 000மி",
              "1000000000-count-one": "¤ 0பி",
              "1000000000-count-other": "¤0பி",
              "10000000000-count-one": "¤ 00பி",
              "10000000000-count-other": "¤ 00பி",
              "100000000000-count-one": "¤ 000பி",
              "100000000000-count-other": "¤000பி",
              "1000000000000-count-one": "¤ 0டி",
              "1000000000000-count-other": "¤ 0டி",
              "10000000000000-count-one": "¤ 00டி",
              "10000000000000-count-other": "¤ 00டி",
              "100000000000000-count-one": "¤ 000டி",
              "100000000000000-count-other": "¤ 000டி"
            }
          },
          "unitPattern-count-one": "{0} {1}",
          "unitPattern-count-other": "{0} {1}"
        },
        "currencyFormats-numberSystem-tamldec": {
          "currencySpacing": {
            "beforeCurrency": {
              "currencyMatch": "[:^S:]",
              "surroundingMatch": "[:digit:]",
              "insertBetween": " "
            },
            "afterCurrency": {
              "currencyMatch": "[:^S:]",
              "surroundingMatch": "[:digit:]",
              "insertBetween": " "
            }
          },
          "standard": "¤ #,##,##0.00",
          "accounting": "¤#,##0.00;(¤#,##0.00)",
          "short": {
            "standard": {
              "1000-count-one": "¤ 0ஆ",
              "1000-count-other": "¤ 0ஆ",
              "10000-count-one": "¤ 00ஆ",
              "10000-count-other": "¤ 00ஆ",
              "100000-count-one": "¤ 000ஆ",
              "100000-count-other": "¤ 000ஆ",
              "1000000-count-one": "¤ 0மி",
              "1000000-count-other": "¤ 0மி",
              "10000000-count-one": "¤ 00மி",
              "10000000-count-other": "¤ 00மி",
              "100000000-count-one": "¤ 000மி",
              "100000000-count-other": "¤ 000மி",
              "1000000000-count-one": "¤0பி",
              "1000000000-count-other": "¤0பி",
              "10000000000-count-one": "¤ 00பி",
              "10000000000-count-other": "¤ 00பி",
              "100000000000-count-one": "¤000பி",
              "100000000000-count-other": "¤000பி",
              "1000000000000-count-one": "¤ 0டி",
              "1000000000000-count-other": "¤ 0டி",
              "10000000000000-count-one": "¤ 00டி",
              "10000000000000-count-other": "¤ 00டி",
              "100000000000000-count-one": "¤ 000டி",
              "100000000000000-count-other": "¤ 000டி"
            }
          },
          "unitPattern-count-one": "{0} {1}",
          "unitPattern-count-other": "{0} {1}"
        },
        "miscPatterns-numberSystem-latn": {
          "atLeast": "{0}+",
          "range": "{0}–{1}"
        },
        "miscPatterns-numberSystem-tamldec": {
          "atLeast": "{0}+",
          "range": "{0}–{1}"
        }
      }
    }
  }
}
