{
  "main": {
    "rm": {
      "identity": {
        "version": {
          "_number": "$Revision: 12307 $",
          "_cldrVersion": "29"
        },
        "language": "rm"
      },
      "numbers": {
        "currencies": {
          "ADP": {
            "displayName": "peseta andorrana",
            "symbol": "ADP"
          },
          "AED": {
            "displayName": "dirham dals Emirats Arabs Unids",
            "symbol": "AED"
          },
          "AFA": {
            "displayName": "afghani (1927–2002)",
            "symbol": "AFA"
          },
          "AFN": {
            "displayName": "afghani",
            "symbol": "AFN"
          },
          "ALK": {
            "displayName": "lek albanais (1947–1961)"
          },
          "ALL": {
            "displayName": "lek",
            "symbol": "ALL"
          },
          "AMD": {
            "displayName": "dram armen",
            "symbol": "AMD"
          },
          "ANG": {
            "displayName": "flurin da las Antillas Olandaisas",
            "symbol": "ANG"
          },
          "AOA": {
            "displayName": "kwanza angolan",
            "symbol": "AOA",
            "symbol-alt-narrow": "Kz"
          },
          "AOK": {
            "displayName": "kwanza angolan (1977–1990)",
            "symbol": "AOK"
          },
          "AON": {
            "displayName": "nov kwanza angolan",
            "symbol": "AON"
          },
          "AOR": {
            "displayName": "kwanza angolan reajustado",
            "symbol": "AOR"
          },
          "ARA": {
            "displayName": "austral argentin",
            "symbol": "ARA"
          },
          "ARL": {
            "displayName": "peso argentin ley",
            "symbol": "ARL"
          },
          "ARM": {
            "displayName": "peso argentin moneda nacional",
            "symbol": "ARM"
          },
          "ARP": {
            "displayName": "peso argentin (1983–1985)",
            "symbol": "ARP"
          },
          "ARS": {
            "displayName": "peso argentin",
            "symbol": "ARS",
            "symbol-alt-narrow": "$"
          },
          "ATS": {
            "displayName": "schilling austriac",
            "symbol": "ATS"
          },
          "AUD": {
            "displayName": "dollar australian",
            "displayName-count-one": "dollar australian",
            "displayName-count-other": "dollar australian",
            "symbol": "A$",
            "symbol-alt-narrow": "$"
          },
          "AWG": {
            "displayName": "flurin da l’Aruba",
            "symbol": "AWG"
          },
          "AZM": {
            "displayName": "manat aserbaidschanic (1993–2006)",
            "symbol": "AZM"
          },
          "AZN": {
            "displayName": "manat aserbaidschanic",
            "symbol": "AZN"
          },
          "BAD": {
            "displayName": "dinar da la Bosnia ed Erzegovina",
            "symbol": "BAD"
          },
          "BAM": {
            "displayName": "marc convertibel bosniac",
            "symbol": "BAM",
            "symbol-alt-narrow": "KM"
          },
          "BAN": {
            "displayName": "nov dinar da la Bosnia ed Erzegovina",
            "symbol": "BAN"
          },
          "BBD": {
            "displayName": "dollar da Barbados",
            "symbol": "BBD",
            "symbol-alt-narrow": "$"
          },
          "BDT": {
            "displayName": "taka bangladais",
            "symbol": "BDT",
            "symbol-alt-narrow": "৳"
          },
          "BEC": {
            "displayName": "franc beltg (convertibel)",
            "symbol": "BEC"
          },
          "BEF": {
            "displayName": "franc beltg",
            "symbol": "BEF"
          },
          "BEL": {
            "displayName": "franc beltg (finanzial)",
            "symbol": "BEL"
          },
          "BGL": {
            "displayName": "lev bulgar",
            "symbol": "BGL"
          },
          "BGM": {
            "displayName": "lev bulgar socialistic",
            "symbol": "BGM"
          },
          "BGN": {
            "displayName": "nov lev bulgar",
            "symbol": "BGN"
          },
          "BGO": {
            "displayName": "vegl lev bulgar",
            "symbol": "BGO"
          },
          "BHD": {
            "displayName": "dinar dal Bahrain",
            "symbol": "BHD"
          },
          "BIF": {
            "displayName": "franc dal Burundi",
            "symbol": "BIF"
          },
          "BMD": {
            "displayName": "dollar da las Bermudas",
            "symbol": "BMD",
            "symbol-alt-narrow": "$"
          },
          "BND": {
            "displayName": "dollar dal Brunei",
            "symbol": "BND",
            "symbol-alt-narrow": "$"
          },
          "BOB": {
            "displayName": "boliviano",
            "symbol": "BOB",
            "symbol-alt-narrow": "Bs"
          },
          "BOL": {
            "displayName": "vegl boliviano",
            "symbol": "BOL"
          },
          "BOP": {
            "displayName": "peso bolivian",
            "symbol": "BOP"
          },
          "BOV": {
            "displayName": "mvdol bolivian",
            "symbol": "BOV"
          },
          "BRB": {
            "displayName": "cruzeiro novo brasilian (1967–1986)",
            "symbol": "BRB"
          },
          "BRC": {
            "displayName": "cruzado brasilian",
            "symbol": "BRC"
          },
          "BRE": {
            "displayName": "cruzeiro brasilian (1990–1993)",
            "symbol": "BRE"
          },
          "BRL": {
            "displayName": "real brasilian",
            "symbol": "R$",
            "symbol-alt-narrow": "R$"
          },
          "BRN": {
            "displayName": "cruzado novo brasilian",
            "symbol": "BRN"
          },
          "BRR": {
            "displayName": "cruzeiro brasilian",
            "symbol": "BRR"
          },
          "BRZ": {
            "displayName": "vegl cruzeiro brasilian",
            "symbol": "BRZ"
          },
          "BSD": {
            "displayName": "dollar da las Bahamas",
            "symbol": "BSD",
            "symbol-alt-narrow": "$"
          },
          "BTN": {
            "displayName": "ngultrum butanais",
            "symbol": "BTN"
          },
          "BUK": {
            "displayName": "Kyat burmais",
            "symbol": "BUK"
          },
          "BWP": {
            "displayName": "pula da la Botswana",
            "symbol": "BWP",
            "symbol-alt-narrow": "P"
          },
          "BYB": {
            "displayName": "nov rubel bieloruss (1994–1999)",
            "symbol": "BYB"
          },
          "BYR": {
            "displayName": "rubel bieloruss",
            "symbol": "BYR",
            "symbol-alt-narrow": "р."
          },
          "BZD": {
            "displayName": "dollar dal Belize",
            "symbol": "BZD",
            "symbol-alt-narrow": "$"
          },
          "CAD": {
            "displayName": "dollar canadais",
            "displayName-count-one": "dollar canadais",
            "displayName-count-other": "dollar canadais",
            "symbol": "CA$",
            "symbol-alt-narrow": "$"
          },
          "CDF": {
            "displayName": "franc congolais",
            "symbol": "CDF"
          },
          "CHE": {
            "displayName": "euro WIR",
            "symbol": "CHE"
          },
          "CHF": {
            "displayName": "franc svizzer",
            "displayName-count-one": "franc svizzer",
            "displayName-count-other": "franc svizzer",
            "symbol": "CHF"
          },
          "CHW": {
            "displayName": "franc WIR",
            "symbol": "CHW"
          },
          "CLE": {
            "displayName": "escudo chilen",
            "symbol": "CLE"
          },
          "CLF": {
            "displayName": "unidades de fomento chilenas",
            "symbol": "CLF"
          },
          "CLP": {
            "displayName": "peso chilen",
            "symbol": "CLP",
            "symbol-alt-narrow": "$"
          },
          "CNY": {
            "displayName": "yuan renminbi chinais",
            "symbol": "CN¥",
            "symbol-alt-narrow": "¥"
          },
          "COP": {
            "displayName": "peso columbian",
            "symbol": "COP",
            "symbol-alt-narrow": "$"
          },
          "COU": {
            "displayName": "unidad de valor real",
            "symbol": "COU"
          },
          "CRC": {
            "displayName": "colon da la Costa Rica",
            "symbol": "CRC",
            "symbol-alt-narrow": "₡"
          },
          "CSD": {
            "displayName": "vegl dinar serb",
            "symbol": "CSD"
          },
          "CSK": {
            "displayName": "cruna tschecoslovaca",
            "symbol": "CSK"
          },
          "CUC": {
            "displayName": "CUC",
            "symbol": "CUC",
            "symbol-alt-narrow": "$"
          },
          "CUP": {
            "displayName": "peso cuban",
            "symbol": "CUP",
            "symbol-alt-narrow": "$"
          },
          "CVE": {
            "displayName": "escudo dal Cap Verd",
            "symbol": "CVE"
          },
          "CYP": {
            "displayName": "glivra cipriota",
            "symbol": "CYP"
          },
          "CZK": {
            "displayName": "cruna tscheca",
            "symbol": "CZK",
            "symbol-alt-narrow": "Kč"
          },
          "DDM": {
            "displayName": "marc da la Germania da l’Ost",
            "symbol": "DDM"
          },
          "DEM": {
            "displayName": "marc tudestg",
            "symbol": "DEM"
          },
          "DJF": {
            "displayName": "franc dal Dschibuti",
            "symbol": "DJF"
          },
          "DKK": {
            "displayName": "cruna danaisa",
            "displayName-count-one": "cruna danaisa",
            "displayName-count-other": "cruna danaisa",
            "symbol": "DKK",
            "symbol-alt-narrow": "kr"
          },
          "DOP": {
            "displayName": "peso dominican",
            "symbol": "DOP",
            "symbol-alt-narrow": "$"
          },
          "DZD": {
            "displayName": "dinar algerian",
            "symbol": "DZD"
          },
          "ECS": {
            "displayName": "sucre equadorian",
            "symbol": "ECS"
          },
          "ECV": {
            "displayName": "unitad da scuntrada da l’Ecuador",
            "symbol": "ECV"
          },
          "EEK": {
            "displayName": "cruna estona",
            "displayName-count-one": "cruna estona",
            "displayName-count-other": "cruna estona",
            "symbol": "EEK"
          },
          "EGP": {
            "displayName": "glivra egipziana",
            "symbol": "EGP",
            "symbol-alt-narrow": "E£"
          },
          "ERN": {
            "displayName": "nakfa eritreic",
            "symbol": "ERN"
          },
          "ESA": {
            "displayName": "peseta spagnola (conto A)",
            "symbol": "ESA"
          },
          "ESB": {
            "displayName": "peseta spagnola (conto convertibel)",
            "symbol": "ESB"
          },
          "ESP": {
            "displayName": "peseta spagnola",
            "symbol": "ESP",
            "symbol-alt-narrow": "₧"
          },
          "ETB": {
            "displayName": "birr etiopic",
            "symbol": "ETB"
          },
          "EUR": {
            "displayName": "euro",
            "displayName-count-one": "euro",
            "displayName-count-other": "euro",
            "symbol": "€",
            "symbol-alt-narrow": "€"
          },
          "FIM": {
            "displayName": "marc finlandais",
            "displayName-count-one": "marc finlandais",
            "displayName-count-other": "marc finlandais",
            "symbol": "FIM"
          },
          "FJD": {
            "displayName": "dollar dal Fidschi",
            "symbol": "FJD",
            "symbol-alt-narrow": "$"
          },
          "FKP": {
            "displayName": "glivra dal Falkland",
            "symbol": "FKP",
            "symbol-alt-narrow": "£"
          },
          "FRF": {
            "displayName": "franc franzos",
            "symbol": "FRF"
          },
          "GBP": {
            "displayName": "glivra sterlina",
            "displayName-count-one": "glivra sterlina",
            "displayName-count-other": "glivra sterlina",
            "symbol": "£",
            "symbol-alt-narrow": "£"
          },
          "GEK": {
            "displayName": "kupon larit georgian",
            "symbol": "GEK"
          },
          "GEL": {
            "displayName": "lari georgian",
            "symbol": "GEL",
            "symbol-alt-narrow": "₾"
          },
          "GHC": {
            "displayName": "cedi ghanais (1979–2007)",
            "symbol": "GHC"
          },
          "GHS": {
            "displayName": "cedi ghanais",
            "symbol": "GHS"
          },
          "GIP": {
            "displayName": "glivra da Gibraltar",
            "symbol": "GIP",
            "symbol-alt-narrow": "£"
          },
          "GMD": {
            "displayName": "dalasi gambic",
            "symbol": "GMD"
          },
          "GNF": {
            "displayName": "franc da la Guinea",
            "symbol": "GNF",
            "symbol-alt-narrow": "FG"
          },
          "GNS": {
            "displayName": "syli da la Guinea",
            "symbol": "GNS"
          },
          "GQE": {
            "displayName": "ekwele da la Guinea Equatoriala",
            "symbol": "GQE"
          },
          "GRD": {
            "displayName": "drachma greca",
            "symbol": "GRD"
          },
          "GTQ": {
            "displayName": "quetzal da la Guatemala",
            "symbol": "GTQ",
            "symbol-alt-narrow": "Q"
          },
          "GWE": {
            "displayName": "escudo da la Guinea Portugaisa",
            "symbol": "GWE"
          },
          "GWP": {
            "displayName": "peso da la Guinea-Bissau",
            "symbol": "GWP"
          },
          "GYD": {
            "displayName": "dollar da la Guyana",
            "symbol": "GYD",
            "symbol-alt-narrow": "$"
          },
          "HKD": {
            "displayName": "dollar da Hongkong",
            "symbol": "HK$",
            "symbol-alt-narrow": "$"
          },
          "HNL": {
            "displayName": "lempira hondurian",
            "displayName-count-one": "lempira hondurian",
            "displayName-count-other": "lempira hondurian",
            "symbol": "HNL",
            "symbol-alt-narrow": "L"
          },
          "HRD": {
            "displayName": "dinar croat",
            "symbol": "HRD"
          },
          "HRK": {
            "displayName": "kuna croata",
            "symbol": "HRK",
            "symbol-alt-narrow": "kn"
          },
          "HTG": {
            "displayName": "gourde haitian",
            "symbol": "HTG"
          },
          "HUF": {
            "displayName": "forint ungarais",
            "symbol": "HUF",
            "symbol-alt-narrow": "Ft"
          },
          "IDR": {
            "displayName": "rupia indonaisa",
            "symbol": "IDR",
            "symbol-alt-narrow": "Rp"
          },
          "IEP": {
            "displayName": "glivra indonaisa",
            "displayName-count-one": "glivra indonaisa",
            "displayName-count-other": "glivra indonaisa",
            "symbol": "IEP"
          },
          "ILP": {
            "displayName": "glivra israeliana",
            "symbol": "ILP"
          },
          "ILR": {
            "displayName": "vegl sheqel israelian"
          },
          "ILS": {
            "displayName": "sheqel",
            "symbol": "₪",
            "symbol-alt-narrow": "₪"
          },
          "INR": {
            "displayName": "rupia indica",
            "symbol": "₹",
            "symbol-alt-narrow": "₹"
          },
          "IQD": {
            "displayName": "dinar iracais",
            "symbol": "IQD"
          },
          "IRR": {
            "displayName": "rial iranais",
            "symbol": "IRR"
          },
          "ISJ": {
            "displayName": "veglia cruna islandaisa",
            "displayName-count-one": "veglia cruna islandaisa",
            "displayName-count-other": "veglia cruna islandaisa"
          },
          "ISK": {
            "displayName": "cruna islandaisa",
            "displayName-count-one": "cruna islandaisa",
            "displayName-count-other": "cruna islandaisa",
            "symbol": "ISK",
            "symbol-alt-narrow": "kr"
          },
          "ITL": {
            "displayName": "lira taliana",
            "symbol": "ITL"
          },
          "JMD": {
            "displayName": "dollar giamaican",
            "displayName-count-one": "dollar giamaican",
            "displayName-count-other": "dollar giamaican",
            "symbol": "JMD",
            "symbol-alt-narrow": "$"
          },
          "JOD": {
            "displayName": "dinar jordanic",
            "symbol": "JOD"
          },
          "JPY": {
            "displayName": "yen giapunais",
            "symbol": "JP¥",
            "symbol-alt-narrow": "¥"
          },
          "KES": {
            "displayName": "schilling kenian",
            "symbol": "KES"
          },
          "KGS": {
            "displayName": "som kirghis",
            "symbol": "KGS"
          },
          "KHR": {
            "displayName": "riel cambodschan",
            "symbol": "KHR",
            "symbol-alt-narrow": "៛"
          },
          "KMF": {
            "displayName": "franc comorian",
            "symbol": "KMF",
            "symbol-alt-narrow": "CF"
          },
          "KPW": {
            "displayName": "won da la Corea dal Nord",
            "symbol": "KPW",
            "symbol-alt-narrow": "₩"
          },
          "KRH": {
            "displayName": "hwan da la Corea dal Sid",
            "symbol": "KRH"
          },
          "KRO": {
            "displayName": "vegl won da la Corea dal Sid",
            "symbol": "KRO"
          },
          "KRW": {
            "displayName": "won da la Corea dal Sid",
            "symbol": "₩",
            "symbol-alt-narrow": "₩"
          },
          "KWD": {
            "displayName": "dinar dal Kuwait",
            "symbol": "KWD"
          },
          "KYD": {
            "displayName": "dollar da las Inslas Cayman",
            "displayName-count-one": "dollar da las Inslas Cayman",
            "displayName-count-other": "dollar da las Inslas Cayman",
            "symbol": "KYD",
            "symbol-alt-narrow": "$"
          },
          "KZT": {
            "displayName": "tenge casac",
            "symbol": "KZT",
            "symbol-alt-narrow": "₸"
          },
          "LAK": {
            "displayName": "kip laot",
            "symbol": "LAK",
            "symbol-alt-narrow": "₭"
          },
          "LBP": {
            "displayName": "glivra libanaisa",
            "symbol": "LBP",
            "symbol-alt-narrow": "L£"
          },
          "LKR": {
            "displayName": "rupia da la Sri Lanka",
            "symbol": "LKR",
            "symbol-alt-narrow": "Rs"
          },
          "LRD": {
            "displayName": "dollar liberian",
            "symbol": "LRD",
            "symbol-alt-narrow": "$"
          },
          "LSL": {
            "displayName": "loti dal Lesotho",
            "symbol": "LSL"
          },
          "LTL": {
            "displayName": "litas lituan",
            "symbol": "LTL",
            "symbol-alt-narrow": "Lt"
          },
          "LTT": {
            "displayName": "talonas lituan",
            "symbol": "LTT"
          },
          "LUC": {
            "displayName": "franc convertibel luxemburgais",
            "symbol": "LUC"
          },
          "LUF": {
            "displayName": "franc luxemburgais",
            "symbol": "LUF"
          },
          "LUL": {
            "displayName": "franc finanzial luxemburgais",
            "symbol": "LUL"
          },
          "LVL": {
            "displayName": "lats letton",
            "symbol": "LVL",
            "symbol-alt-narrow": "Ls"
          },
          "LVR": {
            "displayName": "rubel letton",
            "symbol": "LVR"
          },
          "LYD": {
            "displayName": "dinar libic",
            "symbol": "LYD"
          },
          "MAD": {
            "displayName": "dirham marocan",
            "symbol": "MAD"
          },
          "MAF": {
            "displayName": "franc marocan",
            "symbol": "MAF"
          },
          "MCF": {
            "displayName": "franc monegas",
            "symbol": "MCF"
          },
          "MDC": {
            "displayName": "cupon moldav",
            "symbol": "MDC"
          },
          "MDL": {
            "displayName": "leu moldav",
            "symbol": "MDL"
          },
          "MGA": {
            "displayName": "ariary madagasc",
            "symbol": "MGA",
            "symbol-alt-narrow": "Ar"
          },
          "MGF": {
            "displayName": "franc madagasc",
            "symbol": "MGF"
          },
          "MKD": {
            "displayName": "dinar da la Macedonia",
            "symbol": "MKD"
          },
          "MKN": {
            "displayName": "vegl dinar macedon",
            "symbol": "MKN"
          },
          "MLF": {
            "displayName": "franc dal Mali",
            "symbol": "MLF"
          },
          "MMK": {
            "displayName": "Kyat dal Myanmar",
            "symbol": "MMK",
            "symbol-alt-narrow": "K"
          },
          "MNT": {
            "displayName": "tugrik mongolic",
            "symbol": "MNT",
            "symbol-alt-narrow": "₮"
          },
          "MOP": {
            "displayName": "pataca dal Macao",
            "symbol": "MOP"
          },
          "MRO": {
            "displayName": "ouguiya da la Mauretania",
            "symbol": "MRO"
          },
          "MTL": {
            "displayName": "lira maltaisa",
            "symbol": "MTL"
          },
          "MTP": {
            "displayName": "glivra maltaisa",
            "symbol": "MTP"
          },
          "MUR": {
            "displayName": "rupia dal Mauritius",
            "symbol": "MUR",
            "symbol-alt-narrow": "Rs"
          },
          "MVP": {
            "displayName": "rupia da las Maledivas"
          },
          "MVR": {
            "displayName": "rufiyaa da las Maledivas",
            "symbol": "MVR"
          },
          "MWK": {
            "displayName": "kwacha dal Malawi",
            "symbol": "MWK"
          },
          "MXN": {
            "displayName": "peso mexican",
            "displayName-count-one": "peso mexican",
            "displayName-count-other": "peso mexican",
            "symbol": "MX$",
            "symbol-alt-narrow": "$"
          },
          "MXP": {
            "displayName": "peso d’argient mexican (1861–1992)",
            "symbol": "MXP"
          },
          "MXV": {
            "displayName": "unidad de inversion mexicana (UDI)",
            "symbol": "MXV"
          },
          "MYR": {
            "displayName": "ringgit da la Malaisia",
            "symbol": "MYR",
            "symbol-alt-narrow": "RM"
          },
          "MZE": {
            "displayName": "escudo dal mozambican",
            "symbol": "MZE"
          },
          "MZM": {
            "displayName": "vegl metical mozambican",
            "symbol": "MZM"
          },
          "MZN": {
            "displayName": "metical dal mozambican",
            "symbol": "MZN"
          },
          "NAD": {
            "displayName": "dollar namibian",
            "symbol": "NAD",
            "symbol-alt-narrow": "$"
          },
          "NGN": {
            "displayName": "naira nigeriana",
            "symbol": "NGN",
            "symbol-alt-narrow": "₦"
          },
          "NIC": {
            "displayName": "cordoba nicaraguan",
            "symbol": "NIC"
          },
          "NIO": {
            "displayName": "cordoba oro nicaraguan",
            "symbol": "NIO",
            "symbol-alt-narrow": "C$"
          },
          "NLG": {
            "displayName": "flurin ollandais",
            "symbol": "NLG"
          },
          "NOK": {
            "displayName": "cruna norvegiaisa",
            "displayName-count-one": "cruna norvegiaisa",
            "displayName-count-other": "cruna norvegiaisa",
            "symbol": "NOK",
            "symbol-alt-narrow": "kr"
          },
          "NPR": {
            "displayName": "rupia nepalaisa",
            "symbol": "NPR",
            "symbol-alt-narrow": "Rs"
          },
          "NZD": {
            "displayName": "dollar da la Nova Zelanda",
            "symbol": "NZ$",
            "symbol-alt-narrow": "$"
          },
          "OMR": {
            "displayName": "rial da l’Oman",
            "symbol": "OMR"
          },
          "PAB": {
            "displayName": "balboa dal Panama",
            "symbol": "PAB"
          },
          "PEI": {
            "displayName": "inti peruan",
            "symbol": "PEI"
          },
          "PEN": {
            "displayName": "nov sol peruan",
            "symbol": "PEN"
          },
          "PES": {
            "displayName": "sol peruan",
            "symbol": "PES"
          },
          "PGK": {
            "displayName": "kina da la Papua Nova Guinea",
            "symbol": "PGK"
          },
          "PHP": {
            "displayName": "peso filippin",
            "symbol": "PHP",
            "symbol-alt-narrow": "₱"
          },
          "PKR": {
            "displayName": "rupia pakistana",
            "symbol": "PKR",
            "symbol-alt-narrow": "Rs"
          },
          "PLN": {
            "displayName": "zloty polac",
            "displayName-count-one": "zloty polac",
            "displayName-count-other": "zloty polac",
            "symbol": "PLN",
            "symbol-alt-narrow": "zł"
          },
          "PLZ": {
            "displayName": "zloty polac (1950–1995)",
            "displayName-count-one": "zloty polac (1950–1995)",
            "displayName-count-other": "zloty polac (1950–1995)",
            "symbol": "PLZ"
          },
          "PTE": {
            "displayName": "escudo portugais",
            "symbol": "PTE"
          },
          "PYG": {
            "displayName": "guarani paraguaian",
            "symbol": "PYG",
            "symbol-alt-narrow": "₲"
          },
          "QAR": {
            "displayName": "riyal da Katar",
            "symbol": "QAR"
          },
          "RHD": {
            "displayName": "dollar rodesian",
            "symbol": "RHD"
          },
          "ROL": {
            "displayName": "vegl leu rumen",
            "symbol": "ROL"
          },
          "RON": {
            "displayName": "leu rumen",
            "symbol": "RON"
          },
          "RSD": {
            "displayName": "dinar serb",
            "symbol": "RSD"
          },
          "RUB": {
            "displayName": "rubel russ (nov)",
            "displayName-count-one": "rubel russ (nov)",
            "displayName-count-other": "rubel russ (nov)",
            "symbol": "RUB",
            "symbol-alt-narrow": "₽"
          },
          "RUR": {
            "displayName": "rubel russ (vegl)",
            "displayName-count-one": "rubel russ (vegl)",
            "displayName-count-other": "rubel russ (vegl)",
            "symbol": "RUR",
            "symbol-alt-narrow": "р."
          },
          "RWF": {
            "displayName": "franc ruandais",
            "symbol": "RWF",
            "symbol-alt-narrow": "RF"
          },
          "SAR": {
            "displayName": "riyal saudit",
            "displayName-count-one": "riyal saudit",
            "displayName-count-other": "riyal saudit",
            "symbol": "SAR"
          },
          "SBD": {
            "displayName": "dollar da las Salomonas",
            "symbol": "SBD",
            "symbol-alt-narrow": "$"
          },
          "SCR": {
            "displayName": "rupia da las Seychellas",
            "symbol": "SCR"
          },
          "SDD": {
            "displayName": "dinar sudanais",
            "symbol": "SDD"
          },
          "SDG": {
            "displayName": "glivra sudanaisa",
            "symbol": "SDG"
          },
          "SDP": {
            "displayName": "glivra sudanaisa (1956–2007)",
            "symbol": "SDP"
          },
          "SEK": {
            "displayName": "cruna svedaisa",
            "displayName-count-one": "cruna svedaisa",
            "displayName-count-other": "cruna svedaisa",
            "symbol": "SEK",
            "symbol-alt-narrow": "kr"
          },
          "SGD": {
            "displayName": "dollar dal Singapur",
            "symbol": "SGD",
            "symbol-alt-narrow": "$"
          },
          "SHP": {
            "displayName": "glivra da Sontg’Elena",
            "symbol": "SHP",
            "symbol-alt-narrow": "£"
          },
          "SIT": {
            "displayName": "tolar sloven",
            "symbol": "SIT"
          },
          "SKK": {
            "displayName": "cruna slovaca",
            "symbol": "SKK"
          },
          "SLL": {
            "displayName": "leone da la Sierra Leone",
            "symbol": "SLL"
          },
          "SOS": {
            "displayName": "schilling somalian",
            "symbol": "SOS"
          },
          "SRD": {
            "displayName": "dollar surinam",
            "symbol": "SRD",
            "symbol-alt-narrow": "$"
          },
          "SRG": {
            "displayName": "flurin surinam",
            "symbol": "SRG"
          },
          "SSP": {
            "displayName": "SSP",
            "symbol": "SSP",
            "symbol-alt-narrow": "£"
          },
          "STD": {
            "displayName": "dobra da São Tomé e Principe",
            "symbol": "STD",
            "symbol-alt-narrow": "Db"
          },
          "SUR": {
            "displayName": "rubel sovietic",
            "symbol": "SUR"
          },
          "SVC": {
            "displayName": "colon da l’El Salvador",
            "symbol": "SVC"
          },
          "SYP": {
            "displayName": "glivra siriana",
            "symbol": "SYP",
            "symbol-alt-narrow": "£"
          },
          "SZL": {
            "displayName": "lilangeni dal Swaziland",
            "symbol": "SZL"
          },
          "THB": {
            "displayName": "baht tailandais",
            "symbol": "THB",
            "symbol-alt-narrow": "฿"
          },
          "TJR": {
            "displayName": "rubel dal Tadschikistan",
            "symbol": "TJR"
          },
          "TJS": {
            "displayName": "somoni dal Tadschikistan",
            "symbol": "TJS"
          },
          "TMM": {
            "displayName": "manat turkmen",
            "symbol": "TMM"
          },
          "TMT": {
            "displayName": "TMT",
            "symbol": "TMT"
          },
          "TND": {
            "displayName": "dinar tunesian",
            "symbol": "TND"
          },
          "TOP": {
            "displayName": "pa’anga da Tonga",
            "symbol": "TOP",
            "symbol-alt-narrow": "T$"
          },
          "TPE": {
            "displayName": "escudo da Timor",
            "symbol": "TPE"
          },
          "TRL": {
            "displayName": "lira tirca",
            "symbol": "TRL"
          },
          "TRY": {
            "displayName": "nova lira tirca",
            "displayName-count-one": "nova lira tirca",
            "displayName-count-other": "nova lira tirca",
            "symbol": "TRY",
            "symbol-alt-narrow": "₺",
            "symbol-alt-variant": "TL"
          },
          "TTD": {
            "displayName": "dollar da Trinidad e Tobago",
            "symbol": "TTD",
            "symbol-alt-narrow": "$"
          },
          "TWD": {
            "displayName": "nov dollar taiwanais",
            "symbol": "NT$",
            "symbol-alt-narrow": "$"
          },
          "TZS": {
            "displayName": "schilling tansanian",
            "symbol": "TZS"
          },
          "UAH": {
            "displayName": "hryvnia ucranais",
            "symbol": "UAH",
            "symbol-alt-narrow": "₴"
          },
          "UAK": {
            "displayName": "karbovanetz ucranais",
            "symbol": "UAK"
          },
          "UGS": {
            "displayName": "schilling ucranais",
            "symbol": "UGS"
          },
          "UGX": {
            "displayName": "schilling ugandais",
            "symbol": "UGX"
          },
          "USD": {
            "displayName": "dollar dals Stadis Unids da l’America",
            "displayName-count-one": "dollar dals Stadis Unids da l’America",
            "displayName-count-other": "dollar dals Stadis Unids da l’America",
            "symbol": "US$",
            "symbol-alt-narrow": "$"
          },
          "USN": {
            "displayName": "dollar dals Stadis Unids da l’America (proxim di)",
            "symbol": "USN"
          },
          "USS": {
            "displayName": "dollar dals Stadis Unids da l’America (medem di)",
            "symbol": "USS"
          },
          "UYI": {
            "displayName": "peso da l’Uruguay (unidades indexadas)",
            "symbol": "UYI"
          },
          "UYP": {
            "displayName": "nov peso da l’Uruguay (1975–1993)",
            "symbol": "UYP"
          },
          "UYU": {
            "displayName": "peso da l’Uruguay",
            "symbol": "UYU",
            "symbol-alt-narrow": "$"
          },
          "UZS": {
            "displayName": "sum usbec",
            "symbol": "UZS"
          },
          "VEB": {
            "displayName": "bolivar venezuelan (1871–2008)",
            "symbol": "VEB"
          },
          "VEF": {
            "displayName": "bolivar venezuelan",
            "symbol": "VEF",
            "symbol-alt-narrow": "Bs"
          },
          "VND": {
            "displayName": "dong vietnamais",
            "symbol": "₫",
            "symbol-alt-narrow": "₫"
          },
          "VNN": {
            "displayName": "vegl dong vietnamais",
            "symbol": "VNN"
          },
          "VUV": {
            "displayName": "vatu dal Vanuatu",
            "symbol": "VUV"
          },
          "WST": {
            "displayName": "tala da la Samoa",
            "symbol": "WST"
          },
          "XAF": {
            "displayName": "franc CFA BEAC",
            "symbol": "FCFA"
          },
          "XAG": {
            "displayName": "argient",
            "symbol": "XAG"
          },
          "XAU": {
            "displayName": "aur",
            "symbol": "XAU"
          },
          "XBA": {
            "displayName": "unitad europeica cumponida",
            "symbol": "XBA"
          },
          "XBB": {
            "displayName": "XBB",
            "symbol": "XBB"
          },
          "XBC": {
            "displayName": "unitad dal quint europeica (XBC)",
            "symbol": "XBC"
          },
          "XBD": {
            "displayName": "unitad dal quint europeica (XBD)",
            "symbol": "XBD"
          },
          "XCD": {
            "displayName": "dollar da la Caribica Orientala",
            "displayName-count-one": "dollar da la Caribica Orientala",
            "displayName-count-other": "dollar da la Caribica Orientala",
            "symbol": "EC$",
            "symbol-alt-narrow": "$"
          },
          "XDR": {
            "displayName": "dretgs da prelevaziun spezials",
            "symbol": "XDR"
          },
          "XEU": {
            "displayName": "XEU",
            "symbol": "XEU"
          },
          "XFO": {
            "displayName": "franc d’aur franzos",
            "symbol": "XFO"
          },
          "XFU": {
            "displayName": "franc UIC franzos",
            "symbol": "XFU"
          },
          "XOF": {
            "displayName": "franc CFA BCEAO",
            "symbol": "CFA"
          },
          "XPD": {
            "displayName": "palladi",
            "symbol": "XPD"
          },
          "XPF": {
            "displayName": "franc CFP",
            "symbol": "CFPF"
          },
          "XPT": {
            "displayName": "platin",
            "symbol": "XPT"
          },
          "XRE": {
            "displayName": "fonds RINET",
            "symbol": "XRE"
          },
          "XSU": {
            "displayName": "XSU",
            "symbol": "XSU"
          },
          "XTS": {
            "displayName": "code per verifitgar la valuta",
            "symbol": "XTS"
          },
          "XUA": {
            "displayName": "XUA",
            "symbol": "XUA"
          },
          "XXX": {
            "displayName": "valuta nunenconuschenta",
            "displayName-count-one": "valuta nunenconuschenta",
            "displayName-count-other": "valuta nunenconuschenta",
            "symbol": "XXX"
          },
          "YDD": {
            "displayName": "dinar dal Jemen",
            "symbol": "YDD"
          },
          "YER": {
            "displayName": "rial dal Jemen",
            "symbol": "YER"
          },
          "YUD": {
            "displayName": "dinar jugoslav (1966–1990)",
            "symbol": "YUD"
          },
          "YUM": {
            "displayName": "nov dinar jugoslav",
            "symbol": "YUM"
          },
          "YUN": {
            "displayName": "dinar jugoslav convertibel",
            "symbol": "YUN"
          },
          "YUR": {
            "displayName": "dinar jugoslav refurmà",
            "symbol": "YUR"
          },
          "ZAL": {
            "displayName": "rand sidafrican (finanzial)",
            "symbol": "ZAL"
          },
          "ZAR": {
            "displayName": "rand sidafrican",
            "symbol": "ZAR",
            "symbol-alt-narrow": "R"
          },
          "ZMK": {
            "displayName": "kwacha da la sambia (1968–2012)",
            "symbol": "ZMK"
          },
          "ZMW": {
            "displayName": "kwacha da la sambia",
            "symbol": "ZMW",
            "symbol-alt-narrow": "ZK"
          },
          "ZRN": {
            "displayName": "nov zaire dal Zaire",
            "symbol": "ZRN"
          },
          "ZRZ": {
            "displayName": "zaire dal Zaire",
            "symbol": "ZRZ"
          },
          "ZWD": {
            "displayName": "dollar dal Simbabwe",
            "symbol": "ZWD"
          },
          "ZWL": {
            "displayName": "ZWL",
            "symbol": "ZWL"
          },
          "ZWR": {
            "displayName": "ZWR",
            "symbol": "ZWR"
          }
        }
      }
    }
  }
}
