{
  "main": {
    "ne": {
      "identity": {
        "version": {
          "_number": "$Revision: 12307 $",
          "_cldrVersion": "29"
        },
        "language": "ne"
      },
      "numbers": {
        "defaultNumberingSystem": "deva",
        "otherNumberingSystems": {
          "native": "deva"
        },
        "minimumGroupingDigits": "1",
        "symbols-numberSystem-deva": {
          "decimal": ".",
          "group": ",",
          "list": ";",
          "percentSign": "%",
          "plusSign": "+",
          "minusSign": "-",
          "exponential": "E",
          "superscriptingExponent": "×",
          "perMille": "‰",
          "infinity": "∞",
          "nan": "NaN",
          "timeSeparator": ":"
        },
        "symbols-numberSystem-latn": {
          "decimal": ".",
          "group": ",",
          "list": ";",
          "percentSign": "%",
          "plusSign": "+",
          "minusSign": "-",
          "exponential": "E",
          "superscriptingExponent": "×",
          "perMille": "‰",
          "infinity": "∞",
          "nan": "NaN",
          "timeSeparator": ":"
        },
        "decimalFormats-numberSystem-deva": {
          "standard": "#,##0.###",
          "long": {
            "decimalFormat": {
              "1000-count-one": "0 हजार",
              "1000-count-other": "0 हजार",
              "10000-count-one": "00 हजार",
              "10000-count-other": "00 हजार",
              "100000-count-one": "0 लाख",
              "100000-count-other": "0 लाख",
              "1000000-count-one": "0 करोड",
              "1000000-count-other": "0 करोड",
              "10000000-count-one": "00 करोड",
              "10000000-count-other": "00 करोड",
              "100000000-count-one": "000 करोड",
              "100000000-count-other": "000 करोड",
              "1000000000-count-one": "0 अर्ब",
              "1000000000-count-other": "0 अर्ब",
              "10000000000-count-one": "00 अर्ब",
              "10000000000-count-other": "00 अर्ब",
              "100000000000-count-one": "000 अरब",
              "100000000000-count-other": "000 अरब",
              "1000000000000-count-one": "0 खर्ब",
              "1000000000000-count-other": "0 खर्ब",
              "10000000000000-count-one": "0 शंख",
              "10000000000000-count-other": "0 शंख",
              "100000000000000-count-one": "00 शंख",
              "100000000000000-count-other": "00 शंख"
            }
          },
          "short": {
            "decimalFormat": {
              "1000-count-one": "0 हजार",
              "1000-count-other": "0 हजार",
              "10000-count-one": "00 हजार",
              "10000-count-other": "00 हजार",
              "100000-count-one": "0 लाख",
              "100000-count-other": "0 लाख",
              "1000000-count-one": "00 लाख",
              "1000000-count-other": "00 लाख",
              "10000000-count-one": "0 करोड",
              "10000000-count-other": "0 करोड",
              "100000000-count-one": "00 करोड",
              "100000000-count-other": "00 करोड",
              "1000000000-count-one": "0 अरब",
              "1000000000-count-other": "0 अरब",
              "10000000000-count-one": "00 अरब",
              "10000000000-count-other": "00 अरब",
              "100000000000-count-one": "0 खरब",
              "100000000000-count-other": "0 खरब",
              "1000000000000-count-one": "00 खरब",
              "1000000000000-count-other": "00 खरब",
              "10000000000000-count-one": "0 शंख",
              "10000000000000-count-other": "0 शंख",
              "100000000000000-count-one": "00 शंख",
              "100000000000000-count-other": "00 शंख"
            }
          }
        },
        "decimalFormats-numberSystem-latn": {
          "standard": "#,##0.###",
          "long": {
            "decimalFormat": {
              "1000-count-one": "0 हजार",
              "1000-count-other": "0 हजार",
              "10000-count-one": "00 हजार",
              "10000-count-other": "00 हजार",
              "100000-count-one": "0 लाख",
              "100000-count-other": "0 लाख",
              "1000000-count-one": "0 करोड",
              "1000000-count-other": "0 करोड",
              "10000000-count-one": "00 करोड",
              "10000000-count-other": "00 करोड",
              "100000000-count-one": "000 करोड",
              "100000000-count-other": "000 करोड",
              "1000000000-count-one": "0 अर्ब",
              "1000000000-count-other": "0 अर्ब",
              "10000000000-count-one": "00 अर्ब",
              "10000000000-count-other": "00 अर्ब",
              "100000000000-count-one": "000 अरब",
              "100000000000-count-other": "000 अरब",
              "1000000000000-count-one": "0 खर्ब",
              "1000000000000-count-other": "0 खर्ब",
              "10000000000000-count-one": "0 शंख",
              "10000000000000-count-other": "0 शंख",
              "100000000000000-count-one": "00 शंख",
              "100000000000000-count-other": "00 शंख"
            }
          },
          "short": {
            "decimalFormat": {
              "1000-count-one": "0 हजार",
              "1000-count-other": "0 हजार",
              "10000-count-one": "00 हजार",
              "10000-count-other": "00 हजार",
              "100000-count-one": "0 लाख",
              "100000-count-other": "0 लाख",
              "1000000-count-one": "00 लाख",
              "1000000-count-other": "00 लाख",
              "10000000-count-one": "0 करोड",
              "10000000-count-other": "0 करोड",
              "100000000-count-one": "00 करोड",
              "100000000-count-other": "00 करोड",
              "1000000000-count-one": "0 अरब",
              "1000000000-count-other": "0 अरब",
              "10000000000-count-one": "00 अरब",
              "10000000000-count-other": "00 अरब",
              "100000000000-count-one": "0 खरब",
              "100000000000-count-other": "0 खरब",
              "1000000000000-count-one": "00 खरब",
              "1000000000000-count-other": "00 खरब",
              "10000000000000-count-one": "0 शंख",
              "10000000000000-count-other": "0 शंख",
              "100000000000000-count-one": "00 शंख",
              "100000000000000-count-other": "00 शंख"
            }
          }
        },
        "scientificFormats-numberSystem-deva": {
          "standard": "#E0"
        },
        "scientificFormats-numberSystem-latn": {
          "standard": "#E0"
        },
        "percentFormats-numberSystem-deva": {
          "standard": "#,##0%"
        },
        "percentFormats-numberSystem-latn": {
          "standard": "#,##0%"
        },
        "currencyFormats-numberSystem-deva": {
          "currencySpacing": {
            "beforeCurrency": {
              "currencyMatch": "[:^S:]",
              "surroundingMatch": "[:digit:]",
              "insertBetween": " "
            },
            "afterCurrency": {
              "currencyMatch": "[:^S:]",
              "surroundingMatch": "[:digit:]",
              "insertBetween": " "
            }
          },
          "standard": "¤ #,##0.00",
          "accounting": "¤ #,##0.00",
          "short": {
            "standard": {
              "1000-count-one": "¤ 0 हजार",
              "1000-count-other": "¤ 0 हजार",
              "10000-count-one": "¤ 00 हजार",
              "10000-count-other": "¤ 00 हजार",
              "100000-count-one": "¤ 0 लाख",
              "100000-count-other": "¤ 0 लाख",
              "1000000-count-one": "¤ 00 लाख",
              "1000000-count-other": "¤ 00 लाख",
              "10000000-count-one": "¤ 0 करोड",
              "10000000-count-other": "¤ 0 करोड",
              "100000000-count-one": "¤ 00 करोड",
              "100000000-count-other": "¤ 00 करोड",
              "1000000000-count-one": "¤ 0 अरब",
              "1000000000-count-other": "¤ 0 अरब",
              "10000000000-count-one": "¤ 00 अरब",
              "10000000000-count-other": "¤ 00 अरब",
              "100000000000-count-one": "¤ 0 खरब",
              "100000000000-count-other": "¤ 0 खरब",
              "1000000000000-count-one": "¤ 00 खरब",
              "1000000000000-count-other": "¤ 00 खरब",
              "10000000000000-count-one": "¤ 0 शंख",
              "10000000000000-count-other": "¤ 0 शंख",
              "100000000000000-count-one": "¤ 00 शंख",
              "100000000000000-count-other": "¤ 00 शंख"
            }
          },
          "unitPattern-count-one": "{0} {1}",
          "unitPattern-count-other": "{0} {1}"
        },
        "currencyFormats-numberSystem-latn": {
          "currencySpacing": {
            "beforeCurrency": {
              "currencyMatch": "[:^S:]",
              "surroundingMatch": "[:digit:]",
              "insertBetween": " "
            },
            "afterCurrency": {
              "currencyMatch": "[:^S:]",
              "surroundingMatch": "[:digit:]",
              "insertBetween": " "
            }
          },
          "standard": "¤ #,##0.00",
          "accounting": "¤ #,##0.00",
          "short": {
            "standard": {
              "1000-count-one": "¤ 0 हजार",
              "1000-count-other": "¤ 0 हजार",
              "10000-count-one": "¤ 00 हजार",
              "10000-count-other": "¤ 00 हजार",
              "100000-count-one": "¤ 0 लाख",
              "100000-count-other": "¤ 0 लाख",
              "1000000-count-one": "¤ 00 लाख",
              "1000000-count-other": "¤ 00 लाख",
              "10000000-count-one": "¤ 0 करोड",
              "10000000-count-other": "¤ 0 करोड",
              "100000000-count-one": "¤ 00 करोड",
              "100000000-count-other": "¤ 00 करोड",
              "1000000000-count-one": "¤ 0 अरब",
              "1000000000-count-other": "¤ 0 अरब",
              "10000000000-count-one": "¤ 00 अरब",
              "10000000000-count-other": "¤ 00 अरब",
              "100000000000-count-one": "¤ 0 खरब",
              "100000000000-count-other": "¤ 0 खरब",
              "1000000000000-count-one": "¤ 00 खरब",
              "1000000000000-count-other": "¤ 00 खरब",
              "10000000000000-count-one": "¤ 0 शंख",
              "10000000000000-count-other": "¤ 0 शंख",
              "100000000000000-count-one": "¤ 00 शंख",
              "100000000000000-count-other": "¤ 00 शंख"
            }
          },
          "unitPattern-count-one": "{0} {1}",
          "unitPattern-count-other": "{0} {1}"
        },
        "miscPatterns-numberSystem-deva": {
          "atLeast": "{0}+",
          "range": "{0}–{1}"
        },
        "miscPatterns-numberSystem-latn": {
          "atLeast": "{0}+",
          "range": "{0}–{1}"
        }
      }
    }
  }
}
