{
  "main": {
    "my": {
      "identity": {
        "version": {
          "_number": "$Revision: 12384 $",
          "_cldrVersion": "29"
        },
        "language": "my"
      },
      "numbers": {
        "currencies": {
          "ADP": {
            "displayName": "ADP",
            "symbol": "ADP"
          },
          "AED": {
            "displayName": "အာရပ်ဒူဟမ်း",
            "displayName-count-other": "အာရပ်ဒူဟမ်း",
            "symbol": "AED"
          },
          "AFA": {
            "displayName": "AFA",
            "symbol": "AFA"
          },
          "AFN": {
            "displayName": "အာဖဂန်အာဖဂါနီ",
            "displayName-count-other": "အာဖဂန်အာဖဂါနီ",
            "symbol": "AFN"
          },
          "ALL": {
            "displayName": "အယ်လ်ဘီးနီးယားလီခ်",
            "displayName-count-other": "အယ်လ်ဘီးနီးယားလီခ်",
            "symbol": "ALL"
          },
          "AMD": {
            "displayName": "အာမေးနီးယားဒရမ်း",
            "displayName-count-other": "အာမေးနီးယားဒရမ်း",
            "symbol": "AMD"
          },
          "ANG": {
            "displayName": "နယ်သာလန် အန်တီလန် ဂင်းဒါး",
            "displayName-count-other": "နယ်သာလန် အန်တီလန် ဂင်းဒါး",
            "symbol": "ANG"
          },
          "AOA": {
            "displayName": "အင်ဂိုလာ ကန်ဇာ",
            "displayName-count-other": "အင်ဂိုလာ ကန်ဇာ",
            "symbol": "AOA",
            "symbol-alt-narrow": "Kz"
          },
          "AOK": {
            "displayName": "AOK",
            "symbol": "AOK"
          },
          "AON": {
            "displayName": "AON",
            "symbol": "AON"
          },
          "AOR": {
            "displayName": "AOR",
            "symbol": "AOR"
          },
          "ARA": {
            "displayName": "ARA",
            "symbol": "ARA"
          },
          "ARL": {
            "displayName": "ARL",
            "symbol": "ARL"
          },
          "ARM": {
            "displayName": "ARM",
            "symbol": "ARM"
          },
          "ARP": {
            "displayName": "အာဂျင်တီးနား ပီဆို (၁၉၈၃–၁၉၈၅)",
            "symbol": "ARP"
          },
          "ARS": {
            "displayName": "အာဂျင်တီးနား ပီဆို",
            "displayName-count-other": "အာဂျင်တီးနား ပီဆို",
            "symbol": "ARS",
            "symbol-alt-narrow": "$"
          },
          "ATS": {
            "displayName": "ATS",
            "symbol": "ATS"
          },
          "AUD": {
            "displayName": "ဩစတြေးလျ ဒေါ်လာ",
            "displayName-count-other": "ဩစတြေးလျ ဒေါ်လာ",
            "symbol": "A$",
            "symbol-alt-narrow": "$"
          },
          "AWG": {
            "displayName": "အရူဘန် ဂင်းဒါး",
            "displayName-count-other": "အရူဘန် ဂင်းဒါး",
            "symbol": "AWG"
          },
          "AZM": {
            "displayName": "AZM",
            "symbol": "AZM"
          },
          "AZN": {
            "displayName": "အဇာဘိုင်ဂျန်မာနတ်",
            "displayName-count-other": "အဇာဘိုင်ဂျန်မာနတ်",
            "symbol": "AZN"
          },
          "BAD": {
            "displayName": "BAD",
            "symbol": "BAD"
          },
          "BAM": {
            "displayName": "ဘော့စနီးယား နှင့် ဟာဇီဂိုဘီးနားမတ်က်",
            "displayName-count-other": "ဘော့စနီးယား နှင့် ဟာဇီဂိုဘီးနားမတ်က်",
            "symbol": "BAM",
            "symbol-alt-narrow": "KM"
          },
          "BAN": {
            "displayName": "BAN",
            "symbol": "BAN"
          },
          "BBD": {
            "displayName": "ဘာဘဒီယံဒေါ်လာ",
            "displayName-count-other": "ဘာဘဒီယံဒေါ်လာ",
            "symbol": "BBD",
            "symbol-alt-narrow": "$"
          },
          "BDT": {
            "displayName": "ဘင်္ဂလားဒေ့ရှ် တာကာ",
            "displayName-count-other": "ဘင်္ဂလားဒေ့ရှ် တာကာ",
            "symbol": "BDT",
            "symbol-alt-narrow": "৳"
          },
          "BEC": {
            "displayName": "BEC",
            "symbol": "BEC"
          },
          "BEF": {
            "displayName": "ဘယ်လ်ဂျီယမ် ဖရန့်",
            "symbol": "BEF"
          },
          "BEL": {
            "displayName": "BEL",
            "symbol": "BEL"
          },
          "BGL": {
            "displayName": "BGL",
            "symbol": "BGL"
          },
          "BGM": {
            "displayName": "BGM",
            "symbol": "BGM"
          },
          "BGN": {
            "displayName": "ဘူဂေးရီးယားလက်ဖ်",
            "displayName-count-other": "ဘူဂေးရီးယားလက်ဖ်",
            "symbol": "BGN"
          },
          "BGO": {
            "displayName": "BGO",
            "symbol": "BGO"
          },
          "BHD": {
            "displayName": "ဘာရိန်းဒီနား",
            "displayName-count-other": "ဘာရိန်းဒီနား",
            "symbol": "BHD"
          },
          "BIF": {
            "displayName": "ဘူရွန်ဒီ ဖရန့်",
            "displayName-count-other": "ဘူရွန်ဒီ ဖရန့်",
            "symbol": "BIF"
          },
          "BMD": {
            "displayName": "ဘာမူဒါ ဒေါ်လာ",
            "displayName-count-other": "ဘာမူဒါ ဒေါ်လာ",
            "symbol": "BMD",
            "symbol-alt-narrow": "$"
          },
          "BND": {
            "displayName": "ဘရူနိုင်း ဒေါ်လာ",
            "displayName-count-other": "ဘရူနိုင်း ဒေါ်လာ",
            "symbol": "BND",
            "symbol-alt-narrow": "$"
          },
          "BOB": {
            "displayName": "ဘိုလီဘီယံ ဘိုလီဘီအားနို",
            "displayName-count-other": "ဘိုလီဘီယံ ဘိုလီဘီအားနိုစ်",
            "symbol": "BOB",
            "symbol-alt-narrow": "Bs"
          },
          "BOL": {
            "displayName": "BOL",
            "symbol": "BOL"
          },
          "BOP": {
            "displayName": "ဘိုလီးဘီးယား ပီဆို",
            "symbol": "BOP"
          },
          "BOV": {
            "displayName": "BOV",
            "symbol": "BOV"
          },
          "BRB": {
            "displayName": "BRB",
            "symbol": "BRB"
          },
          "BRC": {
            "displayName": "BRC",
            "symbol": "BRC"
          },
          "BRE": {
            "displayName": "BRE",
            "symbol": "BRE"
          },
          "BRL": {
            "displayName": "ဘရာဇီး ရီးယဲ",
            "displayName-count-other": "ဘရာဇီး ရီးယဲ",
            "symbol": "R$",
            "symbol-alt-narrow": "R$"
          },
          "BRN": {
            "displayName": "BRN",
            "symbol": "BRN"
          },
          "BRR": {
            "displayName": "BRR",
            "symbol": "BRR"
          },
          "BRZ": {
            "displayName": "BRZ",
            "symbol": "BRZ"
          },
          "BSD": {
            "displayName": "ဘဟားမား ဒေါ်လာ",
            "displayName-count-other": "ဘဟားမား ဒေါ်လာ",
            "symbol": "BSD",
            "symbol-alt-narrow": "$"
          },
          "BTN": {
            "displayName": "ဘူတန်အံဂါလ်ထရန်",
            "displayName-count-other": "ဘူတန်အံဂါလ်ထရန်",
            "symbol": "BTN"
          },
          "BUK": {
            "displayName": "ဗမာ ကျပ်",
            "symbol": "BUK"
          },
          "BWP": {
            "displayName": "ဘော့စ်ဝါနာ ပုလ",
            "displayName-count-other": "ဘော့စ်ဝါနာ ပုလ",
            "symbol": "BWP",
            "symbol-alt-narrow": "P"
          },
          "BYB": {
            "displayName": "ဘီလာရုစ် ရူဘယ်အသစ် (၁၉၉၄–၁၉၉၉)",
            "symbol": "BYB"
          },
          "BYR": {
            "displayName": "ဘီလာရုစ် ရူဘယ်",
            "displayName-count-other": "ဘီလာရုစ် ရူဘယ်",
            "symbol": "BYR",
            "symbol-alt-narrow": "р."
          },
          "BZD": {
            "displayName": "ဘေလီဇ် ဒေါ်လာ",
            "displayName-count-other": "ဘေလီဇ် ဒေါ်လာ",
            "symbol": "BZD",
            "symbol-alt-narrow": "ဒေါ်လာ"
          },
          "CAD": {
            "displayName": "ကနေဒါ ဒေါ်လာ",
            "displayName-count-other": "ကနေဒါ ဒေါ်လာ",
            "symbol": "CA$",
            "symbol-alt-narrow": "$"
          },
          "CDF": {
            "displayName": "ကွန်ဂို ဖရန့်",
            "displayName-count-other": "ကွန်ဂို ဖရန့်",
            "symbol": "CDF"
          },
          "CHE": {
            "displayName": "CHE",
            "symbol": "CHE"
          },
          "CHF": {
            "displayName": "ဆွစ် ဖရန့်",
            "displayName-count-other": "ဆွစ် ဖရန့်",
            "symbol": "CHF"
          },
          "CHW": {
            "displayName": "CHW",
            "symbol": "CHW"
          },
          "CLE": {
            "displayName": "CLE",
            "symbol": "CLE"
          },
          "CLF": {
            "displayName": "CLF",
            "symbol": "CLF"
          },
          "CLP": {
            "displayName": "ချီလီ ပီဆို",
            "displayName-count-other": "ချီလီ ပီဆို",
            "symbol": "CLP",
            "symbol-alt-narrow": "$"
          },
          "CNY": {
            "displayName": "တရုတ် ယွမ်",
            "displayName-count-other": "တရုတ် ယွမ်",
            "symbol": "CN¥",
            "symbol-alt-narrow": "¥"
          },
          "COP": {
            "displayName": "ကိုလံဘီယာ ပီဆို",
            "displayName-count-other": "ကိုလံဘီယာ ပီဆို",
            "symbol": "COP",
            "symbol-alt-narrow": "$"
          },
          "COU": {
            "displayName": "COU",
            "symbol": "COU"
          },
          "CRC": {
            "displayName": "ကော့စ်တာရီကာ ခိုလုံး",
            "displayName-count-other": "ကော့စ်တာရီကာ ခိုလုံး",
            "symbol": "စီအာစီ",
            "symbol-alt-narrow": "₡"
          },
          "CSD": {
            "displayName": "CSD",
            "symbol": "CSD"
          },
          "CSK": {
            "displayName": "CSK",
            "symbol": "CSK"
          },
          "CUC": {
            "displayName": "နိုင်ငံခြားငွေလဲလှယ်နိုင်သော ကျူးဘားပီဆိုငွေ",
            "displayName-count-other": "နိုင်ငံခြားငွေလဲလှယ်နိုင်သော ကျူးဘားပီဆိုငွေ",
            "symbol": "CUC",
            "symbol-alt-narrow": "$"
          },
          "CUP": {
            "displayName": "ကျူးဘား ပီဆို",
            "displayName-count-other": "ကျူးဘား ပီဆို",
            "symbol": "CUP",
            "symbol-alt-narrow": "$"
          },
          "CVE": {
            "displayName": "ခေ့ပ်ဗာဒူ အက်စ်ခူဒို",
            "displayName-count-other": "ခေ့ပ်ဗာဒူ အက်စ်ခူဒို",
            "symbol": "CVE"
          },
          "CYP": {
            "displayName": "ဆိုက်ပရက်စ် ပေါင်",
            "symbol": "CYP"
          },
          "CZK": {
            "displayName": "ချက်ခိုရိုနာ",
            "displayName-count-other": "ချက်ခိုရိုနာ",
            "symbol": "CZK",
            "symbol-alt-narrow": "Kč"
          },
          "DDM": {
            "displayName": "DDM",
            "symbol": "DDM"
          },
          "DEM": {
            "displayName": "ဂျာမဏီ မတ်",
            "symbol": "DEM"
          },
          "DJF": {
            "displayName": "ဂျီဘူတီ ဖရန့်",
            "displayName-count-other": "ဂျီဘူတီ ဖရန့်",
            "symbol": "DJF"
          },
          "DKK": {
            "displayName": "ဒိန်းမတ်ခရိုဏာ",
            "displayName-count-other": "ဒိန်းမတ် ခရိုဏာ",
            "symbol": "DKK",
            "symbol-alt-narrow": "kr"
          },
          "DOP": {
            "displayName": "ဒိုမီနီကန် ပီဆို",
            "displayName-count-other": "ဒိုမီနီကန် ပီဆို",
            "symbol": "DOP",
            "symbol-alt-narrow": "$"
          },
          "DZD": {
            "displayName": "အဲလ်ဂျီရီယန် ဒီနာ",
            "displayName-count-other": "အဲလ်ဂျီရီယန် ဒီနာ",
            "symbol": "DZD"
          },
          "ECS": {
            "displayName": "ECS",
            "symbol": "ECS"
          },
          "ECV": {
            "displayName": "ECV",
            "symbol": "ECV"
          },
          "EEK": {
            "displayName": "EEK",
            "symbol": "EEK"
          },
          "EGP": {
            "displayName": "အီဂျစ် ပေါင်",
            "displayName-count-other": "အီဂျစ် ပေါင်",
            "symbol": "EGP",
            "symbol-alt-narrow": "E£"
          },
          "ERN": {
            "displayName": "အီရီတရီအာနာ့ခ်ဖာ",
            "displayName-count-other": "အီရီတရီအာနာ့ခ်ဖာ",
            "symbol": "ERN"
          },
          "ESA": {
            "displayName": "ESA",
            "symbol": "ESA"
          },
          "ESB": {
            "displayName": "ESB",
            "symbol": "ESB"
          },
          "ESP": {
            "displayName": "စပိန် ပယ်စေးတာ",
            "symbol": "ESP",
            "symbol-alt-narrow": "₧"
          },
          "ETB": {
            "displayName": "အီသီယိုးပီးယားဘီးယာ",
            "displayName-count-other": "အီသီယိုးပီးယားဘီးယာ",
            "symbol": "ETB"
          },
          "EUR": {
            "displayName": "ယူရို",
            "displayName-count-other": "ယူရို",
            "symbol": "€",
            "symbol-alt-narrow": "€"
          },
          "FIM": {
            "displayName": "FIM",
            "symbol": "FIM"
          },
          "FJD": {
            "displayName": "ဖီဂျီ ဒေါ်လာ",
            "displayName-count-other": "ဖီဂျီ ဒေါ်လာ",
            "symbol": "FJD",
            "symbol-alt-narrow": "$"
          },
          "FKP": {
            "displayName": "ဖောက်ကလန် ကျွန်းစု ပေါင်",
            "displayName-count-other": "ဖောက်ကလန် ကျွန်းစု ပေါင်",
            "symbol": "FKP",
            "symbol-alt-narrow": "£"
          },
          "FRF": {
            "displayName": "ပြင်သစ် ဖရန့်",
            "symbol": "FRF"
          },
          "GBP": {
            "displayName": "ဗြိတိသျှ ပေါင်",
            "displayName-count-other": "ဗြိတိသျှ ပေါင်",
            "symbol": "£",
            "symbol-alt-narrow": "£"
          },
          "GEK": {
            "displayName": "GEK",
            "symbol": "GEK"
          },
          "GEL": {
            "displayName": "ဂျော်ဂျီယာလားရီ",
            "displayName-count-other": "ဂျော်ဂျီယာလားရီ",
            "symbol": "GEL",
            "symbol-alt-narrow": "₾"
          },
          "GHC": {
            "displayName": "GHC",
            "symbol": "GHC"
          },
          "GHS": {
            "displayName": "ဂါနာ ဆဲဒီ",
            "displayName-count-other": "ဂါနာ ဆဲဒီ",
            "symbol": "GHS"
          },
          "GIP": {
            "displayName": "ဂျီဘရော်လ်တာ ပေါင်",
            "displayName-count-other": "ဂျီဘရော်လ်တာ ပေါင်",
            "symbol": "GIP",
            "symbol-alt-narrow": "£"
          },
          "GMD": {
            "displayName": "ဂန်ဘီယာ ဒါလာစီ",
            "displayName-count-other": "ဂန်ဘီယာ ဒါလာစီ",
            "symbol": "GMD"
          },
          "GNF": {
            "displayName": "ဂီးနီ ဖရန့်",
            "displayName-count-other": "ဂီရာနာ ဖရန့်",
            "symbol": "GNF",
            "symbol-alt-narrow": "FG"
          },
          "GNS": {
            "displayName": "GNS",
            "symbol": "GNS"
          },
          "GQE": {
            "displayName": "GQE",
            "symbol": "GQE"
          },
          "GRD": {
            "displayName": "GRD",
            "symbol": "GRD"
          },
          "GTQ": {
            "displayName": "ဂွာတီမာလာ ခက်ဇော်လ်",
            "displayName-count-other": "ဂွာတီမာလာ ခက်ဇော်လ်",
            "symbol": "GTQ",
            "symbol-alt-narrow": "Q"
          },
          "GWE": {
            "displayName": "GWE",
            "symbol": "GWE"
          },
          "GWP": {
            "displayName": "GWP",
            "symbol": "GWP"
          },
          "GYD": {
            "displayName": "ဂူရာနာ ဒေါ်လာ",
            "displayName-count-other": "ဂူရာနာ ဒေါ်လာ",
            "symbol": "GYD",
            "symbol-alt-narrow": "$"
          },
          "HKD": {
            "displayName": "ဟောင်ကောင် ဒေါ်လာ",
            "displayName-count-other": "ဟောင်ကောင် ဒေါ်လာ",
            "symbol": "HK$",
            "symbol-alt-narrow": "$"
          },
          "HNL": {
            "displayName": "ဟွန်ဒူးရပ်စ် လန်းပီးရာ",
            "displayName-count-other": "ဟွန်ဒူးရပ်စ် လန်းပီးရာ",
            "symbol": "HNL",
            "symbol-alt-narrow": "L"
          },
          "HRD": {
            "displayName": "HRD",
            "symbol": "HRD"
          },
          "HRK": {
            "displayName": "ခရိုအေးရှားခူးနာ",
            "displayName-count-other": "ခရိုအေးရှားခူးနာ",
            "symbol": "HRK",
            "symbol-alt-narrow": "kn"
          },
          "HTG": {
            "displayName": "ဟေတီဂူးအော်ဒ်",
            "displayName-count-other": "ဟေတီဂူးအော်ဒ်",
            "symbol": "HTG"
          },
          "HUF": {
            "displayName": "ဟန်ဂေရီယံဖော်ရင့်တ်",
            "displayName-count-other": "ဟန်ဂေရီယံဖော်ရင့်တ်",
            "symbol": "HUF",
            "symbol-alt-narrow": "Ft"
          },
          "IDR": {
            "displayName": "အင်ဒိုနီးရှား ရူပီးယား",
            "displayName-count-other": "အင်ဒိုနီးရှား ရူပီးယား",
            "symbol": "IDR",
            "symbol-alt-narrow": "Rp"
          },
          "IEP": {
            "displayName": "IEP",
            "symbol": "IEP"
          },
          "ILP": {
            "displayName": "အစ္စရေး ပေါင်",
            "symbol": "ILP"
          },
          "ILS": {
            "displayName": "အစ္စရေးရှဲကလ်အသစ်",
            "displayName-count-other": "အစ္စရေးရှဲကလ်အသစ်",
            "symbol": "₪",
            "symbol-alt-narrow": "₪"
          },
          "INR": {
            "displayName": "အိန္ဒိယ ရူပီး",
            "displayName-count-other": "အိန္ဒိယ ရူပီး",
            "symbol": "₹",
            "symbol-alt-narrow": "₹"
          },
          "IQD": {
            "displayName": "အီရပ်ဒီနား",
            "displayName-count-other": "အီရပ်ဒီနား",
            "symbol": "IQD"
          },
          "IRR": {
            "displayName": "အီရန်ရီအော်လ်",
            "displayName-count-other": "အီရန်ရီအော်လ်",
            "symbol": "IRR"
          },
          "ISK": {
            "displayName": "အိုက်စလန် ခရိုဏာ",
            "displayName-count-other": "အိုက်စလန် ခရိုဏာ",
            "symbol": "ISK",
            "symbol-alt-narrow": "kr"
          },
          "ITL": {
            "displayName": "ITL",
            "symbol": "ITL"
          },
          "JMD": {
            "displayName": "ဂျမေကာ ဒေါ်လာ",
            "displayName-count-other": "ဂျမေကာ ဒေါ်လာ",
            "symbol": "JMD",
            "symbol-alt-narrow": "$"
          },
          "JOD": {
            "displayName": "ဂျော်ဒန်ဒီနား",
            "displayName-count-other": "ဂျော်ဒန်ဒီနား",
            "symbol": "JOD"
          },
          "JPY": {
            "displayName": "ဂျပန်ယန်း",
            "displayName-count-other": "ဂျပန်ယန်း",
            "symbol": "JP¥",
            "symbol-alt-narrow": "¥"
          },
          "KES": {
            "displayName": "ကင်ညာသျှီလင်",
            "displayName-count-other": "ကင်ညာသျှီလင်",
            "symbol": "KES"
          },
          "KGS": {
            "displayName": "ခရူဂစ်စတန်ဆော်မ်",
            "displayName-count-other": "ခရူဂစ်စတန်ဆော်မ်",
            "symbol": "KGS"
          },
          "KHR": {
            "displayName": "ကမ္ဘောဒီးယား ရီးယဲ",
            "displayName-count-other": "ကမ္ဘောဒီးယား ရီးယဲ",
            "symbol": "KHR",
            "symbol-alt-narrow": "៛"
          },
          "KMF": {
            "displayName": "ကိုမိုရိုစ် ဖရန့်",
            "displayName-count-other": "ကိုမိုရိုစ် ဖရန့်",
            "symbol": "KMF",
            "symbol-alt-narrow": "CF"
          },
          "KPW": {
            "displayName": "မြောက်ကိုးရီးယား ဝမ်",
            "displayName-count-other": "မြောက်ကိုးရီးယား ဝမ်",
            "symbol": "KPW",
            "symbol-alt-narrow": "₩"
          },
          "KRH": {
            "displayName": "KRH",
            "symbol": "KRH"
          },
          "KRO": {
            "displayName": "KRO",
            "symbol": "KRO"
          },
          "KRW": {
            "displayName": "တောင်ကိုးရီးယား ဝမ်",
            "displayName-count-other": "တောင်ကိုးရီးယား ဝမ်",
            "symbol": "₩",
            "symbol-alt-narrow": "₩"
          },
          "KWD": {
            "displayName": "ကူဝိတ်ဒီနာ",
            "displayName-count-other": "ကူဝိတ်ဒီနာ",
            "symbol": "KWD"
          },
          "KYD": {
            "displayName": "ကေမန် ကျွန်းစု ဒေါ်လာ",
            "displayName-count-other": "ကေမန် ကျွန်းစု ဒေါ်လာ",
            "symbol": "KYD",
            "symbol-alt-narrow": "$"
          },
          "KZT": {
            "displayName": "ခရူဂစ်စတန်ထိန်ဂျီ",
            "displayName-count-other": "ခရူဂစ်စတန်ထိန်ဂျီ",
            "symbol": "KZT",
            "symbol-alt-narrow": "₸"
          },
          "LAK": {
            "displayName": "လာအိုခိပ်",
            "displayName-count-other": "လာအိုခိပ်",
            "symbol": "LAK",
            "symbol-alt-narrow": "₭"
          },
          "LBP": {
            "displayName": "လက်ဘနွန် ပေါင်",
            "displayName-count-other": "လက်ဘနွန် ပေါင်",
            "symbol": "LBP",
            "symbol-alt-narrow": "L£"
          },
          "LKR": {
            "displayName": "သီရိလင်္ကာ ရူပီး",
            "displayName-count-other": "သီရိလင်္ကာ ရူပီး",
            "symbol": "LKR",
            "symbol-alt-narrow": "Rs"
          },
          "LRD": {
            "displayName": "လိုင်ဘေးရီးယား ဒေါ်လာ",
            "displayName-count-other": "လိုင်ဘေးရီးယား ဒေါ်လာ",
            "symbol": "LRD",
            "symbol-alt-narrow": "$"
          },
          "LSL": {
            "displayName": "LSL",
            "symbol": "LSL"
          },
          "LTL": {
            "displayName": "လစ်သူယေးနီးယားလီတားစ်",
            "displayName-count-other": "လစ်သူယေးနီးယားလီတားစ်",
            "symbol": "LTL",
            "symbol-alt-narrow": "Lt"
          },
          "LTT": {
            "displayName": "LTT",
            "symbol": "LTT"
          },
          "LUC": {
            "displayName": "LUC",
            "symbol": "LUC"
          },
          "LUF": {
            "displayName": "LUF",
            "symbol": "LUF"
          },
          "LUL": {
            "displayName": "LUL",
            "symbol": "LUL"
          },
          "LVL": {
            "displayName": "လတ်ဗီးယားလတ်",
            "displayName-count-other": "လတ်ဗီးယားလတ်",
            "symbol": "LVL",
            "symbol-alt-narrow": "Ls"
          },
          "LVR": {
            "displayName": "LVR",
            "symbol": "LVR"
          },
          "LYD": {
            "displayName": "လီဗျာ ဒီနာ",
            "displayName-count-other": "လီဗျာ ဒီနာ",
            "symbol": "LYD"
          },
          "MAD": {
            "displayName": "မိုရိုကို ဒရမ်",
            "displayName-count-other": "မိုရိုကို ဒရမ်",
            "symbol": "MAD"
          },
          "MAF": {
            "displayName": "MAF",
            "symbol": "MAF"
          },
          "MCF": {
            "displayName": "MCF",
            "symbol": "MCF"
          },
          "MDC": {
            "displayName": "MDC",
            "symbol": "MDC"
          },
          "MDL": {
            "displayName": "မောလ်ဒိုဗာလယ်အို",
            "displayName-count-other": "မောလ်ဒိုဗာလယ်အို",
            "symbol": "MDL"
          },
          "MGA": {
            "displayName": "မလာဂစ်စီ အရီရရီ ငွေကြေး",
            "displayName-count-other": "မလာဂစ်စီ အရီရရီ ငွေကြေး",
            "symbol": "MGA",
            "symbol-alt-narrow": "Ar"
          },
          "MGF": {
            "displayName": "MGF",
            "symbol": "MGF"
          },
          "MKD": {
            "displayName": "မာစီဒိုးနီးယားဒီနာ",
            "displayName-count-other": "မာစီဒိုးနီးယားဒီနာ",
            "symbol": "MKD"
          },
          "MKN": {
            "displayName": "MKN",
            "symbol": "MKN"
          },
          "MLF": {
            "displayName": "MLF",
            "symbol": "MLF"
          },
          "MMK": {
            "displayName": "မြန်မာကျပ်",
            "displayName-count-other": "မြန်မာကျပ်",
            "symbol": "K",
            "symbol-alt-narrow": "K"
          },
          "MNT": {
            "displayName": "မွန်ဂိုးလီးယားထူးဂရခ်",
            "displayName-count-other": "မွန်ဂိုးလီးယားထူးဂရခ်",
            "symbol": "MNT",
            "symbol-alt-narrow": "₮"
          },
          "MOP": {
            "displayName": "မကာအိုပါတားကား",
            "displayName-count-other": "မကာအိုပါတားကား",
            "symbol": "MOP"
          },
          "MRO": {
            "displayName": "မောရီတာနီအာအူဂီးယာ",
            "displayName-count-other": "မောရီတာနီအာအူဂီးယာ",
            "symbol": "MRO"
          },
          "MTL": {
            "displayName": "MTL",
            "symbol": "MTL"
          },
          "MTP": {
            "displayName": "MTP",
            "symbol": "MTP"
          },
          "MUR": {
            "displayName": "မော်ရေရှားစ် ရူပီ",
            "displayName-count-other": "မော်ရေရှားစ် ရူပီ",
            "symbol": "MUR",
            "symbol-alt-narrow": "Rs"
          },
          "MVR": {
            "displayName": "မော်လ်ဒိုက်ရူးဖီရာ",
            "displayName-count-other": "မော်လ်ဒိုက်ရူးဖီရာ",
            "symbol": "MVR"
          },
          "MWK": {
            "displayName": "မာလာဝီခွါးချာ",
            "displayName-count-other": "မာလာဝီခွါးချာ",
            "symbol": "MWK"
          },
          "MXN": {
            "displayName": "မက္ကဆီကို ပီဆို",
            "displayName-count-other": "မက္ကဆီကို ပီဆို",
            "symbol": "MX$",
            "symbol-alt-narrow": "$"
          },
          "MXP": {
            "displayName": "MXP",
            "symbol": "MXP"
          },
          "MXV": {
            "displayName": "MXV",
            "symbol": "MXV"
          },
          "MYR": {
            "displayName": "မလေးရှား ရင်းဂစ်",
            "displayName-count-other": "မလေးရှား ရင်းဂစ်",
            "symbol": "MYR",
            "symbol-alt-narrow": "RM"
          },
          "MZE": {
            "displayName": "MZE",
            "symbol": "MZE"
          },
          "MZM": {
            "displayName": "MZM",
            "symbol": "MZM"
          },
          "MZN": {
            "displayName": "မိုဇန်ဘစ်မက်တီခယ်လ်",
            "displayName-count-other": "မိုဇန်ဘစ်မက်တီခယ်လ်",
            "symbol": "MZN"
          },
          "NAD": {
            "displayName": "နမ်မီးဘီးယား ဒေါ်လာ",
            "displayName-count-other": "နမ်မီးဘီးယား ဒေါ်လာ",
            "symbol": "NAD",
            "symbol-alt-narrow": "$"
          },
          "NGN": {
            "displayName": "နိုင်ဂျီးရီးယားနိုင်းရာ",
            "displayName-count-other": "နိုင်ဂျီးရီးယားနိုင်းရာ",
            "symbol": "NGN",
            "symbol-alt-narrow": "₦"
          },
          "NIC": {
            "displayName": "NIC",
            "symbol": "NIC"
          },
          "NIO": {
            "displayName": "နီကာရာဂွာ ခိုးဒိုဘာ",
            "displayName-count-other": "နီကာရာဂွာ ခိုးဒိုဘာ",
            "symbol": "NIO",
            "symbol-alt-narrow": "C$"
          },
          "NLG": {
            "displayName": "NLG",
            "symbol": "NLG"
          },
          "NOK": {
            "displayName": "နော်ဝေ ခရိုဏာ",
            "displayName-count-other": "နော်ဝေ ခရိုဏာ",
            "symbol": "NOK",
            "symbol-alt-narrow": "kr"
          },
          "NPR": {
            "displayName": "နီပေါ ရူပီး",
            "displayName-count-other": "နီပေါ ရူပီး",
            "symbol": "NPR",
            "symbol-alt-narrow": "Rs"
          },
          "NZD": {
            "displayName": "နယူးဇီလန် ဒေါ်လာ",
            "displayName-count-other": "နယူးဇီလန် ဒေါ်လာ",
            "symbol": "NZ$",
            "symbol-alt-narrow": "$"
          },
          "OMR": {
            "displayName": "အိုမန်ရီအော်လ်",
            "displayName-count-other": "အိုမန်ရီအော်လ်",
            "symbol": "OMR"
          },
          "PAB": {
            "displayName": "ပနားမား ဘလ်ဘိုးအာ",
            "displayName-count-other": "ပနားမား ဘလ်ဘိုးအာ",
            "symbol": "PAB"
          },
          "PEI": {
            "displayName": "PEI",
            "symbol": "PEI"
          },
          "PEN": {
            "displayName": "ပီရူး နူအီဗိုဆိုးလ်",
            "displayName-count-other": "ပီရူး နူအီဗိုဆိုးလ်",
            "symbol": "PEN"
          },
          "PES": {
            "displayName": "PES",
            "symbol": "PES"
          },
          "PGK": {
            "displayName": "ပါပူရာနယူးဂီနီခီးနာ",
            "displayName-count-other": "ပါပူရာနယူးဂီနီခီးနာ",
            "symbol": "PGK"
          },
          "PHP": {
            "displayName": "ဖိလစ်ပိုင် ပီဆို",
            "displayName-count-other": "ဖိလစ်ပိုင် ပီဆို",
            "symbol": "PHP",
            "symbol-alt-narrow": "₱"
          },
          "PKR": {
            "displayName": "ပါကစ္စတန် ရူပီး",
            "displayName-count-other": "ပါကစ္စတန် ရူပီး",
            "symbol": "PKR",
            "symbol-alt-narrow": "Rs"
          },
          "PLN": {
            "displayName": "ပိုလန် ဇ‌လော့တီ",
            "displayName-count-other": "ပိုလန် ဇ‌လော့တီ",
            "symbol": "PLN",
            "symbol-alt-narrow": "zł"
          },
          "PLZ": {
            "displayName": "PLZ",
            "symbol": "PLZ"
          },
          "PTE": {
            "displayName": "PTE",
            "symbol": "PTE"
          },
          "PYG": {
            "displayName": "ပါရာဂွေးဂွါးအ်နီး",
            "displayName-count-other": "ပါရာဂွေးဂွါးအ်နီး",
            "symbol": "PYG",
            "symbol-alt-narrow": "₲"
          },
          "QAR": {
            "displayName": "ကာတာရီအော်လ်",
            "displayName-count-other": "ကာတာရီအော်လ်",
            "symbol": "QAR"
          },
          "RHD": {
            "displayName": "RHD",
            "symbol": "RHD"
          },
          "ROL": {
            "displayName": "ROL",
            "symbol": "ROL"
          },
          "RON": {
            "displayName": "ရိုမေးနီယားလယ်အို",
            "displayName-count-other": "ရိုမေးနီယားလယ်အို",
            "symbol": "RON"
          },
          "RSD": {
            "displayName": "ဆားဘီးယားဒယ်နား",
            "displayName-count-other": "ဆားဘီးယားဒယ်နား",
            "symbol": "RSD"
          },
          "RUB": {
            "displayName": "ရုရှ ရူဘယ်",
            "displayName-count-other": "ရုရှ ရူဘယ်",
            "symbol": "RUB",
            "symbol-alt-narrow": "₽"
          },
          "RUR": {
            "displayName": "ရုရှ ရူဘယ် (၁၉၉၁–၁၉၉၈)",
            "symbol": "RUR",
            "symbol-alt-narrow": "р."
          },
          "RWF": {
            "displayName": "ရဝန်ဒါ ဖရန့်",
            "displayName-count-other": "ရဝန်ဒါ ဖရန့်",
            "symbol": "RWF",
            "symbol-alt-narrow": "RF"
          },
          "SAR": {
            "displayName": "ဆော်ဒီအာရေးဗီးယားရီယော်လ်",
            "displayName-count-other": "ဆော်ဒီအာရေးဗီးယားရီယော်လ်",
            "symbol": "SAR"
          },
          "SBD": {
            "displayName": "ဆော်လမွန်ကျွန်းစု ဒေါ်လာ",
            "displayName-count-other": "ဆော်လမွန်ကျွန်းစု ဒေါ်လာ",
            "symbol": "SBD",
            "symbol-alt-narrow": "$"
          },
          "SCR": {
            "displayName": "ဆေးရှလ်ရူးပီး",
            "displayName-count-other": "ဆေးရှလ်ရူးပီး",
            "symbol": "SCR"
          },
          "SDD": {
            "displayName": "SDD",
            "symbol": "SDD"
          },
          "SDG": {
            "displayName": "ဆူဒန် ပေါင်",
            "displayName-count-other": "ဆူဒန် ပေါင်",
            "symbol": "SDG"
          },
          "SDP": {
            "displayName": "ဆူဒန် ပေါင်အဟောင်း",
            "symbol": "SDP"
          },
          "SEK": {
            "displayName": "ဆွီဒင် ခရိုဏာ",
            "displayName-count-other": "ဆွီဒင် ခရိုဏာ",
            "symbol": "SEK",
            "symbol-alt-narrow": "kr"
          },
          "SGD": {
            "displayName": "စင်္ကာပူ ဒေါ်လာ",
            "displayName-count-other": "စင်္ကာပူ ဒေါ်လာ",
            "symbol": "SGD",
            "symbol-alt-narrow": "$"
          },
          "SHP": {
            "displayName": "စိန့်ဟဲလီနာ ပေါင်",
            "displayName-count-other": "စိန့်ဟဲလီနာ ပေါင်",
            "symbol": "SHP",
            "symbol-alt-narrow": "£"
          },
          "SIT": {
            "displayName": "SIT",
            "symbol": "SIT"
          },
          "SKK": {
            "displayName": "SKK",
            "symbol": "SKK"
          },
          "SLL": {
            "displayName": "ဆီအဲရာ လီအိုနီယန် လီအိုနီ",
            "displayName-count-other": "ဆီအဲရာ လီအိုနီယန် လီအိုနီ",
            "symbol": "SLL"
          },
          "SOS": {
            "displayName": "ဆိုမာလီသျှီလင်",
            "displayName-count-other": "ဆိုမာလီသျှီလင်",
            "symbol": "SOS"
          },
          "SRD": {
            "displayName": "ဆူရီနိမ်း ဒေါ်လာ",
            "displayName-count-other": "ဆူရီနိမ်း ဒေါ်လာ",
            "symbol": "SRD",
            "symbol-alt-narrow": "$"
          },
          "SRG": {
            "displayName": "SRG",
            "symbol": "SRG"
          },
          "SSP": {
            "displayName": "တောင်ဆူဒန်ပေါင်",
            "displayName-count-other": "တောင်ဆူဒန်ပေါင်",
            "symbol": "SSP",
            "symbol-alt-narrow": "£"
          },
          "STD": {
            "displayName": "စိန့်တိုမီနှင့်ပရင်စီပ့် ဒိုဘရာ",
            "displayName-count-other": "စိန့်တိုမီနှင့်ပရင်စီပ့် ဒိုဘရာ",
            "symbol": "STD",
            "symbol-alt-narrow": "Db"
          },
          "SUR": {
            "displayName": "ဆိုဗီယက် ရူဗယ်",
            "symbol": "SUR"
          },
          "SVC": {
            "displayName": "SVC",
            "symbol": "SVC"
          },
          "SYP": {
            "displayName": "ဆီးရီးယား ပေါင်",
            "displayName-count-other": "ဆီးရီးယား ပေါင်",
            "symbol": "SYP",
            "symbol-alt-narrow": "£"
          },
          "SZL": {
            "displayName": "စွာဇီလန်လီလန်းဂီနီ",
            "displayName-count-other": "စွာဇီလန်လီလန်းဂီနီ",
            "symbol": "SZL"
          },
          "THB": {
            "displayName": "ထိုင်းဘတ်",
            "displayName-count-other": "ထိုင်းဘတ်",
            "symbol": "฿",
            "symbol-alt-narrow": "฿"
          },
          "TJR": {
            "displayName": "TJR",
            "symbol": "TJR"
          },
          "TJS": {
            "displayName": "တာဂျီကစ္စတန်ဆိုမိုနီ",
            "displayName-count-other": "တာဂျီကစ္စတန်ဆိုမိုနီ",
            "symbol": "TJS"
          },
          "TMM": {
            "displayName": "TMM",
            "symbol": "TMM"
          },
          "TMT": {
            "displayName": "တာခ်မီန့စ်တန်မာနတ်",
            "displayName-count-other": "တာခ်မီန့စ်တန်မာနတ်",
            "symbol": "TMT"
          },
          "TND": {
            "displayName": "တူနီရှားဒီနာ",
            "displayName-count-other": "တူနီရှားဒီနာ",
            "symbol": "TND"
          },
          "TOP": {
            "displayName": "တွန်ဂါဗန်ဂါ",
            "displayName-count-other": "တွန်ဂါဗန်ဂါ",
            "symbol": "TOP",
            "symbol-alt-narrow": "T$"
          },
          "TPE": {
            "displayName": "TPE",
            "symbol": "TPE"
          },
          "TRL": {
            "displayName": "ရှေးဟောင်းတူရကီ လိုင်ရာ",
            "symbol": "TRL"
          },
          "TRY": {
            "displayName": "တူရကီ လိုင်ရာ",
            "displayName-count-other": "တူရကီ လိုင်ရာ",
            "symbol": "TRY",
            "symbol-alt-narrow": "₺",
            "symbol-alt-variant": "TL"
          },
          "TTD": {
            "displayName": "ထရိုင်နီဒတ်နှင့်တိုဘာဂိုဒေါ်လာ",
            "displayName-count-other": "တရီနာဒတ်နှင့်တိုဘာဂိုဒေါ်လာ",
            "symbol": "TTD",
            "symbol-alt-narrow": "$"
          },
          "TWD": {
            "displayName": "ထိုင်ဝမ် ဒေါ်လာအသစ်",
            "displayName-count-other": "ထိုင်ဝမ် ဒေါ်လာအသစ်",
            "symbol": "NT$",
            "symbol-alt-narrow": "$"
          },
          "TZS": {
            "displayName": "တန်ဇန်းနီးယားသျှီလင်",
            "displayName-count-other": "တန်ဇန်းနီးယားသျှီလင်",
            "symbol": "TZS"
          },
          "UAH": {
            "displayName": "ယူကရိန်း",
            "displayName-count-other": "ယ",
            "symbol": "UAH",
            "symbol-alt-narrow": "₴"
          },
          "UAK": {
            "displayName": "UAK",
            "symbol": "UAK"
          },
          "UGS": {
            "displayName": "UGS",
            "symbol": "UGS"
          },
          "UGX": {
            "displayName": "ယူဂန္ဓာသျှီလင်",
            "displayName-count-other": "ယူဂန္ဓာသျှီလင်",
            "symbol": "UGX"
          },
          "USD": {
            "displayName": "အမေရိကန် ဒေါ်လာ",
            "displayName-count-other": "အမေရိကန် ဒေါ်လာ",
            "symbol": "US$",
            "symbol-alt-narrow": "$"
          },
          "USN": {
            "displayName": "အမေရိကန် ဒေါ်လာ (နောက်နေ့)",
            "symbol": "USN"
          },
          "USS": {
            "displayName": "အမေရိကန် ဒေါ်လာ (တနေ့တည်း)",
            "symbol": "USS"
          },
          "UYI": {
            "displayName": "UYI",
            "symbol": "UYI"
          },
          "UYP": {
            "displayName": "UYP",
            "symbol": "UYP"
          },
          "UYU": {
            "displayName": "ဥရုဂွေးပီဆို",
            "displayName-count-other": "ဥရုဂွေးပီဆို",
            "symbol": "UYU",
            "symbol-alt-narrow": "$"
          },
          "UZS": {
            "displayName": "ဥဘက်ကစ္စတန်ဆော်မ်",
            "displayName-count-other": "ဥဘက်ကစ္စတန်ဆော်မ်",
            "symbol": "UZS"
          },
          "VEB": {
            "displayName": "VEB",
            "symbol": "VEB"
          },
          "VEF": {
            "displayName": "ဗင်နီဇွဲလား ဘိုလီဗာ",
            "displayName-count-other": "ဗင်နီဇွဲလား ဘိုလီဗာ",
            "symbol": "VEF",
            "symbol-alt-narrow": "Bs"
          },
          "VND": {
            "displayName": "ဗီယက်နမ် ဒေါင်",
            "displayName-count-other": "ဗီယက်နမ် ဒေါင်",
            "symbol": "₫",
            "symbol-alt-narrow": "₫"
          },
          "VNN": {
            "displayName": "VNN",
            "symbol": "VNN"
          },
          "VUV": {
            "displayName": "ဗာနုအာတူဗားထူ",
            "displayName-count-other": "ဗာနုအာတူဗားထူ",
            "symbol": "VUV"
          },
          "WST": {
            "displayName": "စမိုအထားလာ",
            "displayName-count-other": "စမိုအထားလာ",
            "symbol": "WST"
          },
          "XAF": {
            "displayName": "ကင်မရွန်းဖရန့်",
            "displayName-count-other": "ကင်မရွန်းဖရန့်",
            "symbol": "FCFA"
          },
          "XAG": {
            "displayName": "ငွေ",
            "symbol": "XAG"
          },
          "XAU": {
            "displayName": "ရွှေ",
            "symbol": "XAU"
          },
          "XBA": {
            "displayName": "XBA",
            "symbol": "XBA"
          },
          "XBB": {
            "displayName": "ဥရောပငွေကြေးစံနစ်",
            "symbol": "XBB"
          },
          "XBC": {
            "displayName": "XBC",
            "symbol": "XBC"
          },
          "XBD": {
            "displayName": "XBD",
            "symbol": "XBD"
          },
          "XCD": {
            "displayName": "အရှေ့ကာရီဘီယံဒေါ်လာ",
            "displayName-count-other": "အရှေ့ကာရီဘီယံဒေါ်လာ",
            "symbol": "EC$",
            "symbol-alt-narrow": "$"
          },
          "XDR": {
            "displayName": "အထူးထုတ်ယူခွင့်",
            "symbol": "XDR"
          },
          "XEU": {
            "displayName": "XEU",
            "symbol": "XEU"
          },
          "XFO": {
            "displayName": "XFO",
            "symbol": "XFO"
          },
          "XFU": {
            "displayName": "XFU",
            "symbol": "XFU"
          },
          "XOF": {
            "displayName": "အိုင်ဗရီးကိုးစ်ဖရန့်",
            "displayName-count-other": "အိုင်ဗရီးကိုးစ်ဖရန့်",
            "symbol": "CFA"
          },
          "XPD": {
            "displayName": "XPD",
            "symbol": "XPD"
          },
          "XPF": {
            "displayName": "CFP ဖရန့်",
            "displayName-count-other": "CFP ဖရန့်",
            "symbol": "CFPF"
          },
          "XPT": {
            "displayName": "ပလက်တီနမ်",
            "symbol": "XPT"
          },
          "XRE": {
            "displayName": "XRE",
            "symbol": "XRE"
          },
          "XSU": {
            "displayName": "XSU",
            "symbol": "XSU"
          },
          "XTS": {
            "displayName": "စမ်းသပ် ငွေကြေး ကုဒ်",
            "symbol": "XTS"
          },
          "XUA": {
            "displayName": "XUA",
            "symbol": "XUA"
          },
          "XXX": {
            "displayName": "မသိသို့မဟုတ်မရှိသောငွေကြေး",
            "displayName-count-other": "မသိ သို့မဟုတ် မရှိသော ငွေကြေး",
            "symbol": "XXX"
          },
          "YDD": {
            "displayName": "YDD",
            "symbol": "YDD"
          },
          "YER": {
            "displayName": "ယီမင်ရီအော်လ်",
            "displayName-count-other": "ယီမင်ရီအော်လ်",
            "symbol": "YER"
          },
          "YUD": {
            "displayName": "YUD",
            "symbol": "YUD"
          },
          "YUM": {
            "displayName": "YUM",
            "symbol": "YUM"
          },
          "YUN": {
            "displayName": "YUN",
            "symbol": "YUN"
          },
          "YUR": {
            "displayName": "YUR",
            "symbol": "YUR"
          },
          "ZAL": {
            "displayName": "ZAL",
            "symbol": "ZAL"
          },
          "ZAR": {
            "displayName": "တောင်အဖရိက ရန်း",
            "displayName-count-other": "တောင်အဖရိက ရန်း",
            "symbol": "ZAR",
            "symbol-alt-narrow": "R"
          },
          "ZMK": {
            "displayName": "ZMK",
            "symbol": "ZMK"
          },
          "ZMW": {
            "displayName": "ဇင်ဘာဘွေခွါးချာ",
            "displayName-count-other": "ဇင်ဘာဘွေခွါးချာ",
            "symbol": "ZMW",
            "symbol-alt-narrow": "ZK"
          },
          "ZRN": {
            "displayName": "ZRN",
            "symbol": "ZRN"
          },
          "ZRZ": {
            "displayName": "ZRZ",
            "symbol": "ZRZ"
          },
          "ZWD": {
            "displayName": "ဇင်ဘာဘွေ ဒေါ်လာ",
            "symbol": "ZWD"
          },
          "ZWL": {
            "displayName": "ZWL",
            "symbol": "ZWL"
          },
          "ZWR": {
            "displayName": "ZWR",
            "symbol": "ZWR"
          }
        }
      }
    }
  }
}
