{
  "main": {
    "gd": {
      "identity": {
        "version": {
          "_number": "$Revision: 12293 $",
          "_cldrVersion": "29"
        },
        "language": "gd"
      },
      "numbers": {
        "defaultNumberingSystem": "latn",
        "otherNumberingSystems": {
          "native": "latn"
        },
        "minimumGroupingDigits": "1",
        "symbols-numberSystem-latn": {
          "decimal": ".",
          "group": ",",
          "list": ";",
          "percentSign": "%",
          "plusSign": "+",
          "minusSign": "-",
          "exponential": "E",
          "superscriptingExponent": "×",
          "perMille": "‰",
          "infinity": "∞",
          "nan": "NaN",
          "timeSeparator": ":"
        },
        "decimalFormats-numberSystem-latn": {
          "standard": "#,##0.###",
          "long": {
            "decimalFormat": {
              "1000-count-one": "0 mhìle",
              "1000-count-two": "0 mhìle",
              "1000-count-few": "0 mìle",
              "1000-count-other": "0 mìle",
              "10000-count-one": "00 mhìle",
              "10000-count-two": "00 mhìle",
              "10000-count-few": "00 mìle",
              "10000-count-other": "00 mìle",
              "100000-count-one": "000 mhìle",
              "100000-count-two": "000 mhìle",
              "100000-count-few": "000 mìle",
              "100000-count-other": "000 mìle",
              "1000000-count-one": "0 mhillean",
              "1000000-count-two": "0 mhillean",
              "1000000-count-few": "0 millean",
              "1000000-count-other": "0 millean",
              "10000000-count-one": "00 mhillean",
              "10000000-count-two": "00 mhillean",
              "10000000-count-few": "00 millean",
              "10000000-count-other": "00 millean",
              "100000000-count-one": "000 mhillean",
              "100000000-count-two": "000 mhillean",
              "100000000-count-few": "000 millean",
              "100000000-count-other": "000 millean",
              "1000000000-count-one": "0 bhillean",
              "1000000000-count-two": "0 bhillean",
              "1000000000-count-few": "0 billean",
              "1000000000-count-other": "0 billean",
              "10000000000-count-one": "00 bhillean",
              "10000000000-count-two": "00 bhillean",
              "10000000000-count-few": "00 billean",
              "10000000000-count-other": "00 billean",
              "100000000000-count-one": "000 billean",
              "100000000000-count-two": "000 billean",
              "100000000000-count-few": "000 bhillean",
              "100000000000-count-other": "000 bhillean",
              "1000000000000-count-one": "0 trillean",
              "1000000000000-count-two": "0 thrillean",
              "1000000000000-count-few": "0 trillean",
              "1000000000000-count-other": "0 trillean",
              "10000000000000-count-one": "00 trillean",
              "10000000000000-count-two": "00 thrillean",
              "10000000000000-count-few": "00 trillean",
              "10000000000000-count-other": "00 trillean",
              "100000000000000-count-one": "000 trillean",
              "100000000000000-count-two": "000 thrillean",
              "100000000000000-count-few": "000 trillean",
              "100000000000000-count-other": "000 trillean"
            }
          },
          "short": {
            "decimalFormat": {
              "1000-count-one": "0K",
              "1000-count-two": "0K",
              "1000-count-few": "0K",
              "1000-count-other": "0K",
              "10000-count-one": "00K",
              "10000-count-two": "00K",
              "10000-count-few": "00K",
              "10000-count-other": "00K",
              "100000-count-one": "000K",
              "100000-count-two": "000K",
              "100000-count-few": "000K",
              "100000-count-other": "000K",
              "1000000-count-one": "0M",
              "1000000-count-two": "0M",
              "1000000-count-few": "0M",
              "1000000-count-other": "0M",
              "10000000-count-one": "00M",
              "10000000-count-two": "00M",
              "10000000-count-few": "00M",
              "10000000-count-other": "00M",
              "100000000-count-one": "000M",
              "100000000-count-two": "000M",
              "100000000-count-few": "000M",
              "100000000-count-other": "000M",
              "1000000000-count-one": "0B",
              "1000000000-count-two": "0B",
              "1000000000-count-few": "0B",
              "1000000000-count-other": "0B",
              "10000000000-count-one": "00B",
              "10000000000-count-two": "00B",
              "10000000000-count-few": "00B",
              "10000000000-count-other": "00B",
              "100000000000-count-one": "000B",
              "100000000000-count-two": "000B",
              "100000000000-count-few": "000B",
              "100000000000-count-other": "000B",
              "1000000000000-count-one": "0T",
              "1000000000000-count-two": "0T",
              "1000000000000-count-few": "0T",
              "1000000000000-count-other": "0T",
              "10000000000000-count-one": "00T",
              "10000000000000-count-two": "00T",
              "10000000000000-count-few": "00T",
              "10000000000000-count-other": "00T",
              "100000000000000-count-one": "000T",
              "100000000000000-count-two": "000T",
              "100000000000000-count-few": "000T",
              "100000000000000-count-other": "000T"
            }
          }
        },
        "scientificFormats-numberSystem-latn": {
          "standard": "#E0"
        },
        "percentFormats-numberSystem-latn": {
          "standard": "#,##0%"
        },
        "currencyFormats-numberSystem-latn": {
          "currencySpacing": {
            "beforeCurrency": {
              "currencyMatch": "[:^S:]",
              "surroundingMatch": "[:digit:]",
              "insertBetween": " "
            },
            "afterCurrency": {
              "currencyMatch": "[:^S:]",
              "surroundingMatch": "[:digit:]",
              "insertBetween": " "
            }
          },
          "standard": "¤#,##0.00",
          "accounting": "¤#,##0.00;(¤#,##0.00)",
          "short": {
            "standard": {
              "1000-count-one": "¤0K",
              "1000-count-two": "¤0K",
              "1000-count-few": "¤0K",
              "1000-count-other": "¤0K",
              "10000-count-one": "¤00K",
              "10000-count-two": "¤00K",
              "10000-count-few": "¤00K",
              "10000-count-other": "¤00K",
              "100000-count-one": "¤000K",
              "100000-count-two": "¤000K",
              "100000-count-few": "¤000K",
              "100000-count-other": "¤000K",
              "1000000-count-one": "¤0M",
              "1000000-count-two": "¤0M",
              "1000000-count-few": "¤0M",
              "1000000-count-other": "¤0M",
              "10000000-count-one": "¤00M",
              "10000000-count-two": "¤00M",
              "10000000-count-few": "¤00M",
              "10000000-count-other": "¤00M",
              "100000000-count-one": "¤000M",
              "100000000-count-two": "¤000M",
              "100000000-count-few": "¤000M",
              "100000000-count-other": "¤000M",
              "1000000000-count-one": "¤0B",
              "1000000000-count-two": "¤0B",
              "1000000000-count-few": "¤0B",
              "1000000000-count-other": "¤0B",
              "10000000000-count-one": "¤00B",
              "10000000000-count-two": "¤00B",
              "10000000000-count-few": "¤00B",
              "10000000000-count-other": "¤00B",
              "100000000000-count-one": "¤000B",
              "100000000000-count-two": "¤000B",
              "100000000000-count-few": "¤000B",
              "100000000000-count-other": "¤000B",
              "1000000000000-count-one": "¤0T",
              "1000000000000-count-two": "¤0T",
              "1000000000000-count-few": "¤0T",
              "1000000000000-count-other": "¤0T",
              "10000000000000-count-one": "¤00T",
              "10000000000000-count-two": "¤00T",
              "10000000000000-count-few": "¤00T",
              "10000000000000-count-other": "¤00T",
              "100000000000000-count-one": "¤000T",
              "100000000000000-count-two": "¤000T",
              "100000000000000-count-few": "¤000T",
              "100000000000000-count-other": "¤000T"
            }
          },
          "unitPattern-count-one": "{0} {1}",
          "unitPattern-count-two": "{0} {1}",
          "unitPattern-count-few": "{0} {1}",
          "unitPattern-count-other": "{0} {1}"
        },
        "miscPatterns-numberSystem-latn": {
          "atLeast": "{0}+",
          "range": "{0}–{1}"
        }
      }
    }
  }
}
