{
  "main": {
    "da": {
      "identity": {
        "version": {
          "_number": "$Revision: 12387 $",
          "_cldrVersion": "29"
        },
        "language": "da"
      },
      "numbers": {
        "defaultNumberingSystem": "latn",
        "otherNumberingSystems": {
          "native": "latn"
        },
        "minimumGroupingDigits": "1",
        "symbols-numberSystem-latn": {
          "decimal": ",",
          "group": ".",
          "list": ";",
          "percentSign": "%",
          "plusSign": "+",
          "minusSign": "-",
          "exponential": "E",
          "superscriptingExponent": "×",
          "perMille": "‰",
          "infinity": "∞",
          "nan": "NaN",
          "timeSeparator": "."
        },
        "decimalFormats-numberSystem-latn": {
          "standard": "#,##0.###",
          "long": {
            "decimalFormat": {
              "1000-count-one": "0 tusind",
              "1000-count-other": "0 tusind",
              "10000-count-one": "00 tusind",
              "10000-count-other": "00 tusind",
              "100000-count-one": "000 tusind",
              "100000-count-other": "000 tusind",
              "1000000-count-one": "0 million",
              "1000000-count-other": "0 millioner",
              "10000000-count-one": "00 millioner",
              "10000000-count-other": "00 millioner",
              "100000000-count-one": "000 millioner",
              "100000000-count-other": "000 millioner",
              "1000000000-count-one": "0 milliard",
              "1000000000-count-other": "0 milliarder",
              "10000000000-count-one": "00 milliarder",
              "10000000000-count-other": "00 milliarder",
              "100000000000-count-one": "000 milliarder",
              "100000000000-count-other": "000 milliarder",
              "1000000000000-count-one": "0 billion",
              "1000000000000-count-other": "0 billioner",
              "10000000000000-count-one": "00 billioner",
              "10000000000000-count-other": "00 billioner",
              "100000000000000-count-one": "000 billioner",
              "100000000000000-count-other": "000 billioner"
            }
          },
          "short": {
            "decimalFormat": {
              "1000-count-one": "0 td",
              "1000-count-other": "0 td",
              "10000-count-one": "00 td",
              "10000-count-other": "00 td",
              "100000-count-one": "000 td",
              "100000-count-other": "000 td",
              "1000000-count-one": "0 mio",
              "1000000-count-other": "0 mio",
              "10000000-count-one": "00 mio",
              "10000000-count-other": "00 mio",
              "100000000-count-one": "000 mio",
              "100000000-count-other": "000 mio",
              "1000000000-count-one": "0 mia",
              "1000000000-count-other": "0 mia",
              "10000000000-count-one": "00 mia",
              "10000000000-count-other": "00 mia",
              "100000000000-count-one": "000 mia",
              "100000000000-count-other": "000 mia",
              "1000000000000-count-one": "0 bio",
              "1000000000000-count-other": "0 bio",
              "10000000000000-count-one": "00 bio",
              "10000000000000-count-other": "00 bio",
              "100000000000000-count-one": "000 bio",
              "100000000000000-count-other": "000 bio"
            }
          }
        },
        "scientificFormats-numberSystem-latn": {
          "standard": "#E0"
        },
        "percentFormats-numberSystem-latn": {
          "standard": "#,##0 %"
        },
        "currencyFormats-numberSystem-latn": {
          "currencySpacing": {
            "beforeCurrency": {
              "currencyMatch": "[:^S:]",
              "surroundingMatch": "[:digit:]",
              "insertBetween": " "
            },
            "afterCurrency": {
              "currencyMatch": "[:^S:]",
              "surroundingMatch": "[:digit:]",
              "insertBetween": " "
            }
          },
          "standard": "#,##0.00 ¤",
          "accounting": "#,##0.00 ¤",
          "short": {
            "standard": {
              "1000-count-one": "0 td ¤",
              "1000-count-other": "0 td ¤",
              "10000-count-one": "00 td ¤",
              "10000-count-other": "00 td ¤",
              "100000-count-one": "000 td ¤",
              "100000-count-other": "000 td ¤",
              "1000000-count-one": "0 mio ¤",
              "1000000-count-other": "0 mio ¤",
              "10000000-count-one": "00 mio ¤",
              "10000000-count-other": "00 mio ¤",
              "100000000-count-one": "000 mio ¤",
              "100000000-count-other": "000 mio ¤",
              "1000000000-count-one": "0 mia ¤",
              "1000000000-count-other": "0 mia ¤",
              "10000000000-count-one": "00 mia ¤",
              "10000000000-count-other": "00 mia ¤",
              "100000000000-count-one": "000 mia ¤",
              "100000000000-count-other": "000 mia ¤",
              "1000000000000-count-one": "0 bio ¤",
              "1000000000000-count-other": "0 bio ¤",
              "10000000000000-count-one": "00 bio ¤",
              "10000000000000-count-other": "00 bio ¤",
              "100000000000000-count-one": "000 bio ¤",
              "100000000000000-count-other": "000 bio ¤"
            }
          },
          "unitPattern-count-one": "{0} {1}",
          "unitPattern-count-other": "{0} {1}"
        },
        "miscPatterns-numberSystem-latn": {
          "atLeast": "{0}+",
          "range": "{0}-{1}"
        }
      }
    }
  }
}
