{
  "main": {
    "cy": {
      "identity": {
        "version": {
          "_number": "$Revision: 12293 $",
          "_cldrVersion": "29"
        },
        "language": "cy"
      },
      "numbers": {
        "defaultNumberingSystem": "latn",
        "otherNumberingSystems": {
          "native": "latn"
        },
        "minimumGroupingDigits": "1",
        "symbols-numberSystem-latn": {
          "decimal": ".",
          "group": ",",
          "list": ";",
          "percentSign": "%",
          "plusSign": "+",
          "minusSign": "-",
          "exponential": "E",
          "superscriptingExponent": "x",
          "perMille": "‰",
          "infinity": "∞",
          "nan": "NaN",
          "timeSeparator": ":"
        },
        "decimalFormats-numberSystem-latn": {
          "standard": "#,##0.###",
          "long": {
            "decimalFormat": {
              "1000-count-zero": "0 mil",
              "1000-count-one": "0 mil",
              "1000-count-two": "0 fil",
              "1000-count-few": "0 mil",
              "1000-count-many": "0 mil",
              "1000-count-other": "0 mil",
              "10000-count-zero": "00 mil",
              "10000-count-one": "00 mil",
              "10000-count-two": "00 mil",
              "10000-count-few": "00 mil",
              "10000-count-many": "00 mil",
              "10000-count-other": "00 mil",
              "100000-count-zero": "000 mil",
              "100000-count-one": "000 mil",
              "100000-count-two": "000 mil",
              "100000-count-few": "000 mil",
              "100000-count-many": "000 mil",
              "100000-count-other": "000 mil",
              "1000000-count-zero": "0 miliwn",
              "1000000-count-one": "0 miliwn",
              "1000000-count-two": "0 filiwn",
              "1000000-count-few": "0 miliwn",
              "1000000-count-many": "0 miliwn",
              "1000000-count-other": "0 miliwn",
              "10000000-count-zero": "00 miliwn",
              "10000000-count-one": "00 miliwn",
              "10000000-count-two": "00 miliwn",
              "10000000-count-few": "00 miliwn",
              "10000000-count-many": "00 miliwn",
              "10000000-count-other": "00 miliwn",
              "100000000-count-zero": "000 miliwn",
              "100000000-count-one": "000 miliwn",
              "100000000-count-two": "000 miliwn",
              "100000000-count-few": "000 miliwn",
              "100000000-count-many": "000 miliwn",
              "100000000-count-other": "000 miliwn",
              "1000000000-count-zero": "0 biliwn",
              "1000000000-count-one": "0 biliwn",
              "1000000000-count-two": "0 biliwn",
              "1000000000-count-few": "0 biliwn",
              "1000000000-count-many": "0 biliwn",
              "1000000000-count-other": "0 biliwn",
              "10000000000-count-zero": "00 biliwn",
              "10000000000-count-one": "00 biliwn",
              "10000000000-count-two": "00 biliwn",
              "10000000000-count-few": "00 biliwn",
              "10000000000-count-many": "00 biliwn",
              "10000000000-count-other": "00 biliwn",
              "100000000000-count-zero": "000 biliwn",
              "100000000000-count-one": "000 biliwn",
              "100000000000-count-two": "000 biliwn",
              "100000000000-count-few": "000 biliwn",
              "100000000000-count-many": "000 biliwn",
              "100000000000-count-other": "000 biliwn",
              "1000000000000-count-zero": "0 triliwn",
              "1000000000000-count-one": "0 triliwn",
              "1000000000000-count-two": "0 driliwn",
              "1000000000000-count-few": "0 thriliwn",
              "1000000000000-count-many": "0 thriliwn",
              "1000000000000-count-other": "0 triliwn",
              "10000000000000-count-zero": "00 triliwn",
              "10000000000000-count-one": "00 triliwn",
              "10000000000000-count-two": "00 triliwn",
              "10000000000000-count-few": "00 triliwn",
              "10000000000000-count-many": "00 triliwn",
              "10000000000000-count-other": "00 triliwn",
              "100000000000000-count-zero": "000 triliwn",
              "100000000000000-count-one": "000 triliwn",
              "100000000000000-count-two": "000 triliwn",
              "100000000000000-count-few": "000 triliwn",
              "100000000000000-count-many": "000 triliwn",
              "100000000000000-count-other": "000 triliwn"
            }
          },
          "short": {
            "decimalFormat": {
              "1000-count-zero": "0K",
              "1000-count-one": "0K",
              "1000-count-two": "0K",
              "1000-count-few": "0K",
              "1000-count-many": "0K",
              "1000-count-other": "0K",
              "10000-count-zero": "00K",
              "10000-count-one": "00K",
              "10000-count-two": "00K",
              "10000-count-few": "00K",
              "10000-count-many": "00K",
              "10000-count-other": "00K",
              "100000-count-zero": "000K",
              "100000-count-one": "000K",
              "100000-count-two": "000K",
              "100000-count-few": "000K",
              "100000-count-many": "000K",
              "100000-count-other": "000K",
              "1000000-count-zero": "0M",
              "1000000-count-one": "0M",
              "1000000-count-two": "0M",
              "1000000-count-few": "0M",
              "1000000-count-many": "0M",
              "1000000-count-other": "0M",
              "10000000-count-zero": "00M",
              "10000000-count-one": "00M",
              "10000000-count-two": "00M",
              "10000000-count-few": "00M",
              "10000000-count-many": "00M",
              "10000000-count-other": "00M",
              "100000000-count-zero": "000M",
              "100000000-count-one": "000M",
              "100000000-count-two": "000M",
              "100000000-count-few": "000M",
              "100000000-count-many": "000M",
              "100000000-count-other": "000M",
              "1000000000-count-zero": "0B",
              "1000000000-count-one": "0B",
              "1000000000-count-two": "0B",
              "1000000000-count-few": "0B",
              "1000000000-count-many": "0B",
              "1000000000-count-other": "0B",
              "10000000000-count-zero": "00B",
              "10000000000-count-one": "00B",
              "10000000000-count-two": "00B",
              "10000000000-count-few": "00B",
              "10000000000-count-many": "00B",
              "10000000000-count-other": "00B",
              "100000000000-count-zero": "000B",
              "100000000000-count-one": "000B",
              "100000000000-count-two": "000B",
              "100000000000-count-few": "000B",
              "100000000000-count-many": "000B",
              "100000000000-count-other": "000B",
              "1000000000000-count-zero": "0T",
              "1000000000000-count-one": "0T",
              "1000000000000-count-two": "0T",
              "1000000000000-count-few": "0T",
              "1000000000000-count-many": "0T",
              "1000000000000-count-other": "0T",
              "10000000000000-count-zero": "00T",
              "10000000000000-count-one": "00T",
              "10000000000000-count-two": "00T",
              "10000000000000-count-few": "00T",
              "10000000000000-count-many": "00T",
              "10000000000000-count-other": "00T",
              "100000000000000-count-zero": "000T",
              "100000000000000-count-one": "000T",
              "100000000000000-count-two": "000T",
              "100000000000000-count-few": "000T",
              "100000000000000-count-many": "000T",
              "100000000000000-count-other": "000T"
            }
          }
        },
        "scientificFormats-numberSystem-latn": {
          "standard": "#E0"
        },
        "percentFormats-numberSystem-latn": {
          "standard": "#,##0%"
        },
        "currencyFormats-numberSystem-latn": {
          "currencySpacing": {
            "beforeCurrency": {
              "currencyMatch": "[:^S:]",
              "surroundingMatch": "[:digit:]",
              "insertBetween": " "
            },
            "afterCurrency": {
              "currencyMatch": "[:^S:]",
              "surroundingMatch": "[:digit:]",
              "insertBetween": " "
            }
          },
          "standard": "¤#,##0.00",
          "accounting": "¤#,##0.00;(¤#,##0.00)",
          "short": {
            "standard": {
              "1000-count-zero": "¤0 mil",
              "1000-count-one": "¤0K",
              "1000-count-two": "¤0K",
              "1000-count-few": "¤0K",
              "1000-count-many": "¤0K",
              "1000-count-other": "¤0K",
              "10000-count-zero": "¤00K",
              "10000-count-one": "¤00K",
              "10000-count-two": "¤00K",
              "10000-count-few": "¤00K",
              "10000-count-many": "¤00K",
              "10000-count-other": "¤00K",
              "100000-count-zero": "¤000K",
              "100000-count-one": "¤000K",
              "100000-count-two": "¤000K",
              "100000-count-few": "¤000K",
              "100000-count-many": "¤000K",
              "100000-count-other": "¤000K",
              "1000000-count-zero": "¤0M",
              "1000000-count-one": "¤0M",
              "1000000-count-two": "¤0M",
              "1000000-count-few": "¤0M",
              "1000000-count-many": "¤0M",
              "1000000-count-other": "¤0M",
              "10000000-count-zero": "¤00M",
              "10000000-count-one": "¤00M",
              "10000000-count-two": "¤00M",
              "10000000-count-few": "¤00M",
              "10000000-count-many": "¤00M",
              "10000000-count-other": "¤00M",
              "100000000-count-zero": "¤000M",
              "100000000-count-one": "¤000M",
              "100000000-count-two": "¤000M",
              "100000000-count-few": "¤000M",
              "100000000-count-many": "¤000M",
              "100000000-count-other": "¤000M",
              "1000000000-count-zero": "¤0B",
              "1000000000-count-one": "¤0B",
              "1000000000-count-two": "¤0B",
              "1000000000-count-few": "¤0B",
              "1000000000-count-many": "¤0B",
              "1000000000-count-other": "¤0B",
              "10000000000-count-zero": "¤00B",
              "10000000000-count-one": "¤00B",
              "10000000000-count-two": "¤00B",
              "10000000000-count-few": "¤00B",
              "10000000000-count-many": "¤00B",
              "10000000000-count-other": "¤00B",
              "100000000000-count-zero": "¤000B",
              "100000000000-count-one": "¤000B",
              "100000000000-count-two": "¤000B",
              "100000000000-count-few": "¤000B",
              "100000000000-count-many": "¤000B",
              "100000000000-count-other": "¤000B",
              "1000000000000-count-zero": "¤0T",
              "1000000000000-count-one": "¤0T",
              "1000000000000-count-two": "¤0T",
              "1000000000000-count-few": "¤0T",
              "1000000000000-count-many": "¤0T",
              "1000000000000-count-other": "¤0T",
              "10000000000000-count-zero": "¤00T",
              "10000000000000-count-one": "¤00T",
              "10000000000000-count-two": "¤00T",
              "10000000000000-count-few": "¤00T",
              "10000000000000-count-many": "¤00T",
              "10000000000000-count-other": "¤00T",
              "100000000000000-count-zero": "¤000T",
              "100000000000000-count-one": "¤000T",
              "100000000000000-count-two": "¤000T",
              "100000000000000-count-few": "¤000T",
              "100000000000000-count-many": "¤000T",
              "100000000000000-count-other": "¤000T"
            }
          },
          "unitPattern-count-zero": "{0} {1}",
          "unitPattern-count-one": "{0} {1}",
          "unitPattern-count-two": "{0} {1}",
          "unitPattern-count-few": "{0} {1}",
          "unitPattern-count-many": "{0} {1}",
          "unitPattern-count-other": "{0} {1}"
        },
        "miscPatterns-numberSystem-latn": {
          "atLeast": "{0}+",
          "range": "{0}–{1}"
        }
      }
    }
  }
}
