{
  "main": {
    "bs": {
      "identity": {
        "version": {
          "_number": "$Revision: 12307 $",
          "_cldrVersion": "29"
        },
        "language": "bs"
      },
      "numbers": {
        "defaultNumberingSystem": "latn",
        "otherNumberingSystems": {
          "native": "latn"
        },
        "minimumGroupingDigits": "1",
        "symbols-numberSystem-latn": {
          "decimal": ",",
          "group": ".",
          "list": ";",
          "percentSign": "%",
          "plusSign": "+",
          "minusSign": "-",
          "exponential": "E",
          "superscriptingExponent": "×",
          "perMille": "‰",
          "infinity": "∞",
          "nan": "NaN",
          "timeSeparator": ":"
        },
        "decimalFormats-numberSystem-latn": {
          "standard": "#,##0.###",
          "long": {
            "decimalFormat": {
              "1000-count-one": "0 hiljada",
              "1000-count-few": "0 hiljade",
              "1000-count-other": "0 hiljada",
              "10000-count-one": "00 hiljada",
              "10000-count-few": "00 hiljade",
              "10000-count-other": "00 hiljada",
              "100000-count-one": "000 hiljada",
              "100000-count-few": "000 hiljade",
              "100000-count-other": "000 hiljada",
              "1000000-count-one": "0 milion",
              "1000000-count-few": "0 miliona",
              "1000000-count-other": "0 miliona",
              "10000000-count-one": "00 milion",
              "10000000-count-few": "00 miliona",
              "10000000-count-other": "00 miliona",
              "100000000-count-one": "000 milion",
              "100000000-count-few": "000 miliona",
              "100000000-count-other": "000 miliona",
              "1000000000-count-one": "0 milijarda",
              "1000000000-count-few": "0 milijarde",
              "1000000000-count-other": "0 milijardi",
              "10000000000-count-one": "00 milijarda",
              "10000000000-count-few": "00 milijarde",
              "10000000000-count-other": "00 milijardi",
              "100000000000-count-one": "000 milijarda",
              "100000000000-count-few": "000 milijarde",
              "100000000000-count-other": "000 milijardi",
              "1000000000000-count-one": "0 bilion",
              "1000000000000-count-few": "0 biliona",
              "1000000000000-count-other": "0 biliona",
              "10000000000000-count-one": "00 bilion",
              "10000000000000-count-few": "00 biliona",
              "10000000000000-count-other": "00 biliona",
              "100000000000000-count-one": "000 bilion",
              "100000000000000-count-few": "000 biliona",
              "100000000000000-count-other": "000 biliona"
            }
          },
          "short": {
            "decimalFormat": {
              "1000-count-one": "0 hilj'.'",
              "1000-count-few": "0 hilj'.'",
              "1000-count-other": "0 hilj'.'",
              "10000-count-one": "00 hilj'.'",
              "10000-count-few": "00 hilj'.'",
              "10000-count-other": "00 hilj'.'",
              "100000-count-one": "000 hilj'.'",
              "100000-count-few": "000 hilj'.'",
              "100000-count-other": "000 hilj'.'",
              "1000000-count-one": "0 mil'.'",
              "1000000-count-few": "0 mil'.'",
              "1000000-count-other": "0 mil'.'",
              "10000000-count-one": "00 mil'.'",
              "10000000-count-few": "00 mil'.'",
              "10000000-count-other": "00 mil'.'",
              "100000000-count-one": "000 mil'.'",
              "100000000-count-few": "000 mil'.'",
              "100000000-count-other": "000 mil'.'",
              "1000000000-count-one": "0 mlr'.'",
              "1000000000-count-few": "0 mlr'.'",
              "1000000000-count-other": "0 mlr'.'",
              "10000000000-count-one": "00 mlr'.'",
              "10000000000-count-few": "00 mlr'.'",
              "10000000000-count-other": "00 mlr'.'",
              "100000000000-count-one": "000 mlr'.'",
              "100000000000-count-few": "000 mlr'.'",
              "100000000000-count-other": "000 mlr'.'",
              "1000000000000-count-one": "0 bil'.'",
              "1000000000000-count-few": "0 bil'.'",
              "1000000000000-count-other": "0 bil'.'",
              "10000000000000-count-one": "00 bil'.'",
              "10000000000000-count-few": "00 bil'.'",
              "10000000000000-count-other": "00 bil'.'",
              "100000000000000-count-one": "000 bil'.'",
              "100000000000000-count-few": "000 bil'.'",
              "100000000000000-count-other": "000 bil'.'"
            }
          }
        },
        "scientificFormats-numberSystem-latn": {
          "standard": "#E0"
        },
        "percentFormats-numberSystem-latn": {
          "standard": "#,##0%"
        },
        "currencyFormats-numberSystem-latn": {
          "currencySpacing": {
            "beforeCurrency": {
              "currencyMatch": "[:^S:]",
              "surroundingMatch": "[:digit:]",
              "insertBetween": " "
            },
            "afterCurrency": {
              "currencyMatch": "[:^S:]",
              "surroundingMatch": "[:digit:]",
              "insertBetween": " "
            }
          },
          "standard": "#,##0.00 ¤",
          "accounting": "#,##0.00 ¤",
          "short": {
            "standard": {
              "1000-count-other": "¤ 0K",
              "10000-count-other": "¤ 00K",
              "100000-count-other": "¤ 000K",
              "1000000-count-other": "¤ 0M",
              "10000000-count-other": "¤ 00M",
              "100000000-count-other": "¤ 000M",
              "1000000000-count-other": "¤ 0G",
              "10000000000-count-other": "¤ 00G",
              "100000000000-count-other": "¤ 000G",
              "1000000000000-count-other": "¤ 0T",
              "10000000000000-count-other": "¤ 00T",
              "100000000000000-count-other": "¤ 000T"
            }
          },
          "unitPattern-count-one": "{0} {1}",
          "unitPattern-count-few": "{0} {1}",
          "unitPattern-count-other": "{0} {1}"
        },
        "miscPatterns-numberSystem-latn": {
          "atLeast": "{0}+",
          "range": "{0}–{1}"
        }
      }
    }
  }
}
