{
  "main": {
    "te": {
      "identity": {
        "version": {
          "_number": "$Revision: 12293 $",
          "_cldrVersion": "29"
        },
        "language": "te"
      },
      "numbers": {
        "defaultNumberingSystem": "latn",
        "otherNumberingSystems": {
          "native": "telu"
        },
        "minimumGroupingDigits": "1",
        "symbols-numberSystem-latn": {
          "decimal": ".",
          "group": ",",
          "list": ";",
          "percentSign": "%",
          "plusSign": "+",
          "minusSign": "-",
          "exponential": "E",
          "superscriptingExponent": "×",
          "perMille": "‰",
          "infinity": "∞",
          "nan": "NaN",
          "timeSeparator": ":"
        },
        "symbols-numberSystem-telu": {
          "decimal": ".",
          "group": ",",
          "list": ";",
          "percentSign": "%",
          "plusSign": "+",
          "minusSign": "-",
          "exponential": "E",
          "superscriptingExponent": "×",
          "perMille": "‰",
          "infinity": "∞",
          "nan": "NaN",
          "timeSeparator": ":"
        },
        "decimalFormats-numberSystem-latn": {
          "standard": "#,##,##0.###",
          "long": {
            "decimalFormat": {
              "1000-count-one": "0 వేయి",
              "1000-count-other": "0 వేలు",
              "10000-count-one": "00 వేలు",
              "10000-count-other": "00 వేలు",
              "100000-count-one": "000 వేలు",
              "100000-count-other": "000 వేలు",
              "1000000-count-one": "0 మిలియన్",
              "1000000-count-other": "0 మిలియన్లు",
              "10000000-count-one": "00 మిలియన్లు",
              "10000000-count-other": "00 మిలియన్లు",
              "100000000-count-one": "000 మిలియన్లు",
              "100000000-count-other": "000 మిలియన్లు",
              "1000000000-count-one": "0 బిలియన్",
              "1000000000-count-other": "0 బిలియన్లు",
              "10000000000-count-one": "00 బిలియన్లు",
              "10000000000-count-other": "00 బిలియన్లు",
              "100000000000-count-one": "000 బిలియన్లు",
              "100000000000-count-other": "000 బిలియన్లు",
              "1000000000000-count-one": "0 ట్రిలియన్",
              "1000000000000-count-other": "0 ట్రిలియన్లు",
              "10000000000000-count-one": "00 ట్రిలియన్లు",
              "10000000000000-count-other": "00 ట్రిలియన్లు",
              "100000000000000-count-one": "000 ట్రిలియన్లు",
              "100000000000000-count-other": "000 ట్రిలియన్లు"
            }
          },
          "short": {
            "decimalFormat": {
              "1000-count-one": "0వే",
              "1000-count-other": "0వే",
              "10000-count-one": "00వే",
              "10000-count-other": "00వే",
              "100000-count-one": "000వే",
              "100000-count-other": "000వే",
              "1000000-count-one": "0మి",
              "1000000-count-other": "0మి",
              "10000000-count-one": "00మి",
              "10000000-count-other": "00మి",
              "100000000-count-one": "000మి",
              "100000000-count-other": "000మి",
              "1000000000-count-one": "0బి",
              "1000000000-count-other": "0బి",
              "10000000000-count-one": "00బి",
              "10000000000-count-other": "00బి",
              "100000000000-count-one": "000బి",
              "100000000000-count-other": "000బి",
              "1000000000000-count-one": "0ట్రి",
              "1000000000000-count-other": "0ట్రి",
              "10000000000000-count-one": "00ట్రి",
              "10000000000000-count-other": "00ట్రి",
              "100000000000000-count-one": "000ట్రి",
              "100000000000000-count-other": "000ట్రి"
            }
          }
        },
        "decimalFormats-numberSystem-telu": {
          "standard": "#,##,##0.###",
          "long": {
            "decimalFormat": {
              "1000-count-one": "0 వేలు",
              "1000-count-other": "0 వేలు",
              "10000-count-one": "00 వేలు",
              "10000-count-other": "00 వేలు",
              "100000-count-one": "000 వేలు",
              "100000-count-other": "000 వేలు",
              "1000000-count-one": "0 మిలియన్లు",
              "1000000-count-other": "0 మిలియన్లు",
              "10000000-count-one": "00 మిలియన్లు",
              "10000000-count-other": "00 మిలియన్లు",
              "100000000-count-one": "000 మిలియన్లు",
              "100000000-count-other": "000 మిలియన్లు",
              "1000000000-count-one": "0 బిలియన్లు",
              "1000000000-count-other": "0 బిలియన్లు",
              "10000000000-count-one": "00 బిలియన్లు",
              "10000000000-count-other": "00 బిలియన్లు",
              "100000000000-count-one": "000 బిలియన్లు",
              "100000000000-count-other": "000 బిలియన్లు",
              "1000000000000-count-one": "0 ట్రిలియన్లు",
              "1000000000000-count-other": "0 ట్రిలియన్లు",
              "10000000000000-count-one": "00 ట్రిలియన్లు",
              "10000000000000-count-other": "00 ట్రిలియన్లు",
              "100000000000000-count-one": "000 ట్రిలియన్లు",
              "100000000000000-count-other": "000 ట్రిలియన్లు"
            }
          },
          "short": {
            "decimalFormat": {
              "1000-count-one": "0వే",
              "1000-count-other": "0వే",
              "10000-count-one": "00వే",
              "10000-count-other": "00వే",
              "100000-count-one": "000వే",
              "100000-count-other": "000వే",
              "1000000-count-one": "0మి",
              "1000000-count-other": "0మి",
              "10000000-count-one": "00మి",
              "10000000-count-other": "00మి",
              "100000000-count-one": "000మి",
              "100000000-count-other": "000మి",
              "1000000000-count-one": "0బి",
              "1000000000-count-other": "0బి",
              "10000000000-count-one": "00బి",
              "10000000000-count-other": "00బి",
              "100000000000-count-one": "000బి",
              "100000000000-count-other": "000బి",
              "1000000000000-count-one": "0ట్రి",
              "1000000000000-count-other": "0ట్రి",
              "10000000000000-count-one": "00ట్రి",
              "10000000000000-count-other": "00ట్రి",
              "100000000000000-count-one": "000ట్రి",
              "100000000000000-count-other": "000ట్రి"
            }
          }
        },
        "scientificFormats-numberSystem-latn": {
          "standard": "#E0"
        },
        "scientificFormats-numberSystem-telu": {
          "standard": "#E0"
        },
        "percentFormats-numberSystem-latn": {
          "standard": "#,##0%"
        },
        "percentFormats-numberSystem-telu": {
          "standard": "#,##0%"
        },
        "currencyFormats-numberSystem-latn": {
          "currencySpacing": {
            "beforeCurrency": {
              "currencyMatch": "[:^S:]",
              "surroundingMatch": "[:digit:]",
              "insertBetween": " "
            },
            "afterCurrency": {
              "currencyMatch": "[:^S:]",
              "surroundingMatch": "[:digit:]",
              "insertBetween": " "
            }
          },
          "standard": "¤#,##,##0.00",
          "accounting": "¤#,##,##0.00;(¤#,##,##0.00)",
          "short": {
            "standard": {
              "1000-count-one": "¤0వే",
              "1000-count-other": "¤0వే",
              "10000-count-one": "¤00వే",
              "10000-count-other": "¤00వే",
              "100000-count-one": "¤000వే",
              "100000-count-other": "¤000వే",
              "1000000-count-one": "¤0మి",
              "1000000-count-other": "¤0మి",
              "10000000-count-one": "¤00మి",
              "10000000-count-other": "¤00మి",
              "100000000-count-one": "¤000మి",
              "100000000-count-other": "¤000మి",
              "1000000000-count-one": "¤0బి",
              "1000000000-count-other": "¤0బి",
              "10000000000-count-one": "¤00బి",
              "10000000000-count-other": "¤00బి",
              "100000000000-count-one": "¤000బి",
              "100000000000-count-other": "¤000బి",
              "1000000000000-count-one": "¤0ట్రి",
              "1000000000000-count-other": "¤0ట్రి",
              "10000000000000-count-one": "¤00ట్రి",
              "10000000000000-count-other": "¤00ట్రి",
              "100000000000000-count-one": "¤000ట్రి",
              "100000000000000-count-other": "¤000ట్రి"
            }
          },
          "unitPattern-count-one": "{0} {1}",
          "unitPattern-count-other": "{0} {1}"
        },
        "currencyFormats-numberSystem-telu": {
          "currencySpacing": {
            "beforeCurrency": {
              "currencyMatch": "[:^S:]",
              "surroundingMatch": "[:digit:]",
              "insertBetween": " "
            },
            "afterCurrency": {
              "currencyMatch": "[:^S:]",
              "surroundingMatch": "[:digit:]",
              "insertBetween": " "
            }
          },
          "standard": "¤#,##,##0.00",
          "accounting": "¤#,##,##0.00;(¤#,##,##0.00)",
          "short": {
            "standard": {
              "1000-count-one": "¤0వే",
              "1000-count-other": "¤0వే",
              "10000-count-one": "¤00వే",
              "10000-count-other": "¤00వే",
              "100000-count-one": "¤000వే",
              "100000-count-other": "¤000వే",
              "1000000-count-one": "¤0మి",
              "1000000-count-other": "¤0మి",
              "10000000-count-one": "¤00మి",
              "10000000-count-other": "¤00మి",
              "100000000-count-one": "¤000మి",
              "100000000-count-other": "¤000మి",
              "1000000000-count-one": "¤0బి",
              "1000000000-count-other": "¤0బి",
              "10000000000-count-one": "¤00బి",
              "10000000000-count-other": "¤00బి",
              "100000000000-count-one": "¤000బి",
              "100000000000-count-other": "¤000బి",
              "1000000000000-count-one": "¤0ట్రి",
              "1000000000000-count-other": "¤0ట్రి",
              "10000000000000-count-one": "¤00ట్రి",
              "10000000000000-count-other": "¤00ట్రి",
              "100000000000000-count-one": "¤000ట్రి",
              "100000000000000-count-other": "¤000ట్రి"
            }
          },
          "unitPattern-count-one": "{0} {1}",
          "unitPattern-count-other": "{0} {1}"
        },
        "miscPatterns-numberSystem-latn": {
          "atLeast": "{0}+",
          "range": "{0}–{1}"
        },
        "miscPatterns-numberSystem-telu": {
          "atLeast": "{0}+",
          "range": "{0}–{1}"
        }
      }
    }
  }
}
