{
  "main": {
    "pa": {
      "identity": {
        "version": {
          "_number": "$Revision: 12293 $",
          "_cldrVersion": "29"
        },
        "language": "pa"
      },
      "numbers": {
        "defaultNumberingSystem": "latn",
        "otherNumberingSystems": {
          "native": "guru"
        },
        "minimumGroupingDigits": "1",
        "symbols-numberSystem-guru": {
          "decimal": ".",
          "group": ",",
          "list": ";",
          "percentSign": "%",
          "plusSign": "+",
          "minusSign": "-",
          "exponential": "E",
          "superscriptingExponent": "×",
          "perMille": "‰",
          "infinity": "∞",
          "nan": "NaN",
          "timeSeparator": ":"
        },
        "symbols-numberSystem-latn": {
          "decimal": ".",
          "group": ",",
          "list": ";",
          "percentSign": "%",
          "plusSign": "+",
          "minusSign": "-",
          "exponential": "E",
          "superscriptingExponent": "×",
          "perMille": "‰",
          "infinity": "∞",
          "nan": "NaN",
          "timeSeparator": ":"
        },
        "decimalFormats-numberSystem-guru": {
          "standard": "#,##,##0.###",
          "long": {
            "decimalFormat": {
              "1000-count-one": "0 ਹਜ਼ਾਰ",
              "1000-count-other": "0 ਹਜ਼ਾਰ",
              "10000-count-one": "00 ਹਜ਼ਾਰ",
              "10000-count-other": "00 ਹਜ਼ਾਰ",
              "100000-count-one": "0 ਲੱਖ",
              "100000-count-other": "0 ਲੱਖ",
              "1000000-count-one": "00 ਲੱਖ",
              "1000000-count-other": "00 ਲੱਖ",
              "10000000-count-one": "0 ਕਰੋੜ",
              "10000000-count-other": "0 ਕਰੋੜ",
              "100000000-count-one": "00 ਕਰੋੜ",
              "100000000-count-other": "00 ਕਰੋੜ",
              "1000000000-count-one": "0 ਅਰਬ",
              "1000000000-count-other": "0 ਅਰਬ",
              "10000000000-count-one": "00 ਅਰਬ",
              "10000000000-count-other": "00 ਅਰਬ",
              "100000000000-count-one": "0 ਖਰਬ",
              "100000000000-count-other": "0 ਖਰਬ",
              "1000000000000-count-one": "00 ਖਰਬ",
              "1000000000000-count-other": "00 ਖਰਬ",
              "10000000000000-count-one": "0 ਨੀਲ",
              "10000000000000-count-other": "0 ਨੀਲ",
              "100000000000000-count-one": "00 ਨੀਲ",
              "100000000000000-count-other": "00 ਨੀਲ"
            }
          },
          "short": {
            "decimalFormat": {
              "1000-count-one": "0 ਹਜ਼ਾਰ",
              "1000-count-other": "0 ਹਜ਼ਾਰ",
              "10000-count-one": "00 ਹਜ਼ਾਰ",
              "10000-count-other": "00 ਹਜ਼ਾਰ",
              "100000-count-one": "0 ਲੱਖ",
              "100000-count-other": "0 ਲੱਖ",
              "1000000-count-one": "00 ਲੱਖ",
              "1000000-count-other": "00 ਲੱਖ",
              "10000000-count-one": "0 ਕਰੋੜ",
              "10000000-count-other": "0 ਕਰੋੜ",
              "100000000-count-one": "00 ਕਰੋੜ",
              "100000000-count-other": "00 ਕਰੋੜ",
              "1000000000-count-one": "0 ਅਰਬ",
              "1000000000-count-other": "0 ਅਰਬ",
              "10000000000-count-one": "00 ਅਰਬ",
              "10000000000-count-other": "00 ਅਰਬ",
              "100000000000-count-one": "0 ਖਰਬ",
              "100000000000-count-other": "0 ਖਰਬ",
              "1000000000000-count-one": "00 ਖਰਬ",
              "1000000000000-count-other": "00 ਖਰਬ",
              "10000000000000-count-one": "0 ਨੀਲ",
              "10000000000000-count-other": "0 ਨੀਲ",
              "100000000000000-count-one": "00 ਨੀਲ",
              "100000000000000-count-other": "00 ਨੀਲ"
            }
          }
        },
        "decimalFormats-numberSystem-latn": {
          "standard": "#,##,##0.###",
          "long": {
            "decimalFormat": {
              "1000-count-one": "0 ਹਜ਼ਾਰ",
              "1000-count-other": "0 ਹਜ਼ਾਰ",
              "10000-count-one": "00 ਹਜ਼ਾਰ",
              "10000-count-other": "00 ਹਜ਼ਾਰ",
              "100000-count-one": "0 ਲੱਖ",
              "100000-count-other": "0 ਲੱਖ",
              "1000000-count-one": "00 ਲੱਖ",
              "1000000-count-other": "00 ਲੱਖ",
              "10000000-count-one": "0 ਕਰੋੜ",
              "10000000-count-other": "0 ਕਰੋੜ",
              "100000000-count-one": "00 ਕਰੋੜ",
              "100000000-count-other": "00 ਕਰੋੜ",
              "1000000000-count-one": "0 ਅਰਬ",
              "1000000000-count-other": "0 ਅਰਬ",
              "10000000000-count-one": "00 ਅਰਬ",
              "10000000000-count-other": "00 ਅਰਬ",
              "100000000000-count-one": "0 ਖਰਬ",
              "100000000000-count-other": "0 ਖਰਬ",
              "1000000000000-count-one": "00 ਖਰਬ",
              "1000000000000-count-other": "00 ਖਰਬ",
              "10000000000000-count-one": "0 ਨੀਲ",
              "10000000000000-count-other": "0 ਨੀਲ",
              "100000000000000-count-one": "00 ਨੀਲ",
              "100000000000000-count-other": "00 ਨੀਲ"
            }
          },
          "short": {
            "decimalFormat": {
              "1000-count-one": "0 ਹਜ਼ਾਰ",
              "1000-count-other": "0 ਹਜ਼ਾਰ",
              "10000-count-one": "00 ਹਜ਼ਾਰ",
              "10000-count-other": "00 ਹਜ਼ਾਰ",
              "100000-count-one": "0 ਲੱਖ",
              "100000-count-other": "0 ਲੱਖ",
              "1000000-count-one": "00 ਲੱਖ",
              "1000000-count-other": "00 ਲੱਖ",
              "10000000-count-one": "0 ਕਰੋੜ",
              "10000000-count-other": "0 ਕਰੋੜ",
              "100000000-count-one": "00 ਕਰੋੜ",
              "100000000-count-other": "00 ਕਰੋੜ",
              "1000000000-count-one": "0 ਅਰਬ",
              "1000000000-count-other": "0 ਅਰਬ",
              "10000000000-count-one": "00 ਅਰਬ",
              "10000000000-count-other": "00 ਅਰਬ",
              "100000000000-count-one": "0 ਖਰਬ",
              "100000000000-count-other": "0 ਖਰਬ",
              "1000000000000-count-one": "00 ਖਰਬ",
              "1000000000000-count-other": "00 ਖਰਬ",
              "10000000000000-count-one": "0 ਨੀਲ",
              "10000000000000-count-other": "0 ਨੀਲ",
              "100000000000000-count-one": "00 ਨੀਲ",
              "100000000000000-count-other": "00 ਨੀਲ"
            }
          }
        },
        "scientificFormats-numberSystem-guru": {
          "standard": "[#E0]"
        },
        "scientificFormats-numberSystem-latn": {
          "standard": "[#E0]"
        },
        "percentFormats-numberSystem-guru": {
          "standard": "#,##,##0%"
        },
        "percentFormats-numberSystem-latn": {
          "standard": "#,##,##0%"
        },
        "currencyFormats-numberSystem-guru": {
          "currencySpacing": {
            "beforeCurrency": {
              "currencyMatch": "[:^S:]",
              "surroundingMatch": "[:digit:]",
              "insertBetween": " "
            },
            "afterCurrency": {
              "currencyMatch": "[:^S:]",
              "surroundingMatch": "[:digit:]",
              "insertBetween": " "
            }
          },
          "standard": "¤ #,##,##0.00",
          "accounting": "¤ #,##0.00",
          "short": {
            "standard": {
              "1000-count-one": "¤ 0 ਹਜ਼ਾਰ",
              "1000-count-other": "¤ 0 ਹਜ਼ਾਰ",
              "10000-count-one": "¤ 00 ਹਜ਼ਾਰ",
              "10000-count-other": "¤ 00 ਹਜ਼ਾਰ",
              "100000-count-one": "¤ 0 ਲੱਖ",
              "100000-count-other": "¤ 0 ਲੱਖ",
              "1000000-count-one": "¤ 00 ਲੱਖ",
              "1000000-count-other": "¤ 00 ਲੱਖ",
              "10000000-count-one": "¤ 0 ਕਰੋੜ",
              "10000000-count-other": "¤ 0 ਕਰੋੜ",
              "100000000-count-one": "¤ 00 ਕਰੋੜ",
              "100000000-count-other": "¤ 00 ਕਰੋੜ",
              "1000000000-count-one": "¤ 0 ਅਰਬ",
              "1000000000-count-other": "¤ 0 ਅਰਬ",
              "10000000000-count-one": "¤ 00 ਅਰਬ",
              "10000000000-count-other": "¤ 00 ਅਰਬ",
              "100000000000-count-one": "¤ 0 ਖਰਬ",
              "100000000000-count-other": "¤ 0 ਖਰਬ",
              "1000000000000-count-one": "¤ 00 ਖਰਬ",
              "1000000000000-count-other": "¤ 00 ਖਰਬ",
              "10000000000000-count-one": "¤ 0 ਨੀਲ",
              "10000000000000-count-other": "¤ 0 ਨੀਲ",
              "100000000000000-count-one": "¤ 00 ਨੀਲ",
              "100000000000000-count-other": "¤ 00 ਨੀਲ"
            }
          },
          "unitPattern-count-one": "{0} {1}",
          "unitPattern-count-other": "{0} {1}"
        },
        "currencyFormats-numberSystem-latn": {
          "currencySpacing": {
            "beforeCurrency": {
              "currencyMatch": "[:^S:]",
              "surroundingMatch": "[:digit:]",
              "insertBetween": " "
            },
            "afterCurrency": {
              "currencyMatch": "[:^S:]",
              "surroundingMatch": "[:digit:]",
              "insertBetween": " "
            }
          },
          "standard": "¤ #,##,##0.00",
          "accounting": "¤ #,##0.00",
          "short": {
            "standard": {
              "1000-count-one": "¤ 0 ਹਜ਼ਾਰ",
              "1000-count-other": "¤ 0 ਹਜ਼ਾਰ",
              "10000-count-one": "¤ 00 ਹਜ਼ਾਰ",
              "10000-count-other": "¤ 00 ਹਜ਼ਾਰ",
              "100000-count-one": "¤ 0 ਲੱਖ",
              "100000-count-other": "¤ 0 ਲੱਖ",
              "1000000-count-one": "¤ 00 ਲੱਖ",
              "1000000-count-other": "¤ 00 ਲੱਖ",
              "10000000-count-one": "¤ 0 ਕਰੋੜ",
              "10000000-count-other": "¤ 0 ਕਰੋੜ",
              "100000000-count-one": "¤ 00 ਕਰੋੜ",
              "100000000-count-other": "¤ 00 ਕਰੋੜ",
              "1000000000-count-one": "¤ 0 ਅਰਬ",
              "1000000000-count-other": "¤ 0 ਅਰਬ",
              "10000000000-count-one": "¤ 00 ਅਰਬ",
              "10000000000-count-other": "¤ 00 ਅਰਬ",
              "100000000000-count-one": "¤ 0 ਖਰਬ",
              "100000000000-count-other": "¤ 0 ਖਰਬ",
              "1000000000000-count-one": "¤ 00 ਖਰਬ",
              "1000000000000-count-other": "¤ 00 ਖਰਬ",
              "10000000000000-count-one": "¤ 0 ਨੀਲ",
              "10000000000000-count-other": "¤ 0 ਨੀਲ",
              "100000000000000-count-one": "¤ 00 ਨੀਲ",
              "100000000000000-count-other": "¤ 00 ਨੀਲ"
            }
          },
          "unitPattern-count-one": "{0} {1}",
          "unitPattern-count-other": "{0} {1}"
        },
        "miscPatterns-numberSystem-guru": {
          "atLeast": "{0}+",
          "range": "{0}–{1}"
        },
        "miscPatterns-numberSystem-latn": {
          "atLeast": "{0}+",
          "range": "{0}–{1}"
        }
      }
    }
  }
}
