{
  "main": {
    "dz": {
      "identity": {
        "version": {
          "_number": "$Revision: 12307 $",
          "_cldrVersion": "29"
        },
        "language": "dz"
      },
      "numbers": {
        "defaultNumberingSystem": "tibt",
        "otherNumberingSystems": {
          "native": "tibt"
        },
        "minimumGroupingDigits": "1",
        "symbols-numberSystem-latn": {
          "decimal": ".",
          "group": ",",
          "list": ";",
          "percentSign": "%",
          "plusSign": "+",
          "minusSign": "-",
          "exponential": "E",
          "superscriptingExponent": "×",
          "perMille": "‰",
          "infinity": "∞",
          "nan": "NaN",
          "timeSeparator": ":"
        },
        "symbols-numberSystem-tibt": {
          "decimal": ".",
          "group": ",",
          "list": "དང་",
          "percentSign": "%",
          "plusSign": "+",
          "minusSign": "-",
          "exponential": "E",
          "superscriptingExponent": "×",
          "perMille": "‰",
          "infinity": "གྲངས་མེད",
          "nan": "ཨང་མད",
          "timeSeparator": ":"
        },
        "decimalFormats-numberSystem-latn": {
          "standard": "#,##,##0.###",
          "long": {
            "decimalFormat": {
              "1000-count-other": "སྟོང་ཕྲག 0",
              "10000-count-other": "ཁྲི་ཕྲག 0",
              "100000-count-other": "འབུམ་ཕྲག 0",
              "1000000-count-other": "ས་ཡ་ 0",
              "10000000-count-other": "བྱེ་བ་ 0",
              "100000000-count-other": "དུང་ཕྱུར་ 0",
              "1000000000-count-other": "དུང་ཕྱུར་ 00",
              "10000000000-count-other": "དུང་ཕྱུར་བརྒྱ་ 0",
              "100000000000-count-other": "དུང་ཕྱུར་སྟོང 0",
              "1000000000000-count-other": "དུང་ཕྱུར་ཁྲི་ 0",
              "10000000000000-count-other": "དུང་ཕྱུར་འབུམ་ 0",
              "100000000000000-count-other": "དུང་ཕྱུར་ས་ཡ་ 0"
            }
          },
          "short": {
            "decimalFormat": {
              "1000-count-other": "0K",
              "10000-count-other": "00K",
              "100000-count-other": "000K",
              "1000000-count-other": "0M",
              "10000000-count-other": "00M",
              "100000000-count-other": "000M",
              "1000000000-count-other": "0G",
              "10000000000-count-other": "00G",
              "100000000000-count-other": "000G",
              "1000000000000-count-other": "0T",
              "10000000000000-count-other": "00T",
              "100000000000000-count-other": "000T"
            }
          }
        },
        "decimalFormats-numberSystem-tibt": {
          "standard": "#,##,##0.###",
          "long": {
            "decimalFormat": {
              "1000-count-other": "སྟོང་ཕྲག 0",
              "10000-count-other": "ཁྲི་ཕྲག 0",
              "100000-count-other": "འབུམ་ཕྲག 0",
              "1000000-count-other": "ས་ཡ་ 0",
              "10000000-count-other": "བྱེ་བ་ 0",
              "100000000-count-other": "དུང་ཕྱུར་ 0",
              "1000000000-count-other": "དུང་ཕྱུར་ 00",
              "10000000000-count-other": "དུང་ཕྱུར་བརྒྱ་ 0",
              "100000000000-count-other": "དུང་ཕྱུར་སྟོང 0",
              "1000000000000-count-other": "དུང་ཕྱུར་ཁྲི་ 0",
              "10000000000000-count-other": "དུང་ཕྱུར་འབུམ་ 0",
              "100000000000000-count-other": "དུང་ཕྱུར་ས་ཡ་ 0"
            }
          },
          "short": {
            "decimalFormat": {
              "1000-count-other": "0K",
              "10000-count-other": "00K",
              "100000-count-other": "000K",
              "1000000-count-other": "0M",
              "10000000-count-other": "00M",
              "100000000-count-other": "000M",
              "1000000000-count-other": "0G",
              "10000000000-count-other": "00G",
              "100000000000-count-other": "000G",
              "1000000000000-count-other": "0T",
              "10000000000000-count-other": "00T",
              "100000000000000-count-other": "000T"
            }
          }
        },
        "scientificFormats-numberSystem-latn": {
          "standard": "#E0"
        },
        "scientificFormats-numberSystem-tibt": {
          "standard": "#E0"
        },
        "percentFormats-numberSystem-latn": {
          "standard": "#,##,##0 %"
        },
        "percentFormats-numberSystem-tibt": {
          "standard": "#,##,##0 %"
        },
        "currencyFormats-numberSystem-latn": {
          "currencySpacing": {
            "beforeCurrency": {
              "currencyMatch": "[:^S:]",
              "surroundingMatch": "[:digit:]",
              "insertBetween": " "
            },
            "afterCurrency": {
              "currencyMatch": "[:^S:]",
              "surroundingMatch": "[:digit:]",
              "insertBetween": " "
            }
          },
          "standard": "¤#,##,##0.00",
          "accounting": "¤#,##,##0.00",
          "short": {
            "standard": {
              "1000-count-other": "¤ 0K",
              "10000-count-other": "¤ 00K",
              "100000-count-other": "¤ 000K",
              "1000000-count-other": "¤ 0M",
              "10000000-count-other": "¤ 00M",
              "100000000-count-other": "¤ 000M",
              "1000000000-count-other": "¤ 0G",
              "10000000000-count-other": "¤ 00G",
              "100000000000-count-other": "¤ 000G",
              "1000000000000-count-other": "¤ 0T",
              "10000000000000-count-other": "¤ 00T",
              "100000000000000-count-other": "¤ 000T"
            }
          },
          "unitPattern-count-other": "{0} {1}"
        },
        "currencyFormats-numberSystem-tibt": {
          "currencySpacing": {
            "beforeCurrency": {
              "currencyMatch": "[:^S:]",
              "surroundingMatch": "[:digit:]",
              "insertBetween": " "
            },
            "afterCurrency": {
              "currencyMatch": "[:^S:]",
              "surroundingMatch": "[:digit:]",
              "insertBetween": " "
            }
          },
          "standard": "¤#,##,##0.00",
          "accounting": "¤#,##,##0.00",
          "short": {
            "standard": {
              "1000-count-other": "¤ 0K",
              "10000-count-other": "¤ 00K",
              "100000-count-other": "¤ 000K",
              "1000000-count-other": "¤ 0M",
              "10000000-count-other": "¤ 00M",
              "100000000-count-other": "¤ 000M",
              "1000000000-count-other": "¤ 0G",
              "10000000000-count-other": "¤ 00G",
              "100000000000-count-other": "¤ 000G",
              "1000000000000-count-other": "¤ 0T",
              "10000000000000-count-other": "¤ 00T",
              "100000000000000-count-other": "¤ 000T"
            }
          },
          "unitPattern-count-other": "{0} {1}"
        },
        "miscPatterns-numberSystem-latn": {
          "atLeast": "⩾{0}",
          "range": "{0}–{1}"
        },
        "miscPatterns-numberSystem-tibt": {
          "atLeast": "⩾{0}",
          "range": "{0}–{1}"
        }
      }
    }
  }
}
