{
  "main": {
    "gl": {
      "identity": {
        "version": {
          "_number": "$Revision: 12376 $",
          "_cldrVersion": "29"
        },
        "language": "gl"
      },
      "numbers": {
        "currencies": {
          "ADP": {
            "displayName": "peseta andorrana",
            "displayName-count-one": "peseta andorrana",
            "displayName-count-other": "pesetas andorranas",
            "symbol": "ADP"
          },
          "AED": {
            "displayName": "Dirham dos Emiratos Árabes Unidos",
            "displayName-count-one": "dirham dos Emiratos Árabes Unidos",
            "displayName-count-other": "dirhams dos Emiratos Árabes Unidos",
            "symbol": "AED"
          },
          "AFA": {
            "displayName": "AFA",
            "symbol": "AFA"
          },
          "AFN": {
            "displayName": "Afgani afgano",
            "displayName-count-one": "afgani afgano",
            "displayName-count-other": "afganis afganos",
            "symbol": "AFN"
          },
          "ALL": {
            "displayName": "Lek albanés",
            "displayName-count-one": "lek albanés",
            "displayName-count-other": "leks albaneses",
            "symbol": "ALL"
          },
          "AMD": {
            "displayName": "Dram armenio",
            "displayName-count-one": "dram armenio",
            "displayName-count-other": "drams armenios",
            "symbol": "AMD"
          },
          "ANG": {
            "displayName": "Florín das Antillas Neerlandesas",
            "displayName-count-one": "florín das Antillas Neerlandesas",
            "displayName-count-other": "floríns das Antillas Neerlandesas",
            "symbol": "ANG"
          },
          "AOA": {
            "displayName": "Kwanza angoleño",
            "displayName-count-one": "kwanza ngoleño",
            "displayName-count-other": "kwanzas angoleños",
            "symbol": "AOA",
            "symbol-alt-narrow": "Kz"
          },
          "AOK": {
            "displayName": "AOK",
            "symbol": "AOK"
          },
          "AON": {
            "displayName": "AON",
            "symbol": "AON"
          },
          "AOR": {
            "displayName": "AOR",
            "symbol": "AOR"
          },
          "ARA": {
            "displayName": "ARA",
            "symbol": "ARA"
          },
          "ARL": {
            "displayName": "ARL",
            "symbol": "ARL"
          },
          "ARM": {
            "displayName": "ARM",
            "symbol": "ARM"
          },
          "ARP": {
            "displayName": "Peso arxentino (1983–1985)",
            "displayName-count-one": "peso arxentino (ARP)",
            "displayName-count-other": "pesos arxentinos (ARP)",
            "symbol": "ARP"
          },
          "ARS": {
            "displayName": "Peso arxentino",
            "displayName-count-one": "peso arxentino",
            "displayName-count-other": "pesos arxentinos",
            "symbol": "ARS",
            "symbol-alt-narrow": "$"
          },
          "ATS": {
            "displayName": "ATS",
            "symbol": "ATS"
          },
          "AUD": {
            "displayName": "Dólar australiano",
            "displayName-count-one": "dólar australiano",
            "displayName-count-other": "dólares australianos",
            "symbol": "$A",
            "symbol-alt-narrow": "$"
          },
          "AWG": {
            "displayName": "Florín arubeño",
            "displayName-count-one": "florín arubeño",
            "displayName-count-other": "floríns arubeños",
            "symbol": "AWG"
          },
          "AZM": {
            "displayName": "AZM",
            "symbol": "AZM"
          },
          "AZN": {
            "displayName": "Manat acerbaixano",
            "displayName-count-one": "manat acerbaixano",
            "displayName-count-other": "manats acerbaixanos",
            "symbol": "AZN"
          },
          "BAD": {
            "displayName": "BAD",
            "symbol": "BAD"
          },
          "BAM": {
            "displayName": "Marco convertible de Bosnia e Hercegovina",
            "displayName-count-one": "marco convertible de Bosnia e Hercegovina",
            "displayName-count-other": "marcos convertibles de Bosnia e Hercegovina",
            "symbol": "BAM",
            "symbol-alt-narrow": "KM"
          },
          "BAN": {
            "displayName": "BAN",
            "symbol": "BAN"
          },
          "BBD": {
            "displayName": "Dólar de Barbados",
            "displayName-count-one": "dólar de Barbados",
            "displayName-count-other": "dólares de Barbados",
            "symbol": "BBD",
            "symbol-alt-narrow": "$"
          },
          "BDT": {
            "displayName": "Taka de Bangladesh",
            "displayName-count-one": "taka de Bangladesh",
            "displayName-count-other": "takas de Bangladesh",
            "symbol": "BDT",
            "symbol-alt-narrow": "৳"
          },
          "BEC": {
            "displayName": "Franco belga (convertible)",
            "displayName-count-one": "franco belga (convertible)",
            "displayName-count-other": "francos belgas (convertibles)",
            "symbol": "BEC"
          },
          "BEF": {
            "displayName": "Franco belga",
            "displayName-count-one": "franco belga",
            "displayName-count-other": "francos belgas",
            "symbol": "BEF"
          },
          "BEL": {
            "displayName": "Franco belga (financeiro)",
            "displayName-count-one": "franco belga (financeiro)",
            "displayName-count-other": "francos belgas (financeiros)",
            "symbol": "BEL"
          },
          "BGL": {
            "displayName": "BGL",
            "symbol": "BGL"
          },
          "BGM": {
            "displayName": "BGM",
            "symbol": "BGM"
          },
          "BGN": {
            "displayName": "Lev búlgaro",
            "displayName-count-one": "lev búlgaro",
            "displayName-count-other": "levs búlgaros",
            "symbol": "BGN"
          },
          "BGO": {
            "displayName": "BGO",
            "symbol": "BGO"
          },
          "BHD": {
            "displayName": "Dinar de Baréin",
            "displayName-count-one": "dinar de Baréin",
            "displayName-count-other": "dinares de Baréin",
            "symbol": "BHD"
          },
          "BIF": {
            "displayName": "Franco burundés",
            "displayName-count-one": "franco burundés",
            "displayName-count-other": "francos burundeses",
            "symbol": "BIF"
          },
          "BMD": {
            "displayName": "Dólar das Bemudas",
            "displayName-count-one": "dólar das Bermudas",
            "displayName-count-other": "dólares das Bermudas",
            "symbol": "BMD",
            "symbol-alt-narrow": "$"
          },
          "BND": {
            "displayName": "Dólar de Brunei",
            "displayName-count-one": "dólar de Brunei",
            "displayName-count-other": "dólares de Brunei",
            "symbol": "BND",
            "symbol-alt-narrow": "$"
          },
          "BOB": {
            "displayName": "Boliviano",
            "displayName-count-one": "boliviano",
            "displayName-count-other": "bolivianos",
            "symbol": "BOB",
            "symbol-alt-narrow": "Bs"
          },
          "BOL": {
            "displayName": "BOL",
            "symbol": "BOL"
          },
          "BOP": {
            "displayName": "Peso boliviano",
            "displayName-count-one": "peso boliviano",
            "displayName-count-other": "pesos bolivianos",
            "symbol": "BOP"
          },
          "BOV": {
            "displayName": "MVDOL boliviano",
            "symbol": "BOV"
          },
          "BRB": {
            "displayName": "Cruzeiro novo brasileiro (1967–1986)",
            "displayName-count-one": "cruzeiro novo brasileiro",
            "displayName-count-other": "cruzeiros novos brasileiros",
            "symbol": "BRB"
          },
          "BRC": {
            "displayName": "Cruzado brasileiro",
            "displayName-count-one": "cruzado brasileiro",
            "displayName-count-other": "cruzados brasileiros",
            "symbol": "BRC"
          },
          "BRE": {
            "displayName": "Cruzeiro brasileiro (1990–1993)",
            "displayName-count-one": "cruzeiro brasileiro (BRE)",
            "displayName-count-other": "cruzeiros brasileiros (BRE)",
            "symbol": "BRE"
          },
          "BRL": {
            "displayName": "Real brasileiro",
            "displayName-count-one": "real brasileiro",
            "displayName-count-other": "reais brasileiros",
            "symbol": "$R",
            "symbol-alt-narrow": "$R"
          },
          "BRN": {
            "displayName": "Cruzado novo brasileiro",
            "displayName-count-one": "cruzado novo brasileiro",
            "displayName-count-other": "cruzados novos brasileiros",
            "symbol": "BRN"
          },
          "BRR": {
            "displayName": "Cruzeiro brasileiro",
            "displayName-count-one": "cruzeiro brasileiro",
            "displayName-count-other": "cruzeiros brasileiros",
            "symbol": "BRR"
          },
          "BRZ": {
            "displayName": "BRZ",
            "symbol": "BRZ"
          },
          "BSD": {
            "displayName": "Dólar das Bahamas",
            "displayName-count-one": "dólar das Bahamas",
            "displayName-count-other": "dólares das Bahamas",
            "symbol": "BSD",
            "symbol-alt-narrow": "$"
          },
          "BTN": {
            "displayName": "Ngultrum butanés",
            "displayName-count-one": "ngultrum butanés",
            "displayName-count-other": "ngultrums butaneses",
            "symbol": "BTN"
          },
          "BUK": {
            "displayName": "BUK",
            "symbol": "BUK"
          },
          "BWP": {
            "displayName": "Pula botsuano",
            "displayName-count-one": "pula botsuano",
            "displayName-count-other": "pulas botsuanos",
            "symbol": "BWP",
            "symbol-alt-narrow": "P"
          },
          "BYB": {
            "displayName": "BYB",
            "symbol": "BYB"
          },
          "BYR": {
            "displayName": "Rublo bielorruso",
            "displayName-count-one": "rublo bielorruso",
            "displayName-count-other": "rublos bielorrusos",
            "symbol": "BYR",
            "symbol-alt-narrow": "р."
          },
          "BZD": {
            "displayName": "Dólar beliceño",
            "displayName-count-one": "dólar beliceño",
            "displayName-count-other": "dólares beliceños",
            "symbol": "BZD",
            "symbol-alt-narrow": "$"
          },
          "CAD": {
            "displayName": "Dólar canadiano",
            "displayName-count-one": "dólar canadiano",
            "displayName-count-other": "dólares canadianos",
            "symbol": "$CA",
            "symbol-alt-narrow": "$"
          },
          "CDF": {
            "displayName": "Franco congolés",
            "displayName-count-one": "franco congolés",
            "displayName-count-other": "francos congoleses",
            "symbol": "CDF"
          },
          "CHE": {
            "displayName": "CHE",
            "symbol": "CHE"
          },
          "CHF": {
            "displayName": "Franco suízo",
            "displayName-count-one": "franco suízo",
            "displayName-count-other": "francos suizos",
            "symbol": "CHF"
          },
          "CHW": {
            "displayName": "CHW",
            "symbol": "CHW"
          },
          "CLE": {
            "displayName": "CLE",
            "symbol": "CLE"
          },
          "CLF": {
            "displayName": "Unidades de fomento chilenas",
            "displayName-count-one": "unidade de fomento chilena",
            "displayName-count-other": "unidades de fomento chilenas",
            "symbol": "CLF"
          },
          "CLP": {
            "displayName": "Peso chileno",
            "displayName-count-one": "peso chileno",
            "displayName-count-other": "pesos chilenos",
            "symbol": "CLP",
            "symbol-alt-narrow": "$"
          },
          "CNY": {
            "displayName": "Iuán chinés",
            "displayName-count-one": "iuán chinés",
            "displayName-count-other": "iuáns chineses",
            "symbol": "CN¥",
            "symbol-alt-narrow": "¥"
          },
          "COP": {
            "displayName": "Peso colombiano",
            "displayName-count-one": "peso colombiano",
            "displayName-count-other": "pesos colombianos",
            "symbol": "COP",
            "symbol-alt-narrow": "$"
          },
          "COU": {
            "displayName": "COU",
            "symbol": "COU"
          },
          "CRC": {
            "displayName": "Colón costarricense",
            "displayName-count-one": "colón costarricense",
            "displayName-count-other": "colóns costarricenses",
            "symbol": "CRC",
            "symbol-alt-narrow": "₡"
          },
          "CSD": {
            "displayName": "CSD",
            "symbol": "CSD"
          },
          "CSK": {
            "displayName": "CSK",
            "symbol": "CSK"
          },
          "CUC": {
            "displayName": "Peso cubano convertible",
            "displayName-count-one": "peso cubano convertible",
            "displayName-count-other": "pesos cubanos convertibles",
            "symbol": "CUC",
            "symbol-alt-narrow": "$"
          },
          "CUP": {
            "displayName": "Peso cubano",
            "displayName-count-one": "peso cubano",
            "displayName-count-other": "pesos cubanos",
            "symbol": "CUP",
            "symbol-alt-narrow": "$"
          },
          "CVE": {
            "displayName": "Escudo caboverdiano",
            "displayName-count-one": "escudo caboverdiano",
            "displayName-count-other": "escudos caboverdianos",
            "symbol": "CVE"
          },
          "CYP": {
            "displayName": "CYP",
            "symbol": "CYP"
          },
          "CZK": {
            "displayName": "Coroa checa",
            "displayName-count-one": "coroa checa",
            "displayName-count-other": "coroas checas",
            "symbol": "CZK",
            "symbol-alt-narrow": "Kč"
          },
          "DDM": {
            "displayName": "DDM",
            "symbol": "DDM"
          },
          "DEM": {
            "displayName": "Marco alemán",
            "displayName-count-one": "marco alemán",
            "displayName-count-other": "marcos alemáns",
            "symbol": "DEM"
          },
          "DJF": {
            "displayName": "Franco xibutiano",
            "displayName-count-one": "franco xibutiano",
            "displayName-count-other": "francos xibutianos",
            "symbol": "DJF"
          },
          "DKK": {
            "displayName": "Coroa dinamarquesa",
            "displayName-count-one": "coroa dinamarquesa",
            "displayName-count-other": "coroas dinamarquesas",
            "symbol": "DKK",
            "symbol-alt-narrow": "kr"
          },
          "DOP": {
            "displayName": "Peso dominicano",
            "displayName-count-one": "peso dominicano",
            "displayName-count-other": "pesos dominicanos",
            "symbol": "DOP",
            "symbol-alt-narrow": "$"
          },
          "DZD": {
            "displayName": "Dinar alxeriano",
            "displayName-count-one": "dinar alxeriano",
            "displayName-count-other": "dinares alxerianos",
            "symbol": "DZD"
          },
          "ECS": {
            "displayName": "Sucre ecuatoriano",
            "displayName-count-one": "sucre ecuatoriano",
            "displayName-count-other": "sucres ecuatorianos",
            "symbol": "ECS"
          },
          "ECV": {
            "displayName": "Unidade de valor constante ecuatoriana",
            "symbol": "ECV"
          },
          "EEK": {
            "displayName": "EEK",
            "symbol": "EEK"
          },
          "EGP": {
            "displayName": "Libra exipcia",
            "displayName-count-one": "libra exipcia",
            "displayName-count-other": "libras exipcias",
            "symbol": "EGP",
            "symbol-alt-narrow": "E£"
          },
          "ERN": {
            "displayName": "Nakfa eritreo",
            "displayName-count-one": "nakfa eritreo",
            "displayName-count-other": "nakfas eritreos",
            "symbol": "ERN"
          },
          "ESA": {
            "displayName": "Peseta española (conta A)",
            "symbol": "ESA"
          },
          "ESB": {
            "displayName": "Peseta española (conta convertible)",
            "symbol": "ESB"
          },
          "ESP": {
            "pattern": "#,##0.00 ¤",
            "displayName": "Peseta española",
            "displayName-count-one": "peseta",
            "displayName-count-other": "pesetas",
            "symbol": "₧",
            "symbol-alt-narrow": "₧",
            "decimal": ",",
            "group": "."
          },
          "ETB": {
            "displayName": "Birr etíope",
            "displayName-count-one": "birr etíope",
            "displayName-count-other": "birres etíopes",
            "symbol": "ETB"
          },
          "EUR": {
            "displayName": "Euro",
            "displayName-count-one": "euro",
            "displayName-count-other": "euros",
            "symbol": "€",
            "symbol-alt-narrow": "€"
          },
          "FIM": {
            "displayName": "FIM",
            "symbol": "FIM"
          },
          "FJD": {
            "displayName": "Dólar fixiano",
            "displayName-count-one": "dólar fixiano",
            "displayName-count-other": "dólares fixianos",
            "symbol": "FJD",
            "symbol-alt-narrow": "$"
          },
          "FKP": {
            "displayName": "Libra das Malvinas",
            "displayName-count-one": "libra de Malvinas",
            "displayName-count-other": "libras de Malvinas",
            "symbol": "FKP",
            "symbol-alt-narrow": "£"
          },
          "FRF": {
            "displayName": "Franco francés",
            "displayName-count-one": "franco francés",
            "displayName-count-other": "francos franceses",
            "symbol": "FRF"
          },
          "GBP": {
            "displayName": "Libra esterlina",
            "displayName-count-one": "libra esterlina",
            "displayName-count-other": "libras esterlinas",
            "symbol": "£",
            "symbol-alt-narrow": "£"
          },
          "GEK": {
            "displayName": "GEK",
            "symbol": "GEK"
          },
          "GEL": {
            "displayName": "Lari xeorxiano",
            "displayName-count-one": "lari xeorxiano",
            "displayName-count-other": "laris xeorxianos",
            "symbol": "GEL",
            "symbol-alt-narrow": "₾",
            "symbol-alt-variant": "₾"
          },
          "GHC": {
            "displayName": "GHC",
            "symbol": "GHC"
          },
          "GHS": {
            "displayName": "Cedi de Gana",
            "displayName-count-one": "cedi de Gana",
            "displayName-count-other": "cedis de Gana",
            "symbol": "GHS"
          },
          "GIP": {
            "displayName": "Libra de Xibraltar",
            "displayName-count-one": "libra xibraltareña",
            "displayName-count-other": "libras xibraltareñas",
            "symbol": "GIP",
            "symbol-alt-narrow": "£"
          },
          "GMD": {
            "displayName": "Dalasi gambiano",
            "displayName-count-one": "dalasi gambiano",
            "displayName-count-other": "dalasis gambianos",
            "symbol": "GMD"
          },
          "GNF": {
            "displayName": "Franco guineano",
            "displayName-count-one": "franco guineano",
            "displayName-count-other": "francos guineanos",
            "symbol": "GNF",
            "symbol-alt-narrow": "FG"
          },
          "GNS": {
            "displayName": "Syli guineano",
            "symbol": "GNS"
          },
          "GQE": {
            "displayName": "Ekwele guineana",
            "symbol": "GQE"
          },
          "GRD": {
            "displayName": "Dracma grego",
            "symbol": "GRD"
          },
          "GTQ": {
            "displayName": "Quetzal guatemalteco",
            "displayName-count-one": "quetzal guatemalteco",
            "displayName-count-other": "quetzal guatemaltecos",
            "symbol": "GTQ",
            "symbol-alt-narrow": "Q"
          },
          "GWE": {
            "displayName": "GWE",
            "symbol": "GWE"
          },
          "GWP": {
            "displayName": "GWP",
            "symbol": "GWP"
          },
          "GYD": {
            "displayName": "Dólar güianés",
            "displayName-count-one": "dólar güianés",
            "displayName-count-other": "dólares güianeses",
            "symbol": "GYD",
            "symbol-alt-narrow": "$"
          },
          "HKD": {
            "displayName": "Dólar de Hong Kong",
            "displayName-count-one": "dólar de Hong Kong",
            "displayName-count-other": "dólares de Hong Kong",
            "symbol": "$HK",
            "symbol-alt-narrow": "$"
          },
          "HNL": {
            "displayName": "Lempira hondureño",
            "displayName-count-one": "lempira hondureño",
            "displayName-count-other": "lempiras hondureños",
            "symbol": "HNL",
            "symbol-alt-narrow": "L"
          },
          "HRD": {
            "displayName": "HRD",
            "symbol": "HRD"
          },
          "HRK": {
            "displayName": "Kuna croata",
            "displayName-count-one": "kuna croata",
            "displayName-count-other": "kunas croatas",
            "symbol": "HRK",
            "symbol-alt-narrow": "kn"
          },
          "HTG": {
            "displayName": "Gourde haitiano",
            "displayName-count-one": "gourde haitiano",
            "displayName-count-other": "gourdes haitianos",
            "symbol": "HTG"
          },
          "HUF": {
            "displayName": "Florín húngaro",
            "displayName-count-one": "florín húngaro",
            "displayName-count-other": "floríns húngaros",
            "symbol": "HUF",
            "symbol-alt-narrow": "Ft"
          },
          "IDR": {
            "displayName": "Rupia indonesia",
            "displayName-count-one": "rupia indonesia",
            "displayName-count-other": "rupias indonesias",
            "symbol": "IDR",
            "symbol-alt-narrow": "Rp"
          },
          "IEP": {
            "displayName": "Libra irlandesa",
            "displayName-count-one": "libra irlandesa",
            "displayName-count-other": "libras irlandesas",
            "symbol": "IEP"
          },
          "ILP": {
            "displayName": "ILP",
            "symbol": "ILP"
          },
          "ILS": {
            "displayName": "Novo shequel israelí",
            "displayName-count-one": "novo shequel israelí",
            "displayName-count-other": "novos shequeis israelíes",
            "symbol": "₪",
            "symbol-alt-narrow": "₪"
          },
          "INR": {
            "displayName": "Rupia india",
            "displayName-count-one": "rupia india",
            "displayName-count-other": "rupias indias",
            "symbol": "₹",
            "symbol-alt-narrow": "₹"
          },
          "IQD": {
            "displayName": "Dinar iraquí",
            "displayName-count-one": "dinar iraquí",
            "displayName-count-other": "dinares iraquíes",
            "symbol": "IQD"
          },
          "IRR": {
            "displayName": "Rial iraniano",
            "displayName-count-one": "rial iraniano",
            "displayName-count-other": "riais iranianos",
            "symbol": "IRR"
          },
          "ISK": {
            "displayName": "Coroa islandesa",
            "displayName-count-one": "coroa islandesa",
            "displayName-count-other": "coroas islandesas",
            "symbol": "ISK",
            "symbol-alt-narrow": "kr"
          },
          "ITL": {
            "displayName": "Lira italiana",
            "symbol": "ITL"
          },
          "JMD": {
            "displayName": "Dólar xamaicano",
            "displayName-count-one": "dólar xamaicano",
            "displayName-count-other": "dólares xamaicanos",
            "symbol": "JMD",
            "symbol-alt-narrow": "$"
          },
          "JOD": {
            "displayName": "Dinar xordano",
            "displayName-count-one": "dinar xordano",
            "displayName-count-other": "dinares xordanos",
            "symbol": "JOD"
          },
          "JPY": {
            "displayName": "Ien xaponés",
            "displayName-count-one": "ien xaponés",
            "displayName-count-other": "iens xaponeses",
            "symbol": "¥JP",
            "symbol-alt-narrow": "¥"
          },
          "KES": {
            "displayName": "Chelín kenyano",
            "displayName-count-one": "chelín kenyano",
            "displayName-count-other": "chelíns kenyanos",
            "symbol": "KES"
          },
          "KGS": {
            "displayName": "Som quirguizo",
            "displayName-count-one": "som quirguizo",
            "displayName-count-other": "soms quirguizos",
            "symbol": "KGS"
          },
          "KHR": {
            "displayName": "Riel camboxano",
            "displayName-count-one": "riel camboxano",
            "displayName-count-other": "rieis camboxanos",
            "symbol": "KHR",
            "symbol-alt-narrow": "៛"
          },
          "KMF": {
            "displayName": "Franco comoriano",
            "displayName-count-one": "franco comoriano",
            "displayName-count-other": "francos comorianos",
            "symbol": "KMF",
            "symbol-alt-narrow": "CF"
          },
          "KPW": {
            "displayName": "Won norcoreano",
            "displayName-count-one": "won norcoreano",
            "displayName-count-other": "wons norcoreanos",
            "symbol": "KPW",
            "symbol-alt-narrow": "₩"
          },
          "KRH": {
            "displayName": "KRH",
            "symbol": "KRH"
          },
          "KRO": {
            "displayName": "KRO",
            "symbol": "KRO"
          },
          "KRW": {
            "displayName": "Won surcoreano",
            "displayName-count-one": "won surcoreano",
            "displayName-count-other": "wons surcoreanos",
            "symbol": "₩",
            "symbol-alt-narrow": "₩"
          },
          "KWD": {
            "displayName": "Dinar kuwaití",
            "displayName-count-one": "dinar kuwaití",
            "displayName-count-other": "dinares kuwaitíes",
            "symbol": "KWD"
          },
          "KYD": {
            "displayName": "Dólar das Illas Caimán",
            "displayName-count-one": "dólar das Illas Caimán",
            "displayName-count-other": "dólares das Illas Caimán",
            "symbol": "KYD",
            "symbol-alt-narrow": "$"
          },
          "KZT": {
            "displayName": "Tenge casaco",
            "displayName-count-one": "tenge casaco",
            "displayName-count-other": "tenges casacos",
            "symbol": "KZT",
            "symbol-alt-narrow": "₸"
          },
          "LAK": {
            "displayName": "Kip laosiano",
            "displayName-count-one": "kip laosiano",
            "displayName-count-other": "kips laosianos",
            "symbol": "LAK",
            "symbol-alt-narrow": "₭"
          },
          "LBP": {
            "displayName": "Libra libanesa",
            "displayName-count-one": "libra libanesa",
            "displayName-count-other": "libras libanesas",
            "symbol": "LBP",
            "symbol-alt-narrow": "L£"
          },
          "LKR": {
            "displayName": "Rupia de Sri Lanka",
            "displayName-count-one": "rupia de Sri Lanka",
            "displayName-count-other": "rupias de Sri Lanka",
            "symbol": "LKR",
            "symbol-alt-narrow": "Rs"
          },
          "LRD": {
            "displayName": "Dólar liberiano",
            "displayName-count-one": "dólar liberiano",
            "displayName-count-other": "dólares liberianos",
            "symbol": "LRD",
            "symbol-alt-narrow": "$"
          },
          "LSL": {
            "displayName": "Loti de Lesoto",
            "symbol": "LSL"
          },
          "LTL": {
            "displayName": "Litas lituana",
            "displayName-count-one": "litas lituana",
            "displayName-count-other": "litas lituanas",
            "symbol": "LTL",
            "symbol-alt-narrow": "Lt"
          },
          "LTT": {
            "displayName": "LTT",
            "symbol": "LTT"
          },
          "LUC": {
            "displayName": "Franco convertible luxemburgués",
            "symbol": "LUC"
          },
          "LUF": {
            "displayName": "Franco luxemburgués",
            "symbol": "LUF"
          },
          "LUL": {
            "displayName": "Franco financeiro luxemburgués",
            "symbol": "LUL"
          },
          "LVL": {
            "displayName": "Lats letón",
            "displayName-count-one": "lats letón",
            "displayName-count-other": "lats letóns",
            "symbol": "LVL",
            "symbol-alt-narrow": "Ls"
          },
          "LVR": {
            "displayName": "LVR",
            "symbol": "LVR"
          },
          "LYD": {
            "displayName": "Dinar libio",
            "displayName-count-one": "dinar libio",
            "displayName-count-other": "dinares libios",
            "symbol": "LYD"
          },
          "MAD": {
            "displayName": "Dirham marroquí",
            "displayName-count-one": "dirham marroquí",
            "displayName-count-other": "dirhams marroquís",
            "symbol": "MAD"
          },
          "MAF": {
            "displayName": "Franco marroquí",
            "symbol": "MAF"
          },
          "MCF": {
            "displayName": "MCF",
            "symbol": "MCF"
          },
          "MDC": {
            "displayName": "MDC",
            "symbol": "MDC"
          },
          "MDL": {
            "displayName": "Leu moldavo",
            "displayName-count-one": "leu moldavo",
            "displayName-count-other": "leus moldavos",
            "symbol": "MDL"
          },
          "MGA": {
            "displayName": "Ariary malgaxe",
            "displayName-count-one": "ariary malgaxe",
            "displayName-count-other": "ariarys malgaxes",
            "symbol": "MGA",
            "symbol-alt-narrow": "Ar"
          },
          "MGF": {
            "displayName": "MGF",
            "symbol": "MGF"
          },
          "MKD": {
            "displayName": "Dinar macedonio",
            "displayName-count-one": "dinar macedonio",
            "displayName-count-other": "dinares macedonios",
            "symbol": "MKD"
          },
          "MKN": {
            "displayName": "MKN",
            "symbol": "MKN"
          },
          "MLF": {
            "displayName": "MLF",
            "symbol": "MLF"
          },
          "MMK": {
            "displayName": "Kiat birmano",
            "displayName-count-one": "kiat birmano",
            "displayName-count-other": "kiats birmanos",
            "symbol": "MMK",
            "symbol-alt-narrow": "K"
          },
          "MNT": {
            "displayName": "Tugrik mongol",
            "displayName-count-one": "tugrik mongol",
            "displayName-count-other": "tugriks mongoles",
            "symbol": "MNT",
            "symbol-alt-narrow": "₮"
          },
          "MOP": {
            "displayName": "Pataca de Macau",
            "displayName-count-one": "pataca de Macau",
            "displayName-count-other": "patacas de Macau",
            "symbol": "MOP"
          },
          "MRO": {
            "displayName": "Ouguiya mauritano",
            "displayName-count-one": "ouguiya mauritano",
            "displayName-count-other": "ouguiyasmauritanos",
            "symbol": "MRO"
          },
          "MTL": {
            "displayName": "MTL",
            "symbol": "MTL"
          },
          "MTP": {
            "displayName": "MTP",
            "symbol": "MTP"
          },
          "MUR": {
            "displayName": "Rupia de Mauricio",
            "displayName-count-one": "rupia de Mauricio",
            "displayName-count-other": "rupias de Mauricio",
            "symbol": "MUR",
            "symbol-alt-narrow": "Rs"
          },
          "MVR": {
            "displayName": "Rupia maldiva",
            "displayName-count-one": "rupia maldiva",
            "displayName-count-other": "rupias maldivas",
            "symbol": "MVR"
          },
          "MWK": {
            "displayName": "Kwacha de Malaui",
            "displayName-count-one": "kwacha de Malaui",
            "displayName-count-other": "kwachas de Malaui",
            "symbol": "MWK"
          },
          "MXN": {
            "displayName": "Peso mexicano",
            "displayName-count-one": "peso mexicano",
            "displayName-count-other": "pesos mexicanos",
            "symbol": "$MX",
            "symbol-alt-narrow": "$"
          },
          "MXP": {
            "displayName": "Peso de prata mexicano (1861–1992)",
            "symbol": "MXP"
          },
          "MXV": {
            "displayName": "Unidade de inversión mexicana",
            "symbol": "MXV"
          },
          "MYR": {
            "displayName": "Ringgit malaio",
            "displayName-count-one": "ringgit malaio",
            "displayName-count-other": "ringgits malaios",
            "symbol": "MYR",
            "symbol-alt-narrow": "RM"
          },
          "MZE": {
            "displayName": "MZE",
            "symbol": "MZE"
          },
          "MZM": {
            "displayName": "MZM",
            "symbol": "MZM"
          },
          "MZN": {
            "displayName": "Metical de Mozambique",
            "displayName-count-one": "metical de Mozambique",
            "displayName-count-other": "meticais de Mozambique",
            "symbol": "MZN"
          },
          "NAD": {
            "displayName": "Dólar namibio",
            "displayName-count-one": "dólar namibio",
            "displayName-count-other": "dólares namibios",
            "symbol": "NAD",
            "symbol-alt-narrow": "$"
          },
          "NGN": {
            "displayName": "Naira nixeriano",
            "displayName-count-one": "naira nixeriano",
            "displayName-count-other": "nairas nixerianos",
            "symbol": "NGN",
            "symbol-alt-narrow": "₦"
          },
          "NIC": {
            "displayName": "Córdoba nicaragüense",
            "symbol": "NIC"
          },
          "NIO": {
            "displayName": "Córdoba de ouro nicaragüense",
            "displayName-count-one": "córdoba de ouro nicaragüense",
            "displayName-count-other": "córdobas de ouro nicaragüense",
            "symbol": "NIO",
            "symbol-alt-narrow": "C$"
          },
          "NLG": {
            "displayName": "Florín holandés",
            "symbol": "NLG"
          },
          "NOK": {
            "displayName": "Coroa norueguesa",
            "displayName-count-one": "coroa norueguesa",
            "displayName-count-other": "coroas norueguesas",
            "symbol": "NOK",
            "symbol-alt-narrow": "kr"
          },
          "NPR": {
            "displayName": "Rupia nepalesa",
            "displayName-count-one": "rupia nepalesa",
            "displayName-count-other": "rupias nepalesas",
            "symbol": "NPR",
            "symbol-alt-narrow": "Rs"
          },
          "NZD": {
            "displayName": "Dólar neozelandés",
            "displayName-count-one": "dólar neozelandés",
            "displayName-count-other": "dólares neozelandés",
            "symbol": "NZ$",
            "symbol-alt-narrow": "$"
          },
          "OMR": {
            "displayName": "Rial omaní",
            "displayName-count-one": "rial omaní",
            "displayName-count-other": "riais omaníes",
            "symbol": "OMR"
          },
          "PAB": {
            "displayName": "Balboa panameño",
            "displayName-count-one": "balboa panameño",
            "displayName-count-other": "balboas panameños",
            "symbol": "PAB"
          },
          "PEI": {
            "displayName": "Inti peruano",
            "symbol": "PEI"
          },
          "PEN": {
            "displayName": "Sol novo peruano",
            "displayName-count-one": "sol novo peruano",
            "displayName-count-other": "soles novos peruanos",
            "symbol": "PEN"
          },
          "PES": {
            "displayName": "Sol peruano",
            "symbol": "PES"
          },
          "PGK": {
            "displayName": "Kina de Papúa Nova Guinea",
            "displayName-count-one": "kina de Papúa Nova Guinea",
            "displayName-count-other": "kinas de Papúa Nova Guinea",
            "symbol": "PGK"
          },
          "PHP": {
            "displayName": "Peso filipino",
            "displayName-count-one": "peso filipino",
            "displayName-count-other": "pesos filipinos",
            "symbol": "PHP",
            "symbol-alt-narrow": "₱"
          },
          "PKR": {
            "displayName": "Rupia paquistaní",
            "displayName-count-one": "rupia paquistaní",
            "displayName-count-other": "rupias paquistaníes",
            "symbol": "PKR",
            "symbol-alt-narrow": "Rs"
          },
          "PLN": {
            "displayName": "Zloty polaco",
            "displayName-count-one": "zloty polaco",
            "displayName-count-other": "zlotys polacos",
            "symbol": "PLN",
            "symbol-alt-narrow": "zł"
          },
          "PLZ": {
            "displayName": "PLZ",
            "symbol": "PLZ"
          },
          "PTE": {
            "displayName": "Escudo portugués",
            "displayName-count-one": "escudo portugués",
            "displayName-count-other": "escudos portugueses",
            "symbol": "PTE"
          },
          "PYG": {
            "displayName": "Guaraní paraguaio",
            "displayName-count-one": "guaraní paraguaio",
            "displayName-count-other": "guaranís paraguaios",
            "symbol": "PYG",
            "symbol-alt-narrow": "₲"
          },
          "QAR": {
            "displayName": "Rial qatarí",
            "displayName-count-one": "rial qatarí",
            "displayName-count-other": "riais qataríes",
            "symbol": "QAR"
          },
          "RHD": {
            "displayName": "RHD",
            "symbol": "RHD"
          },
          "ROL": {
            "displayName": "ROL",
            "symbol": "ROL"
          },
          "RON": {
            "displayName": "Leu romanés",
            "displayName-count-one": "leu romanés",
            "displayName-count-other": "leus romaneses",
            "symbol": "RON"
          },
          "RSD": {
            "displayName": "Dinar serbio",
            "displayName-count-one": "dinar serbio",
            "displayName-count-other": "dinares serbios",
            "symbol": "RSD"
          },
          "RUB": {
            "displayName": "Rublo ruso",
            "displayName-count-one": "rublo ruso",
            "displayName-count-other": "rublos rusos",
            "symbol": "RUB",
            "symbol-alt-narrow": "₽"
          },
          "RUR": {
            "displayName": "Rublo ruso (1991–1998)",
            "symbol": "RUR",
            "symbol-alt-narrow": "р."
          },
          "RWF": {
            "displayName": "Franco ruandés",
            "displayName-count-one": "franco ruandés",
            "displayName-count-other": "francos ruandeses",
            "symbol": "RWF",
            "symbol-alt-narrow": "RF"
          },
          "SAR": {
            "displayName": "Rial saudita",
            "displayName-count-one": "rial saudita",
            "displayName-count-other": "riais sauditas",
            "symbol": "SAR"
          },
          "SBD": {
            "displayName": "Dólar das Illas Salomón",
            "displayName-count-one": "dólar das Illas Salomón",
            "displayName-count-other": "dólares das Illas Salomón",
            "symbol": "SBD",
            "symbol-alt-narrow": "$"
          },
          "SCR": {
            "displayName": "Rupia de Seixeles",
            "displayName-count-one": "rupia de Seixeles",
            "displayName-count-other": "rupias de Seixeles",
            "symbol": "SCR"
          },
          "SDD": {
            "displayName": "SDD",
            "symbol": "SDD"
          },
          "SDG": {
            "displayName": "Libra sudanesa",
            "displayName-count-one": "libra sudanesa",
            "displayName-count-other": "libras sudanesas",
            "symbol": "SDG"
          },
          "SDP": {
            "displayName": "SDP",
            "symbol": "SDP"
          },
          "SEK": {
            "displayName": "Coroa sueca",
            "displayName-count-one": "coroa sueca",
            "displayName-count-other": "coroas suecas",
            "symbol": "SEK",
            "symbol-alt-narrow": "kr"
          },
          "SGD": {
            "displayName": "Dólar de Singapur",
            "displayName-count-one": "dólar de Singapur",
            "displayName-count-other": "dólares de Singapur",
            "symbol": "SGD",
            "symbol-alt-narrow": "$"
          },
          "SHP": {
            "displayName": "Libra de Santa Helena",
            "displayName-count-one": "libra de Santa Helena",
            "displayName-count-other": "libras de Santa Helena",
            "symbol": "SHP",
            "symbol-alt-narrow": "£"
          },
          "SIT": {
            "displayName": "SIT",
            "symbol": "SIT"
          },
          "SKK": {
            "displayName": "SKK",
            "symbol": "SKK"
          },
          "SLL": {
            "displayName": "Leone de Serra Leoa",
            "displayName-count-one": "leones de Serra Leoa",
            "displayName-count-other": "leones de Serra Leoa",
            "symbol": "SLL"
          },
          "SOS": {
            "displayName": "Chelín somalí",
            "displayName-count-one": "chelín somalí",
            "displayName-count-other": "chelíns somalíes",
            "symbol": "SOS"
          },
          "SRD": {
            "displayName": "Dólar surinamés",
            "displayName-count-one": "dólar surinamés",
            "displayName-count-other": "dólares surinamés",
            "symbol": "SRD",
            "symbol-alt-narrow": "$"
          },
          "SRG": {
            "displayName": "SRG",
            "symbol": "SRG"
          },
          "SSP": {
            "displayName": "Libra sursudanesa",
            "displayName-count-one": "libra sursudanesa",
            "displayName-count-other": "libras sursudanesa",
            "symbol": "SSP",
            "symbol-alt-narrow": "£"
          },
          "STD": {
            "displayName": "Dobra de San Tomé e Príncipe",
            "displayName-count-one": "dobra de San Tomé e Príncipe",
            "displayName-count-other": "dobras de San Tomé e Príncipe",
            "symbol": "STD",
            "symbol-alt-narrow": "Db"
          },
          "SUR": {
            "displayName": "Rublo soviético",
            "displayName-count-one": "rublo soviético",
            "displayName-count-other": "rublos soviéticos",
            "symbol": "SUR"
          },
          "SVC": {
            "displayName": "Colón salvadoreño",
            "displayName-count-one": "colón salvadoreño",
            "displayName-count-other": "colóns salvadoreños",
            "symbol": "SVC"
          },
          "SYP": {
            "displayName": "Libra siria",
            "displayName-count-one": "libra siria",
            "displayName-count-other": "libras sirias",
            "symbol": "SYP",
            "symbol-alt-narrow": "£"
          },
          "SZL": {
            "displayName": "Lilanxeni de Suacilandia",
            "displayName-count-one": "lilanxeni de Suacilandia",
            "displayName-count-other": "lilanxeni de Suacilandia",
            "symbol": "SZL"
          },
          "THB": {
            "displayName": "Baht tailandés",
            "displayName-count-one": "baht tailandés",
            "displayName-count-other": "bahts tailandeses",
            "symbol": "฿",
            "symbol-alt-narrow": "฿"
          },
          "TJR": {
            "displayName": "TJR",
            "symbol": "TJR"
          },
          "TJS": {
            "displayName": "Somoni taxico",
            "displayName-count-one": "somoni taxico",
            "displayName-count-other": "somonis taxicos",
            "symbol": "TJS"
          },
          "TMM": {
            "displayName": "TMM",
            "symbol": "TMM"
          },
          "TMT": {
            "displayName": "Manat turcomano",
            "displayName-count-one": "manat turcomano",
            "displayName-count-other": "manats turcomanos",
            "symbol": "TMT"
          },
          "TND": {
            "displayName": "Dinar tunesino",
            "displayName-count-one": "dinar tunesino",
            "displayName-count-other": "dinares tunesinos",
            "symbol": "TND"
          },
          "TOP": {
            "displayName": "Paʻanga de Tonga",
            "displayName-count-one": "paʻanga de Tonga",
            "displayName-count-other": "pa’anga de Tonga",
            "symbol": "TOP",
            "symbol-alt-narrow": "T$"
          },
          "TPE": {
            "displayName": "TPE",
            "symbol": "TPE"
          },
          "TRL": {
            "displayName": "TRL",
            "symbol": "TRL"
          },
          "TRY": {
            "displayName": "Lira turca",
            "displayName-count-one": "lira turca",
            "displayName-count-other": "liras turcas",
            "symbol": "TRY",
            "symbol-alt-narrow": "₺",
            "symbol-alt-variant": "TL"
          },
          "TTD": {
            "displayName": "Dólar de Trinidade e Tobago",
            "displayName-count-one": "dólar de Trinidade e Tobago",
            "displayName-count-other": "dólares de Trinidade e Tobago",
            "symbol": "TTD",
            "symbol-alt-narrow": "$"
          },
          "TWD": {
            "displayName": "Novo dólar taiwanés",
            "displayName-count-one": "novo dólar taiwanés",
            "displayName-count-other": "novos dólares taiwaneses",
            "symbol": "$NT",
            "symbol-alt-narrow": "NT$"
          },
          "TZS": {
            "displayName": "Chelín tanzano",
            "displayName-count-one": "chelín tanzano",
            "displayName-count-other": "chelíns tanzanos",
            "symbol": "TZS"
          },
          "UAH": {
            "displayName": "Grivna ucraína",
            "displayName-count-one": "grivna ucraína",
            "displayName-count-other": "grivnas ucraínas",
            "symbol": "UAH",
            "symbol-alt-narrow": "₴"
          },
          "UAK": {
            "displayName": "UAK",
            "symbol": "UAK"
          },
          "UGS": {
            "displayName": "UGS",
            "symbol": "UGS"
          },
          "UGX": {
            "displayName": "Chelín ugandés",
            "displayName-count-one": "chelín ugandés",
            "displayName-count-other": "chelíns ugandeses",
            "symbol": "UGX"
          },
          "USD": {
            "displayName": "Dólar estadounidense",
            "displayName-count-one": "dólar estadounidense",
            "displayName-count-other": "dólares estadounidenses",
            "symbol": "$",
            "symbol-alt-narrow": "$"
          },
          "USN": {
            "displayName": "USN",
            "symbol": "USN"
          },
          "USS": {
            "displayName": "USS",
            "symbol": "USS"
          },
          "UYI": {
            "displayName": "Peso en unidades indexadas uruguaio",
            "symbol": "UYI"
          },
          "UYP": {
            "displayName": "Peso uruguaio (1975–1993)",
            "symbol": "UYP"
          },
          "UYU": {
            "displayName": "Peso uruguaio",
            "displayName-count-one": "peso uruguaio",
            "displayName-count-other": "pesos uruguaios",
            "symbol": "UYU",
            "symbol-alt-narrow": "$"
          },
          "UZS": {
            "displayName": "Som usbeco",
            "displayName-count-one": "som usbeco",
            "displayName-count-other": "soms usbecos",
            "symbol": "UZS"
          },
          "VEB": {
            "displayName": "Bolívar venezolano (1871–2008)",
            "displayName-count-one": "bolívar venezolano (1871–2008)",
            "displayName-count-other": "bolívares venezolanos (1871–2008)",
            "symbol": "VEB"
          },
          "VEF": {
            "displayName": "Bolívar venezolano",
            "displayName-count-one": "bolívar venezolano",
            "displayName-count-other": "bolívares venezolanos",
            "symbol": "VEF",
            "symbol-alt-narrow": "Bs"
          },
          "VND": {
            "displayName": "Dong vietnamita",
            "displayName-count-one": "dong vietnamita",
            "displayName-count-other": "dongs vietnamitas",
            "symbol": "₫",
            "symbol-alt-narrow": "₫"
          },
          "VNN": {
            "displayName": "VNN",
            "symbol": "VNN"
          },
          "VUV": {
            "displayName": "Vatu vanuatense",
            "displayName-count-one": "vatu vanuatense",
            "displayName-count-other": "vatus vanuatenses",
            "symbol": "VUV"
          },
          "WST": {
            "displayName": "Tala samoano",
            "displayName-count-one": "tala samoano",
            "displayName-count-other": "talas samoanos",
            "symbol": "WST"
          },
          "XAF": {
            "displayName": "Franco CFA BEAC",
            "displayName-count-one": "franco CFA BEAC",
            "displayName-count-other": "francos CFA BEAC",
            "symbol": "FCFA"
          },
          "XAG": {
            "displayName": "Prata",
            "symbol": "XAG"
          },
          "XAU": {
            "displayName": "Ouro",
            "symbol": "XAU"
          },
          "XBA": {
            "displayName": "XBA",
            "symbol": "XBA"
          },
          "XBB": {
            "displayName": "XBB",
            "symbol": "XBB"
          },
          "XBC": {
            "displayName": "XBC",
            "symbol": "XBC"
          },
          "XBD": {
            "displayName": "XBD",
            "symbol": "XBD"
          },
          "XCD": {
            "displayName": "Dólar Caribe-Leste",
            "displayName-count-one": "dólar Caribe-Leste",
            "displayName-count-other": "dólares Caribe-Leste",
            "symbol": "EC$",
            "symbol-alt-narrow": "$"
          },
          "XDR": {
            "displayName": "XDR",
            "symbol": "XDR"
          },
          "XEU": {
            "displayName": "XEU",
            "symbol": "XEU"
          },
          "XFO": {
            "displayName": "XFO",
            "symbol": "XFO"
          },
          "XFU": {
            "displayName": "XFU",
            "symbol": "XFU"
          },
          "XOF": {
            "displayName": "Franco CFA BCEAO",
            "displayName-count-one": "franco CFA BCEAO",
            "displayName-count-other": "francos CFA BCEAO",
            "symbol": "CFA"
          },
          "XPD": {
            "displayName": "Paladio",
            "symbol": "XPD"
          },
          "XPF": {
            "displayName": "Franco CFP",
            "displayName-count-one": "franco CFP",
            "displayName-count-other": "francos CFP",
            "symbol": "CFPF"
          },
          "XPT": {
            "displayName": "Platino",
            "symbol": "XPT"
          },
          "XRE": {
            "displayName": "XRE",
            "symbol": "XRE"
          },
          "XSU": {
            "displayName": "XSU",
            "symbol": "XSU"
          },
          "XTS": {
            "displayName": "XTS",
            "symbol": "XTS"
          },
          "XUA": {
            "displayName": "XUA",
            "symbol": "XUA"
          },
          "XXX": {
            "displayName": "Unidade monetaria descoñecida",
            "displayName-count-one": "(unidade monetaria descoñecida)",
            "displayName-count-other": "(unidades monetarias descoñecidas)",
            "symbol": "XXX"
          },
          "YDD": {
            "displayName": "YDD",
            "symbol": "YDD"
          },
          "YER": {
            "displayName": "Rial iemení",
            "displayName-count-one": "rial iemení",
            "displayName-count-other": "riais iemeníes",
            "symbol": "YER"
          },
          "YUD": {
            "displayName": "YUD",
            "symbol": "YUD"
          },
          "YUM": {
            "displayName": "YUM",
            "symbol": "YUM"
          },
          "YUN": {
            "displayName": "YUN",
            "symbol": "YUN"
          },
          "YUR": {
            "displayName": "YUR",
            "symbol": "YUR"
          },
          "ZAL": {
            "displayName": "ZAL",
            "symbol": "ZAL"
          },
          "ZAR": {
            "displayName": "Rand sudafricano",
            "displayName-count-one": "rand sudafricano",
            "displayName-count-other": "rands sudafricanos",
            "symbol": "ZAR",
            "symbol-alt-narrow": "R"
          },
          "ZMK": {
            "displayName": "Kwacha zambiano (1968–2012)",
            "symbol": "ZMK"
          },
          "ZMW": {
            "displayName": "Kwacha zambiano",
            "displayName-count-one": "kwacha zambiano",
            "displayName-count-other": "kwachas zambianos",
            "symbol": "ZMW",
            "symbol-alt-narrow": "ZK"
          },
          "ZRN": {
            "displayName": "ZRN",
            "symbol": "ZRN"
          },
          "ZRZ": {
            "displayName": "ZRZ",
            "symbol": "ZRZ"
          },
          "ZWD": {
            "displayName": "ZWD",
            "symbol": "ZWD"
          },
          "ZWL": {
            "displayName": "ZWL",
            "symbol": "ZWL"
          },
          "ZWR": {
            "displayName": "ZWR",
            "symbol": "ZWR"
          }
        }
      }
    }
  }
}
