{
  "main": {
    "sq": {
      "identity": {
        "version": {
          "_number": "$Revision: 12293 $",
          "_cldrVersion": "29"
        },
        "language": "sq"
      },
      "numbers": {
        "defaultNumberingSystem": "latn",
        "otherNumberingSystems": {
          "native": "latn"
        },
        "minimumGroupingDigits": "1",
        "symbols-numberSystem-latn": {
          "decimal": ",",
          "group": " ",
          "list": ";",
          "percentSign": "%",
          "plusSign": "+",
          "minusSign": "-",
          "exponential": "E",
          "superscriptingExponent": "×",
          "perMille": "‰",
          "infinity": "∞",
          "nan": "NaN",
          "timeSeparator": ":"
        },
        "decimalFormats-numberSystem-latn": {
          "standard": "#,##0.###",
          "long": {
            "decimalFormat": {
              "1000-count-one": "0 mijë",
              "1000-count-other": "0 mijë",
              "10000-count-one": "00 mijë",
              "10000-count-other": "00 mijë",
              "100000-count-one": "000 mijë",
              "100000-count-other": "000 mijë",
              "1000000-count-one": "0 milion",
              "1000000-count-other": "0 milion",
              "10000000-count-one": "00 milion",
              "10000000-count-other": "00 milion",
              "100000000-count-one": "000 milion",
              "100000000-count-other": "000 milion",
              "1000000000-count-one": "0 miliard",
              "1000000000-count-other": "0 miliard",
              "10000000000-count-one": "00 miliard",
              "10000000000-count-other": "00 miliard",
              "100000000000-count-one": "000 miliard",
              "100000000000-count-other": "000 miliard",
              "1000000000000-count-one": "0 bilion",
              "1000000000000-count-other": "0 bilion",
              "10000000000000-count-one": "00 bilion",
              "10000000000000-count-other": "00 bilion",
              "100000000000000-count-one": "000 bilion",
              "100000000000000-count-other": "000 bilion"
            }
          },
          "short": {
            "decimalFormat": {
              "1000-count-one": "0 mijë",
              "1000-count-other": "0 mijë",
              "10000-count-one": "00 mijë",
              "10000-count-other": "00 mijë",
              "100000-count-one": "000 mijë",
              "100000-count-other": "000 mijë",
              "1000000-count-one": "0 Mln",
              "1000000-count-other": "0 Mln",
              "10000000-count-one": "00 Mln",
              "10000000-count-other": "00 Mln",
              "100000000-count-one": "000 Mln",
              "100000000-count-other": "000 Mln",
              "1000000000-count-one": "0 Mld",
              "1000000000-count-other": "0 Mld",
              "10000000000-count-one": "00 Mld",
              "10000000000-count-other": "00 Mld",
              "100000000000-count-one": "000 Mld",
              "100000000000-count-other": "000 Mld",
              "1000000000000-count-one": "0 Bln",
              "1000000000000-count-other": "0 Bln",
              "10000000000000-count-one": "00 Bln",
              "10000000000000-count-other": "00 Bln",
              "100000000000000-count-one": "000 Bln",
              "100000000000000-count-other": "000 Bln"
            }
          }
        },
        "scientificFormats-numberSystem-latn": {
          "standard": "#E0"
        },
        "percentFormats-numberSystem-latn": {
          "standard": "#,##0%"
        },
        "currencyFormats-numberSystem-latn": {
          "currencySpacing": {
            "beforeCurrency": {
              "currencyMatch": "[:^S:]",
              "surroundingMatch": "[:digit:]",
              "insertBetween": " "
            },
            "afterCurrency": {
              "currencyMatch": "[:^S:]",
              "surroundingMatch": "[:digit:]",
              "insertBetween": " "
            }
          },
          "standard": "#,##0.00 ¤",
          "accounting": "#,##0.00 ¤;(#,##0.00 ¤)",
          "short": {
            "standard": {
              "1000-count-one": "0 mijë ¤",
              "1000-count-other": "0 mijë ¤",
              "10000-count-one": "00 mijë ¤",
              "10000-count-other": "00 mijë ¤",
              "100000-count-one": "000 mijë ¤",
              "100000-count-other": "000 mijë ¤",
              "1000000-count-one": "0 Mln ¤",
              "1000000-count-other": "0 Mln ¤",
              "10000000-count-one": "00 Mln ¤",
              "10000000-count-other": "00 Mln ¤",
              "100000000-count-one": "000 Mln ¤",
              "100000000-count-other": "000 Mln ¤",
              "1000000000-count-one": "0 Mld ¤",
              "1000000000-count-other": "0 Mld ¤",
              "10000000000-count-one": "00 Mld ¤",
              "10000000000-count-other": "00 Mld ¤",
              "100000000000-count-one": "000 Mld ¤",
              "100000000000-count-other": "000 Mld ¤",
              "1000000000000-count-one": "0 Bln ¤",
              "1000000000000-count-other": "0 Bln ¤",
              "10000000000000-count-one": "00 Bln ¤",
              "10000000000000-count-other": "00 Bln ¤",
              "100000000000000-count-one": "000 Bln ¤",
              "100000000000000-count-other": "000 Bln ¤"
            }
          },
          "unitPattern-count-one": "{0} {1}",
          "unitPattern-count-other": "{0} {1}"
        },
        "miscPatterns-numberSystem-latn": {
          "atLeast": ">{0}",
          "range": "{0}-{1}"
        }
      }
    }
  }
}
