{
  "main": {
    "zh": {
      "identity": {
        "version": {
          "_number": "$Revision: 12293 $",
          "_cldrVersion": "29"
        },
        "language": "zh"
      },
      "numbers": {
        "defaultNumberingSystem": "latn",
        "otherNumberingSystems": {
          "native": "hanidec",
          "traditional": "hans",
          "finance": "hansfin"
        },
        "minimumGroupingDigits": "1",
        "symbols-numberSystem-hanidec": {
          "decimal": ".",
          "group": ",",
          "list": ";",
          "percentSign": "%",
          "plusSign": "+",
          "minusSign": "-",
          "exponential": "E",
          "superscriptingExponent": "×",
          "perMille": "‰",
          "infinity": "∞",
          "nan": "NaN",
          "timeSeparator": ":"
        },
        "symbols-numberSystem-latn": {
          "decimal": ".",
          "group": ",",
          "list": ";",
          "percentSign": "%",
          "plusSign": "+",
          "minusSign": "-",
          "exponential": "E",
          "superscriptingExponent": "×",
          "perMille": "‰",
          "infinity": "∞",
          "nan": "NaN",
          "timeSeparator": ":"
        },
        "decimalFormats-numberSystem-hanidec": {
          "standard": "#,##0.###",
          "long": {
            "decimalFormat": {
              "1000-count-other": "0",
              "10000-count-other": "0万",
              "100000-count-other": "00万",
              "1000000-count-other": "000万",
              "10000000-count-other": "0000万",
              "100000000-count-other": "0亿",
              "1000000000-count-other": "00亿",
              "10000000000-count-other": "000亿",
              "100000000000-count-other": "0000亿",
              "1000000000000-count-other": "0兆",
              "10000000000000-count-other": "00兆",
              "100000000000000-count-other": "000兆"
            }
          },
          "short": {
            "decimalFormat": {
              "1000-count-other": "0",
              "10000-count-other": "0万",
              "100000-count-other": "00万",
              "1000000-count-other": "000万",
              "10000000-count-other": "0000万",
              "100000000-count-other": "0亿",
              "1000000000-count-other": "00亿",
              "10000000000-count-other": "000亿",
              "100000000000-count-other": "0000亿",
              "1000000000000-count-other": "0兆",
              "10000000000000-count-other": "00兆",
              "100000000000000-count-other": "000兆"
            }
          }
        },
        "decimalFormats-numberSystem-latn": {
          "standard": "#,##0.###",
          "long": {
            "decimalFormat": {
              "1000-count-other": "0",
              "10000-count-other": "0万",
              "100000-count-other": "00万",
              "1000000-count-other": "000万",
              "10000000-count-other": "0000万",
              "100000000-count-other": "0亿",
              "1000000000-count-other": "00亿",
              "10000000000-count-other": "000亿",
              "100000000000-count-other": "0000亿",
              "1000000000000-count-other": "0兆",
              "10000000000000-count-other": "00兆",
              "100000000000000-count-other": "000兆"
            }
          },
          "short": {
            "decimalFormat": {
              "1000-count-other": "0",
              "10000-count-other": "0万",
              "100000-count-other": "00万",
              "1000000-count-other": "000万",
              "10000000-count-other": "0000万",
              "100000000-count-other": "0亿",
              "1000000000-count-other": "00亿",
              "10000000000-count-other": "000亿",
              "100000000000-count-other": "0000亿",
              "1000000000000-count-other": "0兆",
              "10000000000000-count-other": "00兆",
              "100000000000000-count-other": "000兆"
            }
          }
        },
        "scientificFormats-numberSystem-hanidec": {
          "standard": "#E0"
        },
        "scientificFormats-numberSystem-latn": {
          "standard": "#E0"
        },
        "percentFormats-numberSystem-hanidec": {
          "standard": "#,##0%"
        },
        "percentFormats-numberSystem-latn": {
          "standard": "#,##0%"
        },
        "currencyFormats-numberSystem-hanidec": {
          "currencySpacing": {
            "beforeCurrency": {
              "currencyMatch": "[:^S:]",
              "surroundingMatch": "[:digit:]",
              "insertBetween": " "
            },
            "afterCurrency": {
              "currencyMatch": "[:^S:]",
              "surroundingMatch": "[:digit:]",
              "insertBetween": " "
            }
          },
          "standard": "¤#,##0.00",
          "accounting": "¤#,##0.00;(¤#,##0.00)",
          "short": {
            "standard": {
              "1000-count-other": "0",
              "10000-count-other": "¤0万",
              "100000-count-other": "¤00万",
              "1000000-count-other": "¤000万",
              "10000000-count-other": "¤0000万",
              "100000000-count-other": "¤0亿",
              "1000000000-count-other": "¤00亿",
              "10000000000-count-other": "¤000亿",
              "100000000000-count-other": "¤0000亿",
              "1000000000000-count-other": "¤0兆",
              "10000000000000-count-other": "¤00兆",
              "100000000000000-count-other": "¤000兆"
            }
          },
          "unitPattern-count-other": "{0}{1}"
        },
        "currencyFormats-numberSystem-latn": {
          "currencySpacing": {
            "beforeCurrency": {
              "currencyMatch": "[:^S:]",
              "surroundingMatch": "[:digit:]",
              "insertBetween": " "
            },
            "afterCurrency": {
              "currencyMatch": "[:^S:]",
              "surroundingMatch": "[:digit:]",
              "insertBetween": " "
            }
          },
          "standard": "¤#,##0.00",
          "accounting": "¤#,##0.00;(¤#,##0.00)",
          "short": {
            "standard": {
              "1000-count-other": "0",
              "10000-count-other": "¤0万",
              "100000-count-other": "¤00万",
              "1000000-count-other": "¤000万",
              "10000000-count-other": "¤0000万",
              "100000000-count-other": "¤0亿",
              "1000000000-count-other": "¤00亿",
              "10000000000-count-other": "¤000亿",
              "100000000000-count-other": "¤0000亿",
              "1000000000000-count-other": "¤0兆",
              "10000000000000-count-other": "¤00兆",
              "100000000000000-count-other": "¤000兆"
            }
          },
          "unitPattern-count-other": "{0}{1}"
        },
        "miscPatterns-numberSystem-hanidec": {
          "atLeast": "{0}+",
          "range": "{0}-{1}"
        },
        "miscPatterns-numberSystem-latn": {
          "atLeast": "{0}+",
          "range": "{0}-{1}"
        }
      }
    }
  }
}
