{
  "main": {
    "be": {
      "identity": {
        "version": {
          "_number": "$Revision: 12293 $",
          "_cldrVersion": "29"
        },
        "language": "be"
      },
      "numbers": {
        "currencies": {
          "ADP": {
            "displayName": "ADP",
            "symbol": "ADP"
          },
          "AED": {
            "displayName": "дырхем ААЭ",
            "displayName-count-one": "дырхем ААЭ",
            "displayName-count-few": "дырхемы ААЭ",
            "displayName-count-many": "дырхемаў ААЭ",
            "displayName-count-other": "дырхема ААЭ",
            "symbol": "AED"
          },
          "AFA": {
            "displayName": "AFA",
            "symbol": "AFA"
          },
          "AFN": {
            "displayName": "афганскі афгані",
            "displayName-count-one": "афганскі афгані",
            "displayName-count-few": "афганскія афгані",
            "displayName-count-many": "афганскіх афгані",
            "displayName-count-other": "афганскага афгані",
            "symbol": "AFN"
          },
          "ALL": {
            "displayName": "албанскі лек",
            "displayName-count-one": "албанскі лек",
            "displayName-count-few": "албанскія лекі",
            "displayName-count-many": "албанскіх лекаў",
            "displayName-count-other": "албанскага лека",
            "symbol": "ALL"
          },
          "AMD": {
            "displayName": "армянскі драм",
            "displayName-count-one": "армянскі драм",
            "displayName-count-few": "армянскія драмы",
            "displayName-count-many": "армянскіх драмаў",
            "displayName-count-other": "армянскага драма",
            "symbol": "AMD"
          },
          "ANG": {
            "displayName": "нідэрландскі антыльскі гульдэн",
            "displayName-count-one": "нідэрландскі антыльскі гульдэн",
            "displayName-count-few": "нідэрландскія антыльскія гульдэны",
            "displayName-count-many": "нідэрландскіх антыльскіх гульдэнаў",
            "displayName-count-other": "нідэрландскага антыльскага гульдэна",
            "symbol": "ANG"
          },
          "AOA": {
            "displayName": "ангольская кванза",
            "displayName-count-one": "ангольская кванза",
            "displayName-count-few": "ангольскія кванзы",
            "displayName-count-many": "ангольскіх кванз",
            "displayName-count-other": "ангольскай кванзы",
            "symbol": "AOA",
            "symbol-alt-narrow": "Kz"
          },
          "AOK": {
            "displayName": "AOK",
            "symbol": "AOK"
          },
          "AON": {
            "displayName": "AON",
            "symbol": "AON"
          },
          "AOR": {
            "displayName": "AOR",
            "symbol": "AOR"
          },
          "ARA": {
            "displayName": "ARA",
            "symbol": "ARA"
          },
          "ARL": {
            "displayName": "ARL",
            "symbol": "ARL"
          },
          "ARM": {
            "displayName": "ARM",
            "symbol": "ARM"
          },
          "ARP": {
            "displayName": "ARP",
            "symbol": "ARP"
          },
          "ARS": {
            "displayName": "аргенцінскае песа",
            "displayName-count-one": "аргенцінскае песа",
            "displayName-count-few": "аргенцінскія песа",
            "displayName-count-many": "аргенцінскіх песа",
            "displayName-count-other": "аргенцінскага песа",
            "symbol": "ARS",
            "symbol-alt-narrow": "$"
          },
          "ATS": {
            "displayName": "ATS",
            "symbol": "ATS"
          },
          "AUD": {
            "displayName": "аўстралійскі долар",
            "displayName-count-one": "аўстралійскі долар",
            "displayName-count-few": "аўстралійскія долары",
            "displayName-count-many": "аўстралійскіх долараў",
            "displayName-count-other": "аўстралійскага долара",
            "symbol": "A$",
            "symbol-alt-narrow": "A$"
          },
          "AWG": {
            "displayName": "арубанскі фларын",
            "displayName-count-one": "арубанскі фларын",
            "displayName-count-few": "арубанскія фларыны",
            "displayName-count-many": "арубанскіх фларынаў",
            "displayName-count-other": "арубанскага фларына",
            "symbol": "AWG"
          },
          "AZM": {
            "displayName": "AZM",
            "symbol": "AZM"
          },
          "AZN": {
            "displayName": "азербайджанскі манат",
            "displayName-count-one": "азербайджанскі манат",
            "displayName-count-few": "азербайджанскія манаты",
            "displayName-count-many": "азербайджанскіх манатаў",
            "displayName-count-other": "азербайджанскага маната",
            "symbol": "AZN"
          },
          "BAD": {
            "displayName": "BAD",
            "symbol": "BAD"
          },
          "BAM": {
            "displayName": "канверсоўная марка",
            "displayName-count-one": "канверсоўная марка",
            "displayName-count-few": "канверсоўныя маркі",
            "displayName-count-many": "канверсоўных марак",
            "displayName-count-other": "канверсоўнай маркі",
            "symbol": "BAM",
            "symbol-alt-narrow": "KM"
          },
          "BAN": {
            "displayName": "BAN",
            "symbol": "BAN"
          },
          "BBD": {
            "displayName": "барбадоскі долар",
            "displayName-count-one": "барбадоскі долар",
            "displayName-count-few": "барбадоскія долары",
            "displayName-count-many": "барбадоскіх долараў",
            "displayName-count-other": "барбадоскага долара",
            "symbol": "BBD",
            "symbol-alt-narrow": "Bds$"
          },
          "BDT": {
            "displayName": "бангладэшская така",
            "displayName-count-one": "бангладэшская така",
            "displayName-count-few": "бангладэшскія такі",
            "displayName-count-many": "бангладэшскіх так",
            "displayName-count-other": "бангладэшскай такі",
            "symbol": "BDT",
            "symbol-alt-narrow": "৳"
          },
          "BEC": {
            "displayName": "BEC",
            "symbol": "BEC"
          },
          "BEF": {
            "displayName": "BEF",
            "symbol": "BEF"
          },
          "BEL": {
            "displayName": "BEL",
            "symbol": "BEL"
          },
          "BGL": {
            "displayName": "BGL",
            "symbol": "BGL"
          },
          "BGM": {
            "displayName": "BGM",
            "symbol": "BGM"
          },
          "BGN": {
            "displayName": "балгарскі леў",
            "displayName-count-one": "балгарскі леў",
            "displayName-count-few": "балгарскія левы",
            "displayName-count-many": "балгарскіх леваў",
            "displayName-count-other": "балгарскага лева",
            "symbol": "BGN"
          },
          "BGO": {
            "displayName": "BGO",
            "symbol": "BGO"
          },
          "BHD": {
            "displayName": "бахрэйнскі дынар",
            "displayName-count-one": "бахрэйнскі дынар",
            "displayName-count-few": "бахрэйнскія дынары",
            "displayName-count-many": "бахрэйнскі дынараў",
            "displayName-count-other": "бахрэйнскага дынара",
            "symbol": "BHD"
          },
          "BIF": {
            "displayName": "бурундзійскі франк",
            "displayName-count-one": "бурундзійскі франк",
            "displayName-count-few": "бурундзійскія франкі",
            "displayName-count-many": "бурундзійскіх франкаў",
            "displayName-count-other": "бурундзійскага франка",
            "symbol": "BIF"
          },
          "BMD": {
            "displayName": "бермудскі долар",
            "displayName-count-one": "бермудскі долар",
            "displayName-count-few": "бермудскія долары",
            "displayName-count-many": "бермудскіх долараў",
            "displayName-count-other": "бермудскага долара",
            "symbol": "BMD",
            "symbol-alt-narrow": "BD$"
          },
          "BND": {
            "displayName": "брунейскі долар",
            "displayName-count-one": "брунейскі долар",
            "displayName-count-few": "брунейскія долары",
            "displayName-count-many": "брунейскіх долараў",
            "displayName-count-other": "брунейскага долара",
            "symbol": "BND",
            "symbol-alt-narrow": "$"
          },
          "BOB": {
            "displayName": "балівіяна",
            "displayName-count-one": "балівіяна",
            "displayName-count-few": "балівіяна",
            "displayName-count-many": "балівіяна",
            "displayName-count-other": "балівіяна",
            "symbol": "BOB",
            "symbol-alt-narrow": "Bs"
          },
          "BOL": {
            "displayName": "BOL",
            "symbol": "BOL"
          },
          "BOP": {
            "displayName": "BOP",
            "symbol": "BOP"
          },
          "BOV": {
            "displayName": "BOV",
            "symbol": "BOV"
          },
          "BRB": {
            "displayName": "BRB",
            "symbol": "BRB"
          },
          "BRC": {
            "displayName": "BRC",
            "symbol": "BRC"
          },
          "BRE": {
            "displayName": "BRE",
            "symbol": "BRE"
          },
          "BRL": {
            "displayName": "бразільскі рэал",
            "displayName-count-one": "бразільскі рэал",
            "displayName-count-few": "бразільскія рэалы",
            "displayName-count-many": "бразільскіх рэалаў",
            "displayName-count-other": "бразільскага рэала",
            "symbol": "BRL",
            "symbol-alt-narrow": "R$"
          },
          "BRN": {
            "displayName": "BRN",
            "symbol": "BRN"
          },
          "BRR": {
            "displayName": "BRR",
            "symbol": "BRR"
          },
          "BRZ": {
            "displayName": "BRZ",
            "symbol": "BRZ"
          },
          "BSD": {
            "displayName": "багамскі долар",
            "displayName-count-one": "багамскі долар",
            "displayName-count-few": "багамскія долары",
            "displayName-count-many": "багамскіх долараў",
            "displayName-count-other": "багамскага долара",
            "symbol": "BSD",
            "symbol-alt-narrow": "B$"
          },
          "BTN": {
            "displayName": "бутанскі нгултрум",
            "displayName-count-one": "бутанскі нгултрум",
            "displayName-count-few": "бутанскія нгултрумы",
            "displayName-count-many": "бутанскіх нгултрумаў",
            "displayName-count-other": "бутанскага нгултрума",
            "symbol": "BTN"
          },
          "BUK": {
            "displayName": "BUK",
            "symbol": "BUK"
          },
          "BWP": {
            "displayName": "батсванская пула",
            "displayName-count-one": "батсванская пула",
            "displayName-count-few": "батсванскія пулы",
            "displayName-count-many": "батсванскіх пул",
            "displayName-count-other": "батсванскай пулы",
            "symbol": "BWP",
            "symbol-alt-narrow": "P"
          },
          "BYB": {
            "displayName": "BYB",
            "symbol": "BYB"
          },
          "BYR": {
            "displayName": "беларускі рубель",
            "displayName-count-one": "беларускі рубель",
            "displayName-count-few": "беларускія рублі",
            "displayName-count-many": "беларускіх рублёў",
            "displayName-count-other": "беларускага рубля",
            "symbol": "р.",
            "symbol-alt-narrow": "р."
          },
          "BZD": {
            "displayName": "белізскі долар",
            "displayName-count-one": "белізскі долар",
            "displayName-count-few": "белізскія долары",
            "displayName-count-many": "белізскіх долараў",
            "displayName-count-other": "белізскага долара",
            "symbol": "BZD",
            "symbol-alt-narrow": "BZ$"
          },
          "CAD": {
            "displayName": "канадскі долар",
            "displayName-count-one": "канадскі долар",
            "displayName-count-few": "канадскія долары",
            "displayName-count-many": "канадскіх долараў",
            "displayName-count-other": "канадскага долара",
            "symbol": "CAD",
            "symbol-alt-narrow": "CA$"
          },
          "CDF": {
            "displayName": "кангалезскі франк",
            "displayName-count-one": "кангалезскі франк",
            "displayName-count-few": "кангалезскія франкі",
            "displayName-count-many": "кангалезскіх франкаў",
            "displayName-count-other": "кангалезскага франка",
            "symbol": "CDF"
          },
          "CHE": {
            "displayName": "CHE",
            "symbol": "CHE"
          },
          "CHF": {
            "displayName": "швейцарскі франк",
            "displayName-count-one": "швейцарскі франк",
            "displayName-count-few": "швейцарскія франкі",
            "displayName-count-many": "швейцарскіх франкаў",
            "displayName-count-other": "швейцарскага франка",
            "symbol": "CHF"
          },
          "CHW": {
            "displayName": "CHW",
            "symbol": "CHW"
          },
          "CLE": {
            "displayName": "CLE",
            "symbol": "CLE"
          },
          "CLF": {
            "displayName": "CLF",
            "symbol": "CLF"
          },
          "CLP": {
            "displayName": "чылійскае песа",
            "displayName-count-one": "чылійскае песа",
            "displayName-count-few": "чылійскія песа",
            "displayName-count-many": "чылійскіх песа",
            "displayName-count-other": "чылійскага песа",
            "symbol": "CLP",
            "symbol-alt-narrow": "$"
          },
          "CNY": {
            "displayName": "кітайскі юань",
            "displayName-count-one": "кітайскі юань",
            "displayName-count-few": "кітайскія юані",
            "displayName-count-many": "кітайскіх юаняў",
            "displayName-count-other": "кітайскага юаня",
            "symbol": "CN¥",
            "symbol-alt-narrow": "¥"
          },
          "COP": {
            "displayName": "калумбійскае песа",
            "displayName-count-one": "калумбійскае песа",
            "displayName-count-few": "калумбійскія песа",
            "displayName-count-many": "калумбійскіх песа",
            "displayName-count-other": "калумбійскага песа",
            "symbol": "COP",
            "symbol-alt-narrow": "$"
          },
          "COU": {
            "displayName": "COU",
            "symbol": "COU"
          },
          "CRC": {
            "displayName": "коста-рыканскі калон",
            "displayName-count-one": "коста-рыканскі калон",
            "displayName-count-few": "коста-рыканскія калоны",
            "displayName-count-many": "коста-рыканскіх калонаў",
            "displayName-count-other": "коста-рыканскага калона",
            "symbol": "CRC",
            "symbol-alt-narrow": "₡"
          },
          "CSD": {
            "displayName": "CSD",
            "symbol": "CSD"
          },
          "CSK": {
            "displayName": "CSK",
            "symbol": "CSK"
          },
          "CUC": {
            "displayName": "кубінскае канверсоўнае песа",
            "displayName-count-one": "кубінскае канверсоўнае песа",
            "displayName-count-few": "кубінскія канверсоўныя песа",
            "displayName-count-many": "кубінскіх канверсоўных песа",
            "displayName-count-other": "кубінскага канверсоўнага песа",
            "symbol": "CUC",
            "symbol-alt-narrow": "CUC$"
          },
          "CUP": {
            "displayName": "кубінскае песа",
            "displayName-count-one": "кубінскае песа",
            "displayName-count-few": "кубінскія песа",
            "displayName-count-many": "кубінскіх песа",
            "displayName-count-other": "кубінскага песа",
            "symbol": "CUP",
            "symbol-alt-narrow": "$MN"
          },
          "CVE": {
            "displayName": "эскуда Каба-Вердэ",
            "displayName-count-one": "эскуда Каба-Вердэ",
            "displayName-count-few": "эскуда Каба-Вердэ",
            "displayName-count-many": "эскуда Каба-Вердэ",
            "displayName-count-other": "эскуда Каба-Вердэ",
            "symbol": "CVE"
          },
          "CYP": {
            "displayName": "CYP",
            "symbol": "CYP"
          },
          "CZK": {
            "displayName": "чэшская крона",
            "displayName-count-one": "чэшская крона",
            "displayName-count-few": "чэшскія кроны",
            "displayName-count-many": "чэшскіх крон",
            "displayName-count-other": "чэшскай кроны",
            "symbol": "CZK",
            "symbol-alt-narrow": "Kč"
          },
          "DDM": {
            "displayName": "DDM",
            "symbol": "DDM"
          },
          "DEM": {
            "displayName": "DEM",
            "symbol": "DEM"
          },
          "DJF": {
            "displayName": "джыбуційскі франк",
            "displayName-count-one": "джыбуційскі франк",
            "displayName-count-few": "джыбуційскія франкі",
            "displayName-count-many": "джыбуційскіх франкаў",
            "displayName-count-other": "джыбуційскага франка",
            "symbol": "DJF"
          },
          "DKK": {
            "displayName": "дацкая крона",
            "displayName-count-one": "дацкая крона",
            "displayName-count-few": "дацкія кроны",
            "displayName-count-many": "дацкіх крон",
            "displayName-count-other": "дацкай кроны",
            "symbol": "DKK",
            "symbol-alt-narrow": "kr"
          },
          "DOP": {
            "displayName": "дамініканскае песа",
            "displayName-count-one": "дамініканскае песа",
            "displayName-count-few": "дамініканскія песа",
            "displayName-count-many": "дамініканскіх песа",
            "displayName-count-other": "дамініканскага песа",
            "symbol": "DOP",
            "symbol-alt-narrow": "RD$"
          },
          "DZD": {
            "displayName": "алжырскі дынар",
            "displayName-count-one": "алжырскі дынар",
            "displayName-count-few": "алжырскія дынары",
            "displayName-count-many": "алжырскіх дынараў",
            "displayName-count-other": "алжырскага дынара",
            "symbol": "DZD"
          },
          "ECS": {
            "displayName": "ECS",
            "symbol": "ECS"
          },
          "ECV": {
            "displayName": "ECV",
            "symbol": "ECV"
          },
          "EEK": {
            "displayName": "EEK",
            "symbol": "EEK"
          },
          "EGP": {
            "displayName": "егіпецкі фунт",
            "displayName-count-one": "егіпецкі фунт",
            "displayName-count-few": "егіпецкія фунты",
            "displayName-count-many": "егіпецкіх фунтаў",
            "displayName-count-other": "егіпецкага фунта",
            "symbol": "EGP",
            "symbol-alt-narrow": "E£"
          },
          "ERN": {
            "displayName": "эрытрэйская накфа",
            "displayName-count-one": "эрытрэйская накфа",
            "displayName-count-few": "эрытрэйскія накфы",
            "displayName-count-many": "эрытрэйскіх накфаў",
            "displayName-count-other": "эрытрэйскай накфы",
            "symbol": "ERN"
          },
          "ESA": {
            "displayName": "ESA",
            "symbol": "ESA"
          },
          "ESB": {
            "displayName": "ESB",
            "symbol": "ESB"
          },
          "ESP": {
            "displayName": "ESP",
            "symbol": "ESP",
            "symbol-alt-narrow": "₧"
          },
          "ETB": {
            "displayName": "эфіопскі быр",
            "displayName-count-one": "эфіопскі быр",
            "displayName-count-few": "эфіопскія быры",
            "displayName-count-many": "эфіопскіх быраў",
            "displayName-count-other": "эфіопскага быра",
            "symbol": "ETB"
          },
          "EUR": {
            "displayName": "еўра",
            "displayName-count-one": "еўра",
            "displayName-count-few": "еўра",
            "displayName-count-many": "еўра",
            "displayName-count-other": "еўра",
            "symbol": "€",
            "symbol-alt-narrow": "€"
          },
          "FIM": {
            "displayName": "FIM",
            "symbol": "FIM"
          },
          "FJD": {
            "displayName": "фіджыйскі долар",
            "displayName-count-one": "фіджыйскі долар",
            "displayName-count-few": "фіджыйскія долары",
            "displayName-count-many": "фіджыйскіх долараў",
            "displayName-count-other": "фіджыйскага долара",
            "symbol": "FJD",
            "symbol-alt-narrow": "FJ$"
          },
          "FKP": {
            "displayName": "фунт Фалклендскіх астравоў",
            "displayName-count-one": "фунт Фалклендскіх астравоў",
            "displayName-count-few": "фунты Фалклендскіх астравоў",
            "displayName-count-many": "фунтаў Фалклендскіх астравоў",
            "displayName-count-other": "фунта Фалклендскіх астравоў",
            "symbol": "FKP",
            "symbol-alt-narrow": "FK£"
          },
          "FRF": {
            "displayName": "FRF",
            "symbol": "FRF"
          },
          "GBP": {
            "displayName": "брытанскі фунт стэрлінгаў",
            "displayName-count-one": "брытанскі фунт стэрлінгаў",
            "displayName-count-few": "брытанскія фунты стэрлінгаў",
            "displayName-count-many": "брытанскіх фунтаў стэрлінгаў",
            "displayName-count-other": "брытанскага фунта стэрлінгаў",
            "symbol": "£",
            "symbol-alt-narrow": "£"
          },
          "GEK": {
            "displayName": "GEK",
            "symbol": "GEK"
          },
          "GEL": {
            "displayName": "грузінскі лары",
            "displayName-count-one": "грузінскі лары",
            "displayName-count-few": "грузінскія лары",
            "displayName-count-many": "грузінскіх лары",
            "displayName-count-other": "грузінскага лары",
            "symbol": "GEL",
            "symbol-alt-narrow": "₾",
            "symbol-alt-variant": "₾"
          },
          "GHC": {
            "displayName": "GHC",
            "symbol": "GHC"
          },
          "GHS": {
            "displayName": "ганскі седзі",
            "displayName-count-one": "ганскі седзі",
            "displayName-count-few": "ганскія седзі",
            "displayName-count-many": "ганскіх седзі",
            "displayName-count-other": "ганскага седзі",
            "symbol": "GHS"
          },
          "GIP": {
            "displayName": "гібралтарскі фунт",
            "displayName-count-one": "гібралтарскі фунт",
            "displayName-count-few": "гібралтарскія фунты",
            "displayName-count-many": "гібралтарскіх фунтаў",
            "displayName-count-other": "гібралтарскага фунта",
            "symbol": "GIP",
            "symbol-alt-narrow": "£"
          },
          "GMD": {
            "displayName": "гамбійскі даласі",
            "displayName-count-one": "гамбійскі даласі",
            "displayName-count-few": "гамбійскія даласі",
            "displayName-count-many": "гамбійскіх даласі",
            "displayName-count-other": "гамбійскага даласі",
            "symbol": "GMD"
          },
          "GNF": {
            "displayName": "гвінейскі франк",
            "displayName-count-one": "гвінейскі франк",
            "displayName-count-few": "гвінейскія франкі",
            "displayName-count-many": "гвінейскіх франкаў",
            "displayName-count-other": "гвінейскага франка",
            "symbol": "GNF",
            "symbol-alt-narrow": "FG"
          },
          "GNS": {
            "displayName": "GNS",
            "symbol": "GNS"
          },
          "GQE": {
            "displayName": "GQE",
            "symbol": "GQE"
          },
          "GRD": {
            "displayName": "GRD",
            "symbol": "GRD"
          },
          "GTQ": {
            "displayName": "гватэмальскі кетсаль",
            "displayName-count-one": "гватэмальскі кетсаль",
            "displayName-count-few": "гватэмальскія кетсалі",
            "displayName-count-many": "гватэмальскіх кетсаляў",
            "displayName-count-other": "гватэмальскага кетсаля",
            "symbol": "GTQ",
            "symbol-alt-narrow": "Q"
          },
          "GWE": {
            "displayName": "GWE",
            "symbol": "GWE"
          },
          "GWP": {
            "displayName": "GWP",
            "symbol": "GWP"
          },
          "GYD": {
            "displayName": "гаянскі долар",
            "displayName-count-one": "гаянскі долар",
            "displayName-count-few": "гаянскія долары",
            "displayName-count-many": "гаянскіх долараў",
            "displayName-count-other": "гаянскага долара",
            "symbol": "GYD",
            "symbol-alt-narrow": "G$"
          },
          "HKD": {
            "displayName": "ганконгскі долар",
            "displayName-count-one": "ганконгскі долар",
            "displayName-count-few": "ганконгскія долары",
            "displayName-count-many": "ганконгскіх долараў",
            "displayName-count-other": "ганконгскага долара",
            "symbol": "HK$",
            "symbol-alt-narrow": "$"
          },
          "HNL": {
            "displayName": "гандураская лемпіра",
            "displayName-count-one": "гандураская лемпіра",
            "displayName-count-few": "гандураскія лемпіры",
            "displayName-count-many": "гандураскіх лемпір",
            "displayName-count-other": "гандураскай лемпіры",
            "symbol": "HNL",
            "symbol-alt-narrow": "L"
          },
          "HRD": {
            "displayName": "HRD",
            "symbol": "HRD"
          },
          "HRK": {
            "displayName": "харвацкая куна",
            "displayName-count-one": "харвацкая куна",
            "displayName-count-few": "харвацкія куны",
            "displayName-count-many": "харвацкіх кун",
            "displayName-count-other": "харвацкай куны",
            "symbol": "HRK",
            "symbol-alt-narrow": "kn"
          },
          "HTG": {
            "displayName": "гаіцянскі гурд",
            "displayName-count-one": "гаіцянскі гурд",
            "displayName-count-few": "гаіцянскія гурды",
            "displayName-count-many": "гаіцянскіх гурдаў",
            "displayName-count-other": "гаіцянскага гурда",
            "symbol": "HTG"
          },
          "HUF": {
            "displayName": "венгерскі форынт",
            "displayName-count-one": "венгерскі форынт",
            "displayName-count-few": "венгерскія форынты",
            "displayName-count-many": "венгерскіх форынтаў",
            "displayName-count-other": "венгерскага форынта",
            "symbol": "HUF",
            "symbol-alt-narrow": "Ft"
          },
          "IDR": {
            "displayName": "інданезійская рупія",
            "displayName-count-one": "інданезійская рупія",
            "displayName-count-few": "інданезійскія рупіі",
            "displayName-count-many": "інданезійскіх рупій",
            "displayName-count-other": "інданезійскай рупіі",
            "symbol": "IDR",
            "symbol-alt-narrow": "Rp"
          },
          "IEP": {
            "displayName": "IEP",
            "symbol": "IEP"
          },
          "ILP": {
            "displayName": "ILP",
            "symbol": "ILP"
          },
          "ILS": {
            "displayName": "новы ізраільскі шэкель",
            "displayName-count-one": "новы ізраільскі шэкель",
            "displayName-count-few": "новыя ізраільскі шэкелі",
            "displayName-count-many": "новых ізраільскіх шэкеляў",
            "displayName-count-other": "новага ізраільскага шэкеля",
            "symbol": "₪",
            "symbol-alt-narrow": "₪"
          },
          "INR": {
            "displayName": "індыйская рупія",
            "displayName-count-one": "індыйская рупія",
            "displayName-count-few": "індыйскія рупіі",
            "displayName-count-many": "індыйскіх рупій",
            "displayName-count-other": "індыйскай рупіі",
            "symbol": "₹",
            "symbol-alt-narrow": "₹"
          },
          "IQD": {
            "displayName": "іракскі дынар",
            "displayName-count-one": "іракскі дынар",
            "displayName-count-few": "іракскія дынары",
            "displayName-count-many": "іракскіх дынараў",
            "displayName-count-other": "іракскага дынара",
            "symbol": "IQD"
          },
          "IRR": {
            "displayName": "іранскі рыал",
            "displayName-count-one": "іранскі рыал",
            "displayName-count-few": "іранскія рыалы",
            "displayName-count-many": "іранскіх рыалаў",
            "displayName-count-other": "іранскага рыала",
            "symbol": "IRR"
          },
          "ISK": {
            "displayName": "ісландская крона",
            "displayName-count-one": "ісландская крона",
            "displayName-count-few": "ісландскія кроны",
            "displayName-count-many": "ісландскіх крон",
            "displayName-count-other": "ісландскай кроны",
            "symbol": "ISK",
            "symbol-alt-narrow": "Íkr"
          },
          "ITL": {
            "displayName": "ITL",
            "symbol": "ITL"
          },
          "JMD": {
            "displayName": "ямайскі долар",
            "displayName-count-one": "ямайскі долар",
            "displayName-count-few": "ямайскія долары",
            "displayName-count-many": "ямайскіх долараў",
            "displayName-count-other": "ямайскага долара",
            "symbol": "JMD",
            "symbol-alt-narrow": "J$"
          },
          "JOD": {
            "displayName": "іарданскі дынар",
            "displayName-count-one": "іарданскі дынар",
            "displayName-count-few": "іарданскія дынары",
            "displayName-count-many": "іарданскіх дынараў",
            "displayName-count-other": "іарданскага дынара",
            "symbol": "JOD"
          },
          "JPY": {
            "displayName": "японская іена",
            "displayName-count-one": "японская іена",
            "displayName-count-few": "японскія іены",
            "displayName-count-many": "японскіх іен",
            "displayName-count-other": "японскай іены",
            "symbol": "¥",
            "symbol-alt-narrow": "¥"
          },
          "KES": {
            "displayName": "кенійскі шылінг",
            "displayName-count-one": "кенійскі шылінг",
            "displayName-count-few": "кенійскія шылінгі",
            "displayName-count-many": "кенійскіх шылінгаў",
            "displayName-count-other": "кенійскага шылінга",
            "symbol": "KES"
          },
          "KGS": {
            "displayName": "кіргізскі сом",
            "displayName-count-one": "кіргізскі сом",
            "displayName-count-few": "кіргізскія сомы",
            "displayName-count-many": "кіргізскіх сомаў",
            "displayName-count-other": "кіргізскага сома",
            "symbol": "KGS"
          },
          "KHR": {
            "displayName": "камбаджыйскі рыэль",
            "displayName-count-one": "камбаджыйскі рыэль",
            "displayName-count-few": "камбаджыйскія рыэлі",
            "displayName-count-many": "камбаджыйскіх рыэляў",
            "displayName-count-other": "камбаджыйскага рыэля",
            "symbol": "KHR",
            "symbol-alt-narrow": "៛"
          },
          "KMF": {
            "displayName": "каморскі франк",
            "displayName-count-one": "каморскі франк",
            "displayName-count-few": "каморскія франкі",
            "displayName-count-many": "каморскіх франкаў",
            "displayName-count-other": "каморскага франка",
            "symbol": "KMF",
            "symbol-alt-narrow": "CF"
          },
          "KPW": {
            "displayName": "паўночнакарэйская вона",
            "displayName-count-one": "паўночнакарэйская вона",
            "displayName-count-few": "паўночнакарэйскія воны",
            "displayName-count-many": "паўночнакарэйскіх вон",
            "displayName-count-other": "паўночнакарэйскай воны",
            "symbol": "KPW",
            "symbol-alt-narrow": "₩"
          },
          "KRH": {
            "displayName": "KRH",
            "symbol": "KRH"
          },
          "KRO": {
            "displayName": "KRO",
            "symbol": "KRO"
          },
          "KRW": {
            "displayName": "паўднёвакарэйская вона",
            "displayName-count-one": "паўднёвакарэйская вона",
            "displayName-count-few": "паўднёвакарэйскія воны",
            "displayName-count-many": "паўднёвакарэйскіх вон",
            "displayName-count-other": "паўднёвакарэйскай воны",
            "symbol": "₩",
            "symbol-alt-narrow": "₩"
          },
          "KWD": {
            "displayName": "кувейцкі дынар",
            "displayName-count-one": "кувейцкі дынар",
            "displayName-count-few": "кувейцкія дынары",
            "displayName-count-many": "кувейцкіх дынараў",
            "displayName-count-other": "кувейцкага дынара",
            "symbol": "KWD"
          },
          "KYD": {
            "displayName": "долар Кайманавых астравоў",
            "displayName-count-one": "долар Кайманавых астравоў",
            "displayName-count-few": "долары Кайманавых астравоў",
            "displayName-count-many": "долараў Кайманавых астравоў",
            "displayName-count-other": "долара Кайманавых астравоў",
            "symbol": "KYD",
            "symbol-alt-narrow": "CI$"
          },
          "KZT": {
            "displayName": "казахстанскі тэнгэ",
            "displayName-count-one": "казахстанскі тэнгэ",
            "displayName-count-few": "казахстанскія тэнгэ",
            "displayName-count-many": "казахстанскіх тэнгэ",
            "displayName-count-other": "казахстанскага тэнгэ",
            "symbol": "KZT",
            "symbol-alt-narrow": "₸"
          },
          "LAK": {
            "displayName": "лаоскі кіп",
            "displayName-count-one": "лаоскі кіп",
            "displayName-count-few": "лаоскія кіпы",
            "displayName-count-many": "лаоскіх кіпаў",
            "displayName-count-other": "лаоскага кіпа",
            "symbol": "LAK",
            "symbol-alt-narrow": "₭"
          },
          "LBP": {
            "displayName": "ліванскі фунт",
            "displayName-count-one": "ліванскі фунт",
            "displayName-count-few": "ліванскія фунты",
            "displayName-count-many": "ліванскіх фунтаў",
            "displayName-count-other": "ліванскага фунта",
            "symbol": "LBP",
            "symbol-alt-narrow": "L£"
          },
          "LKR": {
            "displayName": "шры-ланкійская рупія",
            "displayName-count-one": "шры-ланкійская рупія",
            "displayName-count-few": "шры-ланкійскія рупіі",
            "displayName-count-many": "шры-ланкійскіх рупій",
            "displayName-count-other": "шры-ланкійскай рупіі",
            "symbol": "LKR",
            "symbol-alt-narrow": "Rs"
          },
          "LRD": {
            "displayName": "ліберыйскі долар",
            "displayName-count-one": "ліберыйскі долар",
            "displayName-count-few": "ліберыйскія долары",
            "displayName-count-many": "ліберыйскіх долараў",
            "displayName-count-other": "ліберыйскага долара",
            "symbol": "LRD",
            "symbol-alt-narrow": "L$"
          },
          "LSL": {
            "displayName": "LSL",
            "symbol": "LSL"
          },
          "LTL": {
            "displayName": "LTL",
            "symbol": "LTL",
            "symbol-alt-narrow": "Lt"
          },
          "LTT": {
            "displayName": "LTT",
            "symbol": "LTT"
          },
          "LUC": {
            "displayName": "LUC",
            "symbol": "LUC"
          },
          "LUF": {
            "displayName": "LUF",
            "symbol": "LUF"
          },
          "LUL": {
            "displayName": "LUL",
            "symbol": "LUL"
          },
          "LVL": {
            "displayName": "LVL",
            "symbol": "LVL",
            "symbol-alt-narrow": "Ls"
          },
          "LVR": {
            "displayName": "LVR",
            "symbol": "LVR"
          },
          "LYD": {
            "displayName": "лівійскі дынар",
            "displayName-count-one": "лівійскі дынар",
            "displayName-count-few": "лівійскія дынары",
            "displayName-count-many": "лівійскіх дынараў",
            "displayName-count-other": "лівійскага дынара",
            "symbol": "LYD"
          },
          "MAD": {
            "displayName": "мараканскі дырхам",
            "displayName-count-one": "мараканскі дырхам",
            "displayName-count-few": "мараканскія дырхамы",
            "displayName-count-many": "мараканскіх дырхамаў",
            "displayName-count-other": "мараканскага дырхама",
            "symbol": "MAD"
          },
          "MAF": {
            "displayName": "MAF",
            "symbol": "MAF"
          },
          "MCF": {
            "displayName": "MCF",
            "symbol": "MCF"
          },
          "MDC": {
            "displayName": "MDC",
            "symbol": "MDC"
          },
          "MDL": {
            "displayName": "малдаўскі лей",
            "displayName-count-one": "малдаўскі лей",
            "displayName-count-few": "малдаўскія леі",
            "displayName-count-many": "малдаўскіх леяў",
            "displayName-count-other": "малдаўскага лея",
            "symbol": "MDL"
          },
          "MGA": {
            "displayName": "малагасійскі арыяры",
            "displayName-count-one": "малагасійскі арыяры",
            "displayName-count-few": "малагасійскія арыяры",
            "displayName-count-many": "малагасійскіх арыяры",
            "displayName-count-other": "малагасійскага арыяры",
            "symbol": "MGA",
            "symbol-alt-narrow": "Ar"
          },
          "MGF": {
            "displayName": "MGF",
            "symbol": "MGF"
          },
          "MKD": {
            "displayName": "македонскі дэнар",
            "displayName-count-one": "македонскі дэнар",
            "displayName-count-few": "македонскія дэнары",
            "displayName-count-many": "македонскіх дэнараў",
            "displayName-count-other": "македонскага дэнара",
            "symbol": "MKD"
          },
          "MKN": {
            "displayName": "MKN",
            "symbol": "MKN"
          },
          "MLF": {
            "displayName": "MLF",
            "symbol": "MLF"
          },
          "MMK": {
            "displayName": "м’янманскі к’ят",
            "displayName-count-one": "м’янманскі к’ят",
            "displayName-count-few": "м’янманскія к’яты",
            "displayName-count-many": "м’янманскіх к’ятаў",
            "displayName-count-other": "м’янманскага к’ята",
            "symbol": "MMK",
            "symbol-alt-narrow": "K"
          },
          "MNT": {
            "displayName": "мангольскі тугрык",
            "displayName-count-one": "мангольскі тугрык",
            "displayName-count-few": "мангольскія тугрыкі",
            "displayName-count-many": "мангольскіх тугрыкаў",
            "displayName-count-other": "мангольскага тугрыка",
            "symbol": "MNT",
            "symbol-alt-narrow": "₮"
          },
          "MOP": {
            "displayName": "патака Макаа",
            "displayName-count-one": "патака Макаа",
            "displayName-count-few": "патакі Макаа",
            "displayName-count-many": "патак Макаа",
            "displayName-count-other": "патакі Макаа",
            "symbol": "MOP"
          },
          "MRO": {
            "displayName": "маўрытанская ўгія",
            "displayName-count-one": "маўрытанская ўгія",
            "displayName-count-few": "маўрытанскія ўгіі",
            "displayName-count-many": "маўрытанскіх угій",
            "displayName-count-other": "маўрытанскай ўгіі",
            "symbol": "MRO"
          },
          "MTL": {
            "displayName": "MTL",
            "symbol": "MTL"
          },
          "MTP": {
            "displayName": "MTP",
            "symbol": "MTP"
          },
          "MUR": {
            "displayName": "маўрыкійская рупія",
            "displayName-count-one": "маўрыкійская рупія",
            "displayName-count-few": "маўрыкійскія рупіі",
            "displayName-count-many": "маўрыкійскіх рупій",
            "displayName-count-other": "маўрыкійскай рупіі",
            "symbol": "MUR",
            "symbol-alt-narrow": "Rs"
          },
          "MVR": {
            "displayName": "мальдыўская руфія",
            "displayName-count-one": "мальдыўская руфія",
            "displayName-count-few": "мальдыўскія руфіі",
            "displayName-count-many": "мальдыўскіх руфій",
            "displayName-count-other": "мальдыўскай руфіі",
            "symbol": "MVR"
          },
          "MWK": {
            "displayName": "малавійская квача",
            "displayName-count-one": "малавійская квача",
            "displayName-count-few": "малавійскія квачы",
            "displayName-count-many": "малавійскіх квач",
            "displayName-count-other": "малавійскай квачы",
            "symbol": "MWK"
          },
          "MXN": {
            "displayName": "мексіканскае песа",
            "displayName-count-one": "мексіканскае песа",
            "displayName-count-few": "мексіканскія песа",
            "displayName-count-many": "мексіканскіх песа",
            "displayName-count-other": "мексіканскага песа",
            "symbol": "MX$",
            "symbol-alt-narrow": "MX$"
          },
          "MXP": {
            "displayName": "MXP",
            "symbol": "MXP"
          },
          "MXV": {
            "displayName": "MXV",
            "symbol": "MXV"
          },
          "MYR": {
            "displayName": "малайзійскі рынгіт",
            "displayName-count-one": "малайзійскі рынгіт",
            "displayName-count-few": "малайзійскія рынгіты",
            "displayName-count-many": "малайзійскіх рынгітаў",
            "displayName-count-other": "малайзійскага рынгіта",
            "symbol": "MYR",
            "symbol-alt-narrow": "RM"
          },
          "MZE": {
            "displayName": "MZE",
            "symbol": "MZE"
          },
          "MZM": {
            "displayName": "MZM",
            "symbol": "MZM"
          },
          "MZN": {
            "displayName": "мазамбікскі метыкал",
            "displayName-count-one": "мазамбікскі метыкал",
            "displayName-count-few": "мазамбікскія метыкалы",
            "displayName-count-many": "мазамбікскіх метыкалаў",
            "displayName-count-other": "мазамбікскага метыкала",
            "symbol": "MZN"
          },
          "NAD": {
            "displayName": "намібійскі долар",
            "displayName-count-one": "намібійскі долар",
            "displayName-count-few": "намібійскія долары",
            "displayName-count-many": "намібійскіх долараў",
            "displayName-count-other": "намібійскага долара",
            "symbol": "NAD",
            "symbol-alt-narrow": "N$"
          },
          "NGN": {
            "displayName": "нігерыйская найра",
            "displayName-count-one": "нігерыйская найра",
            "displayName-count-few": "нігерыйскія найры",
            "displayName-count-many": "нігерыйскіх найр",
            "displayName-count-other": "нігерыйскай найры",
            "symbol": "NGN",
            "symbol-alt-narrow": "₦"
          },
          "NIC": {
            "displayName": "NIC",
            "symbol": "NIC"
          },
          "NIO": {
            "displayName": "нікарагуанская кордаба",
            "displayName-count-one": "нікарагуанская кордаба",
            "displayName-count-few": "нікарагуанскія кордабы",
            "displayName-count-many": "нікарагуанскіх кордаб",
            "displayName-count-other": "нікарагуанскай кордабы",
            "symbol": "NIO",
            "symbol-alt-narrow": "C$"
          },
          "NLG": {
            "displayName": "NLG",
            "symbol": "NLG"
          },
          "NOK": {
            "displayName": "нарвежская крона",
            "displayName-count-one": "нарвежская крона",
            "displayName-count-few": "нарвежскія кроны",
            "displayName-count-many": "нарвежскіх крон",
            "displayName-count-other": "нарвежскай кроны",
            "symbol": "NOK",
            "symbol-alt-narrow": "kr"
          },
          "NPR": {
            "displayName": "непальская рупія",
            "displayName-count-one": "непальская рупія",
            "displayName-count-few": "непальскія рупіі",
            "displayName-count-many": "непальскіх рупій",
            "displayName-count-other": "непальскай рупіі",
            "symbol": "NPR",
            "symbol-alt-narrow": "Rs"
          },
          "NZD": {
            "displayName": "новазеландскі долар",
            "displayName-count-one": "новазеландскі долар",
            "displayName-count-few": "новазеландскія долары",
            "displayName-count-many": "новазеландскіх долараў",
            "displayName-count-other": "новазеландскага долара",
            "symbol": "NZD",
            "symbol-alt-narrow": "NZ$"
          },
          "OMR": {
            "displayName": "аманскі рыал",
            "displayName-count-one": "аманскі рыал",
            "displayName-count-few": "аманскія рыалы",
            "displayName-count-many": "аманскіх рыалаў",
            "displayName-count-other": "аманска рыала",
            "symbol": "OMR"
          },
          "PAB": {
            "displayName": "панамскае бальбоа",
            "displayName-count-one": "панамскае бальбоа",
            "displayName-count-few": "панамскія бальбоа",
            "displayName-count-many": "панамскіх бальбоа",
            "displayName-count-other": "панамскага бальбоа",
            "symbol": "PAB"
          },
          "PEI": {
            "displayName": "PEI",
            "symbol": "PEI"
          },
          "PEN": {
            "displayName": "перуанскі новы соль",
            "displayName-count-one": "перуанскі новы соль",
            "displayName-count-few": "перуанскія новыя солі",
            "displayName-count-many": "перуанскіх новых соляў",
            "displayName-count-other": "перуанскага новага соля",
            "symbol": "PEN"
          },
          "PES": {
            "displayName": "PES",
            "symbol": "PES"
          },
          "PGK": {
            "displayName": "кіна",
            "displayName-count-one": "кіна",
            "displayName-count-few": "кіна",
            "displayName-count-many": "кіна",
            "displayName-count-other": "кіна",
            "symbol": "PGK"
          },
          "PHP": {
            "displayName": "філіпінскае песа",
            "displayName-count-one": "філіпінскае песа",
            "displayName-count-few": "філіпінскія песа",
            "displayName-count-many": "філіпінскіх песа",
            "displayName-count-other": "філіпінскага песа",
            "symbol": "PHP",
            "symbol-alt-narrow": "₱"
          },
          "PKR": {
            "displayName": "пакістанская рупія",
            "displayName-count-one": "пакістанская рупія",
            "displayName-count-few": "пакістанскія рупіі",
            "displayName-count-many": "пакістанскіх рупій",
            "displayName-count-other": "пакістанскай рупіі",
            "symbol": "PKR",
            "symbol-alt-narrow": "Rs"
          },
          "PLN": {
            "displayName": "польскі злоты",
            "displayName-count-one": "польскі злоты",
            "displayName-count-few": "польскія злотыя",
            "displayName-count-many": "польскіх злотых",
            "displayName-count-other": "польскага злотага",
            "symbol": "PLN",
            "symbol-alt-narrow": "zł"
          },
          "PLZ": {
            "displayName": "PLZ",
            "symbol": "PLZ"
          },
          "PTE": {
            "displayName": "PTE",
            "symbol": "PTE"
          },
          "PYG": {
            "displayName": "парагвайскі гуарані",
            "displayName-count-one": "парагвайскі гуарані",
            "displayName-count-few": "парагвайскія гуарані",
            "displayName-count-many": "парагвайскіх гуарані",
            "displayName-count-other": "парагвайскага гуарані",
            "symbol": "PYG",
            "symbol-alt-narrow": "₲"
          },
          "QAR": {
            "displayName": "катарскі рыал",
            "displayName-count-one": "катарскі рыал",
            "displayName-count-few": "катарскія рыалы",
            "displayName-count-many": "катарскіх рыалаў",
            "displayName-count-other": "катарскага рыала",
            "symbol": "QAR"
          },
          "RHD": {
            "displayName": "RHD",
            "symbol": "RHD"
          },
          "ROL": {
            "displayName": "ROL",
            "symbol": "ROL"
          },
          "RON": {
            "displayName": "румынскі лей",
            "displayName-count-one": "румынскі лей",
            "displayName-count-few": "румынскія леі",
            "displayName-count-many": "румынскіх леяў",
            "displayName-count-other": "румынскага лея",
            "symbol": "RON"
          },
          "RSD": {
            "displayName": "сербскі дынар",
            "displayName-count-one": "сербскі дынар",
            "displayName-count-few": "сербскія дынары",
            "displayName-count-many": "сербскіх дынараў",
            "displayName-count-other": "сербскага дынара",
            "symbol": "RSD"
          },
          "RUB": {
            "displayName": "расійскі рубель",
            "displayName-count-one": "расійскі рубель",
            "displayName-count-few": "расійскія рублі",
            "displayName-count-many": "расійскіх рублёў",
            "displayName-count-other": "расійскага рубля",
            "symbol": "₽",
            "symbol-alt-narrow": "руб."
          },
          "RUR": {
            "displayName": "RUR",
            "symbol": "RUR",
            "symbol-alt-narrow": "р."
          },
          "RWF": {
            "displayName": "руандыйскі франк",
            "displayName-count-one": "руандыйскі франк",
            "displayName-count-few": "руандыйскія франкі",
            "displayName-count-many": "руандыйскіх франкаў",
            "displayName-count-other": "руандыйскага франка",
            "symbol": "RWF",
            "symbol-alt-narrow": "RF"
          },
          "SAR": {
            "displayName": "саудаўскі рыял",
            "displayName-count-one": "саудаўскі рыял",
            "displayName-count-few": "саудаўскія рыялы",
            "displayName-count-many": "саудаўскіх рыялаў",
            "displayName-count-other": "саудаўскага рыяла",
            "symbol": "SAR"
          },
          "SBD": {
            "displayName": "долар Саламонавых Астравоў",
            "displayName-count-one": "долар Саламонавых Астравоў",
            "displayName-count-few": "долары Саламонавых Астравоў",
            "displayName-count-many": "долараў Саламонавых Астравоў",
            "displayName-count-other": "долара Саламонавых Астравоў",
            "symbol": "SBD",
            "symbol-alt-narrow": "SI$"
          },
          "SCR": {
            "displayName": "сейшэльская рупія",
            "displayName-count-one": "сейшэльская рупія",
            "displayName-count-few": "сейшэльскія рупіі",
            "displayName-count-many": "сейшэльскіх рупій",
            "displayName-count-other": "сейшэльскай рупіі",
            "symbol": "SCR"
          },
          "SDD": {
            "displayName": "SDD",
            "symbol": "SDD"
          },
          "SDG": {
            "displayName": "суданскі фунт",
            "displayName-count-one": "суданскі фунт",
            "displayName-count-few": "суданскія фунты",
            "displayName-count-many": "суданскіх фунтаў",
            "displayName-count-other": "суданскага фунта",
            "symbol": "SDG"
          },
          "SDP": {
            "displayName": "SDP",
            "symbol": "SDP"
          },
          "SEK": {
            "displayName": "шведская крона",
            "displayName-count-one": "шведская крона",
            "displayName-count-few": "шведскія кроны",
            "displayName-count-many": "шведскіх крон",
            "displayName-count-other": "шведскай кроны",
            "symbol": "SEK",
            "symbol-alt-narrow": "kr"
          },
          "SGD": {
            "displayName": "сінгапурскі долар",
            "displayName-count-one": "сінгапурскі долар",
            "displayName-count-few": "сінгапурскія долары",
            "displayName-count-many": "сінгапурскіх долараў",
            "displayName-count-other": "сінгапурскага долара",
            "symbol": "SGD",
            "symbol-alt-narrow": "S$"
          },
          "SHP": {
            "displayName": "фунт Святой Алены",
            "displayName-count-one": "фунт Святой Алены",
            "displayName-count-few": "фунты Святой Алены",
            "displayName-count-many": "фунтаў Святой Алены",
            "displayName-count-other": "фунта Святой Алены",
            "symbol": "SHP",
            "symbol-alt-narrow": "£"
          },
          "SIT": {
            "displayName": "SIT",
            "symbol": "SIT"
          },
          "SKK": {
            "displayName": "SKK",
            "symbol": "SKK"
          },
          "SLL": {
            "displayName": "леонэ",
            "displayName-count-one": "леонэ",
            "displayName-count-few": "леонэ",
            "displayName-count-many": "леонэ",
            "displayName-count-other": "леонэ",
            "symbol": "SLL"
          },
          "SOS": {
            "displayName": "самалійскі шылінг",
            "displayName-count-one": "самалійскі шылінг",
            "displayName-count-few": "самалійскія шылінгі",
            "displayName-count-many": "самалійскіх шылінгаў",
            "displayName-count-other": "самалійскага шылінга",
            "symbol": "SOS"
          },
          "SRD": {
            "displayName": "сурынамскі долар",
            "displayName-count-one": "сурынамскі долар",
            "displayName-count-few": "сурынамскія долары",
            "displayName-count-many": "сурынамскіх долараў",
            "displayName-count-other": "сурынамскага долара",
            "symbol": "SRD",
            "symbol-alt-narrow": "$"
          },
          "SRG": {
            "displayName": "SRG",
            "symbol": "SRG"
          },
          "SSP": {
            "displayName": "паўднёвасуданскі фунт",
            "displayName-count-one": "паўднёвасуданскі фунт",
            "displayName-count-few": "паўднёвасуданскія фунты",
            "displayName-count-many": "паўднёвасуданскіх фунтаў",
            "displayName-count-other": "паўднёвасуданскага фунта",
            "symbol": "SSP",
            "symbol-alt-narrow": "£"
          },
          "STD": {
            "displayName": "добра Сан-Тамэ і Прынсіпі",
            "displayName-count-one": "добра Сан-Тамэ і Прынсіпі",
            "displayName-count-few": "добры Сан-Тамэ і Прынсіпі",
            "displayName-count-many": "добр Сан-Тамэ і Прынсіпі",
            "displayName-count-other": "добры Сан-Тамэ і Прынсіпі",
            "symbol": "STD",
            "symbol-alt-narrow": "Db"
          },
          "SUR": {
            "displayName": "SUR",
            "symbol": "SUR"
          },
          "SVC": {
            "displayName": "SVC",
            "symbol": "SVC"
          },
          "SYP": {
            "displayName": "сірыйскі фунт",
            "displayName-count-one": "сірыйскі фунт",
            "displayName-count-few": "сірыйскія фунты",
            "displayName-count-many": "сірыйскіх фунтаў",
            "displayName-count-other": "сірыйскага фунта",
            "symbol": "SYP",
            "symbol-alt-narrow": "£"
          },
          "SZL": {
            "displayName": "свазілендскі лілангені",
            "displayName-count-one": "свазілендскі лілангені",
            "displayName-count-few": "свазілендскія лілангені",
            "displayName-count-many": "свазілендскіх лілангені",
            "displayName-count-other": "свазілендскага лілангені",
            "symbol": "SZL"
          },
          "THB": {
            "displayName": "тайскі бат",
            "displayName-count-one": "тайскі бат",
            "displayName-count-few": "тайскія баты",
            "displayName-count-many": "тайскіх батаў",
            "displayName-count-other": "тайскага бата",
            "symbol": "THB",
            "symbol-alt-narrow": "฿"
          },
          "TJR": {
            "displayName": "TJR",
            "symbol": "TJR"
          },
          "TJS": {
            "displayName": "таджыкскі самані",
            "displayName-count-one": "таджыкскі самані",
            "displayName-count-few": "таджыкскія самані",
            "displayName-count-many": "таджыкскіх самані",
            "displayName-count-other": "таджыкскага самані",
            "symbol": "TJS"
          },
          "TMM": {
            "displayName": "TMM",
            "symbol": "TMM"
          },
          "TMT": {
            "displayName": "туркменскі манат",
            "displayName-count-one": "туркменскі манат",
            "displayName-count-few": "туркменскія манаты",
            "displayName-count-many": "туркменскіх манатаў",
            "displayName-count-other": "туркменскага маната",
            "symbol": "TMT"
          },
          "TND": {
            "displayName": "туніскі дынар",
            "displayName-count-one": "туніскі дынар",
            "displayName-count-few": "туніскія дынары",
            "displayName-count-many": "туніскіх дынараў",
            "displayName-count-other": "туніскага дынара",
            "symbol": "TND"
          },
          "TOP": {
            "displayName": "танганская паанга",
            "displayName-count-one": "танганская паанга",
            "displayName-count-few": "танганскія паангі",
            "displayName-count-many": "танганскіх паанг",
            "displayName-count-other": "танганскай паангі",
            "symbol": "TOP",
            "symbol-alt-narrow": "T$"
          },
          "TPE": {
            "displayName": "TPE",
            "symbol": "TPE"
          },
          "TRL": {
            "displayName": "TRL",
            "symbol": "TRL"
          },
          "TRY": {
            "displayName": "турэцкая ліра",
            "displayName-count-one": "турэцкая ліра",
            "displayName-count-few": "турэцкія ліры",
            "displayName-count-many": "турэцкіх лір",
            "displayName-count-other": "турэцкай ліры",
            "symbol": "TRY",
            "symbol-alt-narrow": "₺",
            "symbol-alt-variant": "TL"
          },
          "TTD": {
            "displayName": "долар Трынідада і Табага",
            "displayName-count-one": "долар Трынідада і Табага",
            "displayName-count-few": "долары Трынідада і Табага",
            "displayName-count-many": "долараў Трынідада і Табага",
            "displayName-count-other": "долара Трынідада і Табага",
            "symbol": "TTD",
            "symbol-alt-narrow": "TT$"
          },
          "TWD": {
            "displayName": "новы тайваньскі долар",
            "displayName-count-one": "новы тайваньскі долар",
            "displayName-count-few": "новыя тайваньскія долары",
            "displayName-count-many": "новых тайваньскіх долараў",
            "displayName-count-other": "новага тайваньскага долара",
            "symbol": "NT$",
            "symbol-alt-narrow": "$"
          },
          "TZS": {
            "displayName": "танзанійскі шылінг",
            "displayName-count-one": "танзанійскі шылінг",
            "displayName-count-few": "танзанійскія шылінгі",
            "displayName-count-many": "танзанійскіх шылінгаў",
            "displayName-count-other": "танзанійскага шылінга",
            "symbol": "TZS"
          },
          "UAH": {
            "displayName": "украінская грыўна",
            "displayName-count-one": "украінская грыўна",
            "displayName-count-few": "украінскія грыўні",
            "displayName-count-many": "украінскіх грыўнаў",
            "displayName-count-other": "украінскай грыўны",
            "symbol": "UAH",
            "symbol-alt-narrow": "₴"
          },
          "UAK": {
            "displayName": "UAK",
            "symbol": "UAK"
          },
          "UGS": {
            "displayName": "UGS",
            "symbol": "UGS"
          },
          "UGX": {
            "displayName": "угандыйскі шылінг",
            "displayName-count-one": "угандыйскі шылінг",
            "displayName-count-few": "угандыйскія шылінгі",
            "displayName-count-many": "угандыйскіх шылінгаў",
            "displayName-count-other": "угандыйскага шылінга",
            "symbol": "UGX"
          },
          "USD": {
            "displayName": "долар ЗША",
            "displayName-count-one": "долар ЗША",
            "displayName-count-few": "долары ЗША",
            "displayName-count-many": "долараў ЗША",
            "displayName-count-other": "долара ЗША",
            "symbol": "$",
            "symbol-alt-narrow": "$"
          },
          "USN": {
            "displayName": "USN",
            "symbol": "USN"
          },
          "USS": {
            "displayName": "USS",
            "symbol": "USS"
          },
          "UYI": {
            "displayName": "UYI",
            "symbol": "UYI"
          },
          "UYP": {
            "displayName": "UYP",
            "symbol": "UYP"
          },
          "UYU": {
            "displayName": "уругвайскае песа",
            "displayName-count-one": "уругвайскае песа",
            "displayName-count-few": "уругвайскія песа",
            "displayName-count-many": "уругвайскіх песа",
            "displayName-count-other": "уругвайскага песа",
            "symbol": "UYU",
            "symbol-alt-narrow": "$U"
          },
          "UZS": {
            "displayName": "узбекскі сум",
            "displayName-count-one": "узбекскі сум",
            "displayName-count-few": "узбекскія сумы",
            "displayName-count-many": "узбекскіх сумаў",
            "displayName-count-other": "узбекскага сума",
            "symbol": "UZS"
          },
          "VEB": {
            "displayName": "VEB",
            "symbol": "VEB"
          },
          "VEF": {
            "displayName": "венесуальскі балівар",
            "displayName-count-one": "венесуальскі балівар",
            "displayName-count-few": "венесуальскія балівары",
            "displayName-count-many": "венесуальскіх балівараў",
            "displayName-count-other": "венесуальскага балівара",
            "symbol": "VEF",
            "symbol-alt-narrow": "Bs"
          },
          "VND": {
            "displayName": "в’етнамскі донг",
            "displayName-count-one": "в’етнамскі донг",
            "displayName-count-few": "в’етнамскія донгі",
            "displayName-count-many": "в’етнамскіх донгаў",
            "displayName-count-other": "в’етнамскага донга",
            "symbol": "₫",
            "symbol-alt-narrow": "₫"
          },
          "VNN": {
            "displayName": "VNN",
            "symbol": "VNN"
          },
          "VUV": {
            "displayName": "вату",
            "displayName-count-one": "вату",
            "displayName-count-few": "вату",
            "displayName-count-many": "вату",
            "displayName-count-other": "вату",
            "symbol": "VUV"
          },
          "WST": {
            "displayName": "самаанская тала",
            "displayName-count-one": "самаанская тала",
            "displayName-count-few": "самаанскія талы",
            "displayName-count-many": "самаанскіх тал",
            "displayName-count-other": "самаанскай талы",
            "symbol": "WST"
          },
          "XAF": {
            "displayName": "цэнтральнаафрыканскі франк КФА",
            "displayName-count-one": "цэнтральнаафрыканскі франк КФА",
            "displayName-count-few": "цэнтральнаафрыканскія франкі КФА",
            "displayName-count-many": "цэнтральнаафрыканскіх франкаў КФА",
            "displayName-count-other": "цэнтральнаафрыканскага франка КФА",
            "symbol": "FCFA"
          },
          "XAG": {
            "displayName": "XAG",
            "symbol": "XAG"
          },
          "XAU": {
            "displayName": "XAU",
            "symbol": "XAU"
          },
          "XBA": {
            "displayName": "XBA",
            "symbol": "XBA"
          },
          "XBB": {
            "displayName": "XBB",
            "symbol": "XBB"
          },
          "XBC": {
            "displayName": "XBC",
            "symbol": "XBC"
          },
          "XBD": {
            "displayName": "XBD",
            "symbol": "XBD"
          },
          "XCD": {
            "displayName": "усходнекарыбскі долар",
            "displayName-count-one": "усходнекарыбскі долар",
            "displayName-count-few": "усходнекарыбскія долары",
            "displayName-count-many": "усходнекарыбскіх долараў",
            "displayName-count-other": "усходнекарыбскага долара",
            "symbol": "EC$",
            "symbol-alt-narrow": "EC$"
          },
          "XDR": {
            "displayName": "XDR",
            "symbol": "XDR"
          },
          "XEU": {
            "displayName": "XEU",
            "symbol": "XEU"
          },
          "XFO": {
            "displayName": "XFO",
            "symbol": "XFO"
          },
          "XFU": {
            "displayName": "XFU",
            "symbol": "XFU"
          },
          "XOF": {
            "displayName": "заходнеафрыканскі франк КФА",
            "displayName-count-one": "заходнеафрыканскі франк КФА",
            "displayName-count-few": "заходнеафрыканскія франкі КФА",
            "displayName-count-many": "заходнеафрыканскіх франкаў КФА",
            "displayName-count-other": "заходнеафрыканскага франка КФА",
            "symbol": "CFA"
          },
          "XPD": {
            "displayName": "XPD",
            "symbol": "XPD"
          },
          "XPF": {
            "displayName": "французскі ціхаакіянскі франк",
            "displayName-count-one": "французскі ціхаакіянскі франк",
            "displayName-count-few": "французскія ціхаакіянскія франкі",
            "displayName-count-many": "французскіх ціхаакіянскіх франкаў",
            "displayName-count-other": "французскага ціхаакіянскага франка",
            "symbol": "CFPF"
          },
          "XPT": {
            "displayName": "XPT",
            "symbol": "XPT"
          },
          "XRE": {
            "displayName": "XRE",
            "symbol": "XRE"
          },
          "XSU": {
            "displayName": "XSU",
            "symbol": "XSU"
          },
          "XTS": {
            "displayName": "XTS",
            "symbol": "XTS"
          },
          "XUA": {
            "displayName": "XUA",
            "symbol": "XUA"
          },
          "XXX": {
            "displayName": "невядомая валюта",
            "displayName-count-one": "невядомая валюта",
            "displayName-count-few": "невядомая валюта",
            "displayName-count-many": "невядомая валюта",
            "displayName-count-other": "невядомая валюта",
            "symbol": "XXX"
          },
          "YDD": {
            "displayName": "YDD",
            "symbol": "YDD"
          },
          "YER": {
            "displayName": "еменскі рыал",
            "displayName-count-one": "еменскі рыал",
            "displayName-count-few": "еменскія рыалы",
            "displayName-count-many": "еменскіх рыалаў",
            "displayName-count-other": "еменскага рыала",
            "symbol": "YER"
          },
          "YUD": {
            "displayName": "YUD",
            "symbol": "YUD"
          },
          "YUM": {
            "displayName": "YUM",
            "symbol": "YUM"
          },
          "YUN": {
            "displayName": "YUN",
            "symbol": "YUN"
          },
          "YUR": {
            "displayName": "YUR",
            "symbol": "YUR"
          },
          "ZAL": {
            "displayName": "ZAL",
            "symbol": "ZAL"
          },
          "ZAR": {
            "displayName": "паўднёваафрыканскі ранд",
            "displayName-count-one": "паўднёваафрыканскі ранд",
            "displayName-count-few": "паўднёваафрыканскія ранды",
            "displayName-count-many": "паўднёваафрыканскіх рандаў",
            "displayName-count-other": "паўднёваафрыканскага ранда",
            "symbol": "ZAR",
            "symbol-alt-narrow": "R"
          },
          "ZMK": {
            "displayName": "ZMK",
            "symbol": "ZMK"
          },
          "ZMW": {
            "displayName": "замбійская квача",
            "displayName-count-one": "замбійская квача",
            "displayName-count-few": "замбійскія квачы",
            "displayName-count-many": "замбійскіх квач",
            "displayName-count-other": "замбійскай квачы",
            "symbol": "ZMW",
            "symbol-alt-narrow": "ZK"
          },
          "ZRN": {
            "displayName": "ZRN",
            "symbol": "ZRN"
          },
          "ZRZ": {
            "displayName": "ZRZ",
            "symbol": "ZRZ"
          },
          "ZWD": {
            "displayName": "ZWD",
            "symbol": "ZWD"
          },
          "ZWL": {
            "displayName": "ZWL",
            "symbol": "ZWL"
          },
          "ZWR": {
            "displayName": "ZWR",
            "symbol": "ZWR"
          }
        }
      }
    }
  }
}
