{
  "main": {
    "sw": {
      "identity": {
        "version": {
          "_number": "$Revision: 12293 $",
          "_cldrVersion": "29"
        },
        "language": "sw"
      },
      "numbers": {
        "currencies": {
          "ADP": {
            "displayName": "ADP",
            "symbol": "ADP"
          },
          "AED": {
            "displayName": "Dirham ya Falme za Kiarabu",
            "displayName-count-one": "dirham ya Falme za Kiarabu",
            "displayName-count-other": "dirham za Falme za Kiarabu",
            "symbol": "AED"
          },
          "AFA": {
            "displayName": "AFA",
            "symbol": "AFA"
          },
          "AFN": {
            "displayName": "Afghani ya Afghanistan",
            "displayName-count-one": "Afghani ya Afghanistan",
            "displayName-count-other": "Afghani za Afghanistan",
            "symbol": "AFN"
          },
          "ALL": {
            "displayName": "Lek ya Albania",
            "displayName-count-one": "Lek ya Albania",
            "displayName-count-other": "Lek za Albania",
            "symbol": "ALL"
          },
          "AMD": {
            "displayName": "Dram ya Armenia",
            "displayName-count-one": "Dram ya Armenia",
            "displayName-count-other": "Dram za Armenia",
            "symbol": "AMD"
          },
          "ANG": {
            "displayName": "Guilder ya Antili za Kiholanzi",
            "displayName-count-one": "Guilder ya Antili za Kiholanzi",
            "displayName-count-other": "Guilder ya Antili za Kiholanzi",
            "symbol": "ANG"
          },
          "AOA": {
            "displayName": "Kwanza ya Angola",
            "displayName-count-one": "kwanza ya Angola",
            "displayName-count-other": "kwanza za Angola",
            "symbol": "AOA",
            "symbol-alt-narrow": "Kz"
          },
          "AOK": {
            "displayName": "AOK",
            "symbol": "AOK"
          },
          "AON": {
            "displayName": "AON",
            "symbol": "AON"
          },
          "AOR": {
            "displayName": "AOR",
            "symbol": "AOR"
          },
          "ARA": {
            "displayName": "ARA",
            "symbol": "ARA"
          },
          "ARL": {
            "displayName": "ARL",
            "symbol": "ARL"
          },
          "ARM": {
            "displayName": "ARM",
            "symbol": "ARM"
          },
          "ARP": {
            "displayName": "ARP",
            "symbol": "ARP"
          },
          "ARS": {
            "displayName": "Peso ya Ajentina",
            "displayName-count-one": "Peso ya Ajentina",
            "displayName-count-other": "Peso za Ajentina",
            "symbol": "ARS",
            "symbol-alt-narrow": "$"
          },
          "ATS": {
            "displayName": "ATS",
            "symbol": "ATS"
          },
          "AUD": {
            "displayName": "Dola ya Australia",
            "displayName-count-one": "dola ya Australia",
            "displayName-count-other": "dola za Australia",
            "symbol": "A$",
            "symbol-alt-narrow": "$"
          },
          "AWG": {
            "displayName": "Florin ya Aruba",
            "displayName-count-one": "Florin ya Aruba",
            "displayName-count-other": "Florin za Aruba",
            "symbol": "AWG"
          },
          "AZM": {
            "displayName": "AZM",
            "symbol": "AZM"
          },
          "AZN": {
            "displayName": "Manat ya Azebaijani",
            "displayName-count-one": "Manat ya Azebaijani",
            "displayName-count-other": "Manat za Azebaijani",
            "symbol": "AZN"
          },
          "BAD": {
            "displayName": "BAD",
            "symbol": "BAD"
          },
          "BAM": {
            "displayName": "Convertible Mark ya Bosnia na Hezegovina",
            "displayName-count-one": "Convertible Mark ya Bosnia na Hezegovina",
            "displayName-count-other": "Convertible Mark za Bosnia na Hezegovina",
            "symbol": "BAM",
            "symbol-alt-narrow": "KM"
          },
          "BAN": {
            "displayName": "BAN",
            "symbol": "BAN"
          },
          "BBD": {
            "displayName": "Dola ya Barbados",
            "displayName-count-one": "Dola ya Barbados",
            "displayName-count-other": "Dola za Barbados",
            "symbol": "BBD",
            "symbol-alt-narrow": "$"
          },
          "BDT": {
            "displayName": "Taka ya Bangladeshi",
            "displayName-count-one": "Taka ya Bangladeshi",
            "displayName-count-other": "Taka za Bangladeshi",
            "symbol": "BDT",
            "symbol-alt-narrow": "৳"
          },
          "BEC": {
            "displayName": "BEC",
            "symbol": "BEC"
          },
          "BEF": {
            "displayName": "BEF",
            "symbol": "BEF"
          },
          "BEL": {
            "displayName": "BEL",
            "symbol": "BEL"
          },
          "BGL": {
            "displayName": "BGL",
            "symbol": "BGL"
          },
          "BGM": {
            "displayName": "BGM",
            "symbol": "BGM"
          },
          "BGN": {
            "displayName": "Lev ya Bulgaria",
            "displayName-count-one": "Lev ya Bulgaria",
            "displayName-count-other": "Lev za Bulgaria",
            "symbol": "BGN"
          },
          "BGO": {
            "displayName": "BGO",
            "symbol": "BGO"
          },
          "BHD": {
            "displayName": "Dinar ya Bahareni",
            "displayName-count-one": "Dinar ya Bahareni",
            "displayName-count-other": "Dinar za Bahareni",
            "symbol": "BHD"
          },
          "BIF": {
            "displayName": "Faranga ya Burundi",
            "displayName-count-one": "faranga ya Burundi",
            "displayName-count-other": "faranga za Burundi",
            "symbol": "BIF"
          },
          "BMD": {
            "displayName": "Dola ya Bermuda",
            "displayName-count-one": "Dola ya Bermuda",
            "displayName-count-other": "Dola za Bermuda",
            "symbol": "BMD",
            "symbol-alt-narrow": "$"
          },
          "BND": {
            "displayName": "Dola ya Brunei",
            "displayName-count-one": "Dola ya Brunei",
            "displayName-count-other": "Dola za Brunei",
            "symbol": "BND",
            "symbol-alt-narrow": "$"
          },
          "BOB": {
            "displayName": "Boliviano ya Bolivia",
            "displayName-count-one": "Boliviano ya Bolivia",
            "displayName-count-other": "Boliviano za Bolivia",
            "symbol": "BOB",
            "symbol-alt-narrow": "Bs"
          },
          "BOL": {
            "displayName": "BOL",
            "symbol": "BOL"
          },
          "BOP": {
            "displayName": "BOP",
            "symbol": "BOP"
          },
          "BOV": {
            "displayName": "BOV",
            "symbol": "BOV"
          },
          "BRB": {
            "displayName": "BRB",
            "symbol": "BRB"
          },
          "BRC": {
            "displayName": "BRC",
            "symbol": "BRC"
          },
          "BRE": {
            "displayName": "BRE",
            "symbol": "BRE"
          },
          "BRL": {
            "displayName": "Real ya Brazil",
            "displayName-count-one": "Real ya Brazil",
            "displayName-count-other": "Real za Brazil",
            "symbol": "R$",
            "symbol-alt-narrow": "R$"
          },
          "BRN": {
            "displayName": "BRN",
            "symbol": "BRN"
          },
          "BRR": {
            "displayName": "BRR",
            "symbol": "BRR"
          },
          "BRZ": {
            "displayName": "BRZ",
            "symbol": "BRZ"
          },
          "BSD": {
            "displayName": "Dola ya Bahamas",
            "displayName-count-one": "Dola ya Bahamas",
            "displayName-count-other": "Dola za Bahamas",
            "symbol": "BSD",
            "symbol-alt-narrow": "$"
          },
          "BTN": {
            "displayName": "Ngultrum ya Bhutan",
            "displayName-count-one": "Ngultrum ya Bhutan",
            "displayName-count-other": "Ngultrum za Bhutan",
            "symbol": "BTN"
          },
          "BUK": {
            "displayName": "BUK",
            "symbol": "BUK"
          },
          "BWP": {
            "displayName": "Pula ya Botswana",
            "displayName-count-one": "pula ya Botswana",
            "displayName-count-other": "pula za Botswana",
            "symbol": "BWP",
            "symbol-alt-narrow": "P"
          },
          "BYB": {
            "displayName": "BYB",
            "symbol": "BYB"
          },
          "BYR": {
            "displayName": "Ruble ya Belarusi",
            "displayName-count-one": "Ruble ya Belarusi",
            "displayName-count-other": "Ruble za Belarusi",
            "symbol": "BYR",
            "symbol-alt-narrow": "р."
          },
          "BZD": {
            "displayName": "Dola ya Belize",
            "displayName-count-one": "Dola ya Belize",
            "displayName-count-other": "Dola za Belize",
            "symbol": "BZD",
            "symbol-alt-narrow": "$"
          },
          "CAD": {
            "displayName": "Dola ya Kanada",
            "displayName-count-one": "dola ya Kanada",
            "displayName-count-other": "dola za Kanada",
            "symbol": "CA$",
            "symbol-alt-narrow": "$"
          },
          "CDF": {
            "displayName": "Faranga ya Kongo",
            "displayName-count-one": "faranga ya Kongo",
            "displayName-count-other": "faranga za Kongo",
            "symbol": "CDF"
          },
          "CHE": {
            "displayName": "CHE",
            "symbol": "CHE"
          },
          "CHF": {
            "displayName": "Faranga ya Uswisi",
            "displayName-count-one": "faranga ya Uswisi",
            "displayName-count-other": "faranga za Uswisi",
            "symbol": "CHF"
          },
          "CHW": {
            "displayName": "CHW",
            "symbol": "CHW"
          },
          "CLE": {
            "displayName": "CLE",
            "symbol": "CLE"
          },
          "CLF": {
            "displayName": "CLF",
            "symbol": "CLF"
          },
          "CLP": {
            "displayName": "Peso ya Chile",
            "displayName-count-one": "Peso ya Chile",
            "displayName-count-other": "Peso za Chile",
            "symbol": "CLP",
            "symbol-alt-narrow": "$"
          },
          "CNY": {
            "displayName": "Yuan ya Uchina",
            "displayName-count-one": "yuan ya Uchina",
            "displayName-count-other": "yuan za Uchina",
            "symbol": "CN¥",
            "symbol-alt-narrow": "¥"
          },
          "COP": {
            "displayName": "Peso ya Kolombia",
            "displayName-count-one": "Peso ya Kolombia",
            "displayName-count-other": "Peso za Kolombia",
            "symbol": "COP",
            "symbol-alt-narrow": "$"
          },
          "COU": {
            "displayName": "COU",
            "symbol": "COU"
          },
          "CRC": {
            "displayName": "Colon ya Kostarika",
            "displayName-count-one": "Colon ya Kostarika",
            "displayName-count-other": "Colon za Kostarika",
            "symbol": "CRC",
            "symbol-alt-narrow": "₡"
          },
          "CSD": {
            "displayName": "CSD",
            "symbol": "CSD"
          },
          "CSK": {
            "displayName": "CSK",
            "symbol": "CSK"
          },
          "CUC": {
            "displayName": "Peso ya Cuba Inayoweza Kubadilishwa",
            "displayName-count-one": "Peso ya Cuba Inayoweza Kubadilishwa",
            "displayName-count-other": "Peso za Cuba Zinazoweza Kubadilishwa",
            "symbol": "CUC",
            "symbol-alt-narrow": "$"
          },
          "CUP": {
            "displayName": "Peso ya Cuba",
            "displayName-count-one": "Peso ya Cuba",
            "displayName-count-other": "Peso za Cuba",
            "symbol": "CUP",
            "symbol-alt-narrow": "$"
          },
          "CVE": {
            "displayName": "Eskudo ya Cape Verde",
            "displayName-count-one": "Eskudo ya Cape Verde",
            "displayName-count-other": "Eskudo za Cape Verde",
            "symbol": "CVE"
          },
          "CYP": {
            "displayName": "CYP",
            "symbol": "CYP"
          },
          "CZK": {
            "displayName": "Koruna ya Jamhuri ya Cheki",
            "displayName-count-one": "Koruna ya Jamhuri ya Cheki",
            "displayName-count-other": "Koruna za Jamhuri ya Cheki",
            "symbol": "CZK",
            "symbol-alt-narrow": "Kč"
          },
          "DDM": {
            "displayName": "DDM",
            "symbol": "DDM"
          },
          "DEM": {
            "displayName": "DEM",
            "symbol": "DEM"
          },
          "DJF": {
            "displayName": "Faranga ya Jibuti",
            "displayName-count-one": "faranga ya Jibuti",
            "displayName-count-other": "faranga za Jibuti",
            "symbol": "DJF"
          },
          "DKK": {
            "displayName": "Krone ya Denmaki",
            "displayName-count-one": "Krone ya Denmaki",
            "displayName-count-other": "Krone za Denmaki",
            "symbol": "DKK",
            "symbol-alt-narrow": "kr"
          },
          "DOP": {
            "displayName": "Peso ya Dominika",
            "displayName-count-one": "Peso ya Dominika",
            "displayName-count-other": "Peso za Dominika",
            "symbol": "DOP",
            "symbol-alt-narrow": "$"
          },
          "DZD": {
            "displayName": "Dinari ya Aljeria",
            "displayName-count-one": "dinari ya Aljeria",
            "displayName-count-other": "dinari za Aljeria",
            "symbol": "DZD"
          },
          "ECS": {
            "displayName": "ECS",
            "symbol": "ECS"
          },
          "ECV": {
            "displayName": "ECV",
            "symbol": "ECV"
          },
          "EEK": {
            "displayName": "EEK",
            "symbol": "EEK"
          },
          "EGP": {
            "displayName": "Pauni ya Misri",
            "displayName-count-one": "pauni ya Misri",
            "displayName-count-other": "pauni za Misri",
            "symbol": "EGP",
            "symbol-alt-narrow": "E£"
          },
          "ERN": {
            "displayName": "Nakfa ya Eritrea",
            "displayName-count-one": "nakfa ya Eritrea",
            "displayName-count-other": "nakfa za Eritrea",
            "symbol": "ERN"
          },
          "ESA": {
            "displayName": "ESA",
            "symbol": "ESA"
          },
          "ESB": {
            "displayName": "ESB",
            "symbol": "ESB"
          },
          "ESP": {
            "displayName": "ESP",
            "symbol": "ESP",
            "symbol-alt-narrow": "₧"
          },
          "ETB": {
            "displayName": "Birr ya Uhabeshi",
            "displayName-count-one": "birr ya Uhabeshi",
            "displayName-count-other": "birr za Uhabeshi",
            "symbol": "ETB"
          },
          "EUR": {
            "displayName": "Yuro",
            "displayName-count-one": "yuro",
            "displayName-count-other": "yuro",
            "symbol": "€",
            "symbol-alt-narrow": "€"
          },
          "FIM": {
            "displayName": "FIM",
            "symbol": "FIM"
          },
          "FJD": {
            "displayName": "Dola ya Fiji",
            "displayName-count-one": "Dola ya Fiji",
            "displayName-count-other": "Dola za Fiji",
            "symbol": "FJD",
            "symbol-alt-narrow": "$"
          },
          "FKP": {
            "displayName": "Pauni ya Visiwa vya Falkland",
            "displayName-count-one": "Pauni ya Visiwa vya Falkland",
            "displayName-count-other": "Pauni za Visiwa vya Falkland",
            "symbol": "FKP",
            "symbol-alt-narrow": "£"
          },
          "FRF": {
            "displayName": "FRF",
            "symbol": "FRF"
          },
          "GBP": {
            "displayName": "Pauni ya Uingereza",
            "displayName-count-one": "pauni ya Uingereza",
            "displayName-count-other": "pauni za Uingereza",
            "symbol": "£",
            "symbol-alt-narrow": "£"
          },
          "GEK": {
            "displayName": "GEK",
            "symbol": "GEK"
          },
          "GEL": {
            "displayName": "Lari ya Georgia",
            "displayName-count-one": "Lari ya Georgia",
            "displayName-count-other": "Lari za Georgia",
            "symbol": "GEL",
            "symbol-alt-narrow": "₾",
            "symbol-alt-variant": "₾"
          },
          "GHC": {
            "displayName": "Sedi ya Ghana",
            "symbol": "GHC"
          },
          "GHS": {
            "displayName": "Cedi ya Ghana",
            "displayName-count-one": "Cedi ya Ghana",
            "displayName-count-other": "Cedi za Ghana",
            "symbol": "GHS"
          },
          "GIP": {
            "displayName": "Pauni ya Gibraltar",
            "displayName-count-one": "Pauni ya Gibraltar",
            "displayName-count-other": "Pauni za Gibraltar",
            "symbol": "GIP",
            "symbol-alt-narrow": "£"
          },
          "GMD": {
            "displayName": "Dalasi ya Gambia",
            "displayName-count-one": "dalasi ya Gambia",
            "displayName-count-other": "dalasi za Gambia",
            "symbol": "GMD"
          },
          "GNF": {
            "displayName": "Faranga ya Guinea",
            "displayName-count-one": "faranga ya Guinea",
            "displayName-count-other": "faranga za Guinea",
            "symbol": "GNF",
            "symbol-alt-narrow": "FG"
          },
          "GNS": {
            "displayName": "Faranga ya Gine",
            "symbol": "GNS"
          },
          "GQE": {
            "displayName": "GQE",
            "symbol": "GQE"
          },
          "GRD": {
            "displayName": "GRD",
            "symbol": "GRD"
          },
          "GTQ": {
            "displayName": "Quetzal ya Guatemala",
            "displayName-count-one": "Quetzal ya Guatemala",
            "displayName-count-other": "Quetzal za Guatemala",
            "symbol": "GTQ",
            "symbol-alt-narrow": "Q"
          },
          "GWE": {
            "displayName": "GWE",
            "symbol": "GWE"
          },
          "GWP": {
            "displayName": "GWP",
            "symbol": "GWP"
          },
          "GYD": {
            "displayName": "Dola ya Guyana",
            "displayName-count-one": "Dola ya Guyana",
            "displayName-count-other": "Dola za Guyana",
            "symbol": "GYD",
            "symbol-alt-narrow": "$"
          },
          "HKD": {
            "displayName": "Dola ya Hong Kong",
            "displayName-count-one": "Dola ya Hong Kong",
            "displayName-count-other": "Dola za Hong Kong",
            "symbol": "HK$",
            "symbol-alt-narrow": "$"
          },
          "HNL": {
            "displayName": "Lempira ya Hondurasi",
            "displayName-count-one": "Lempira ya Hondurasi",
            "displayName-count-other": "Lempira za Hondurasi",
            "symbol": "HNL",
            "symbol-alt-narrow": "L"
          },
          "HRD": {
            "displayName": "HRD",
            "symbol": "HRD"
          },
          "HRK": {
            "displayName": "Kuna ya Kroeshia",
            "displayName-count-one": "Kuna ya Kroeshia",
            "displayName-count-other": "Kuna za Kroeshia",
            "symbol": "HRK",
            "symbol-alt-narrow": "kn"
          },
          "HTG": {
            "displayName": "Gourde ya Haiti",
            "displayName-count-one": "Gourde ya Haiti",
            "displayName-count-other": "Gourde za Haiti",
            "symbol": "HTG"
          },
          "HUF": {
            "displayName": "Forint ya Hungaria",
            "displayName-count-one": "Forint ya Hungaria",
            "displayName-count-other": "Forint za Hungaria",
            "symbol": "HUF",
            "symbol-alt-narrow": "Ft"
          },
          "IDR": {
            "displayName": "Rupiah ya Indonesia",
            "displayName-count-one": "Rupiah ya Indonesia",
            "displayName-count-other": "Rupiah za Indonesia",
            "symbol": "IDR",
            "symbol-alt-narrow": "Rp"
          },
          "IEP": {
            "displayName": "IEP",
            "symbol": "IEP"
          },
          "ILP": {
            "displayName": "ILP",
            "symbol": "ILP"
          },
          "ILS": {
            "displayName": "Sheqel Mpya ya Israeli",
            "displayName-count-one": "Sheqel Mpya ya Israeli",
            "displayName-count-other": "Sheqel Mpya za Israeli",
            "symbol": "₪",
            "symbol-alt-narrow": "₪"
          },
          "INR": {
            "displayName": "Rupia ya India",
            "displayName-count-one": "rupia ya India",
            "displayName-count-other": "rupia za India",
            "symbol": "₹",
            "symbol-alt-narrow": "₹"
          },
          "IQD": {
            "displayName": "Dinar ya Iraki",
            "displayName-count-one": "Dinar ya Iraki",
            "displayName-count-other": "Dinar za Iraki",
            "symbol": "IQD"
          },
          "IRR": {
            "displayName": "Rial ya Iran",
            "displayName-count-one": "Rial ya Iran",
            "displayName-count-other": "Rial za Iran",
            "symbol": "IRR"
          },
          "ISK": {
            "displayName": "Krona ya Aisilandi",
            "displayName-count-one": "Krona ya Aisilandi",
            "displayName-count-other": "Krona za Aisilandi",
            "symbol": "ISK",
            "symbol-alt-narrow": "kr"
          },
          "ITL": {
            "displayName": "ITL",
            "symbol": "ITL"
          },
          "JMD": {
            "displayName": "Dola ya Jamaica",
            "displayName-count-one": "Dola ya Jamaica",
            "displayName-count-other": "Dola za Jamaica",
            "symbol": "JMD",
            "symbol-alt-narrow": "$"
          },
          "JOD": {
            "displayName": "Dinar ya Yordani",
            "displayName-count-one": "Dinar ya Yordani",
            "displayName-count-other": "Dinar za Yordani",
            "symbol": "JOD"
          },
          "JPY": {
            "displayName": "Yen ya Japani",
            "displayName-count-one": "Yen ya Japani",
            "displayName-count-other": "Yen za Japani",
            "symbol": "JP¥",
            "symbol-alt-narrow": "¥"
          },
          "KES": {
            "displayName": "Shilingi ya Kenya",
            "displayName-count-one": "shilingi ya Kenya",
            "displayName-count-other": "shilingi za Kenya",
            "symbol": "Ksh"
          },
          "KGS": {
            "displayName": "Som ya Kyrgystani",
            "displayName-count-one": "Som ya Kyrgystani",
            "displayName-count-other": "Som za Kyrgystani",
            "symbol": "KGS"
          },
          "KHR": {
            "displayName": "Riel ya Kambodia",
            "displayName-count-one": "Riel ya Kambodia",
            "displayName-count-other": "Riel za Kambodia",
            "symbol": "KHR",
            "symbol-alt-narrow": "៛"
          },
          "KMF": {
            "displayName": "Faranga ya Komoro",
            "displayName-count-one": "faranga ya Komoro",
            "displayName-count-other": "faranga za Komoro",
            "symbol": "KMF",
            "symbol-alt-narrow": "CF"
          },
          "KPW": {
            "displayName": "Won ya Korea Kaskazini",
            "displayName-count-one": "Won ya Korea Kaskazini",
            "displayName-count-other": "Won za Korea Kaskazini",
            "symbol": "KPW",
            "symbol-alt-narrow": "₩"
          },
          "KRH": {
            "displayName": "KRH",
            "symbol": "KRH"
          },
          "KRO": {
            "displayName": "KRO",
            "symbol": "KRO"
          },
          "KRW": {
            "displayName": "Won ya Korea Kusini",
            "displayName-count-one": "Won ya Korea Kusini",
            "displayName-count-other": "Won za Korea Kusini",
            "symbol": "₩",
            "symbol-alt-narrow": "₩"
          },
          "KWD": {
            "displayName": "Dinar ya Kuwaiti",
            "displayName-count-one": "Dinar ya Kuwaiti",
            "displayName-count-other": "Dinar za Kuwaiti",
            "symbol": "KWD"
          },
          "KYD": {
            "displayName": "Dola ya Visiwa vya Cayman",
            "displayName-count-one": "Dola ya Visiwa vya Cayman",
            "displayName-count-other": "Dola ya Visiwa vya Cayman",
            "symbol": "KYD",
            "symbol-alt-narrow": "$"
          },
          "KZT": {
            "displayName": "Tenge ya Kazakistani",
            "displayName-count-one": "Tenge ya Kazakistani",
            "displayName-count-other": "Tenge za Kazakistani",
            "symbol": "KZT",
            "symbol-alt-narrow": "₸"
          },
          "LAK": {
            "displayName": "Kip ya Laosi",
            "displayName-count-one": "Kip ya Laosi",
            "displayName-count-other": "Kip za Laosi",
            "symbol": "LAK",
            "symbol-alt-narrow": "₭"
          },
          "LBP": {
            "displayName": "Pauni ya Lebanon",
            "displayName-count-one": "Pauni ya Lebanon",
            "displayName-count-other": "Pauni za Lebanon",
            "symbol": "LBP",
            "symbol-alt-narrow": "L£"
          },
          "LKR": {
            "displayName": "Rupia ya Sri Lanka",
            "displayName-count-one": "Rupia ya Sri Lanka",
            "displayName-count-other": "Rupia za Sri Lanka",
            "symbol": "LKR",
            "symbol-alt-narrow": "Rs"
          },
          "LRD": {
            "displayName": "Dola ya Liberia",
            "displayName-count-one": "dola ya Liberia",
            "displayName-count-other": "dola za Liberia",
            "symbol": "LRD",
            "symbol-alt-narrow": "$"
          },
          "LSL": {
            "displayName": "Loti ya Lesoto",
            "symbol": "LSL"
          },
          "LTL": {
            "displayName": "Litas ya Lithuania",
            "displayName-count-one": "Litas ya Lithuania",
            "displayName-count-other": "Litas za Lithuania",
            "symbol": "LTL",
            "symbol-alt-narrow": "Lt"
          },
          "LTT": {
            "displayName": "LTT",
            "symbol": "LTT"
          },
          "LUC": {
            "displayName": "LUC",
            "symbol": "LUC"
          },
          "LUF": {
            "displayName": "LUF",
            "symbol": "LUF"
          },
          "LUL": {
            "displayName": "LUL",
            "symbol": "LUL"
          },
          "LVL": {
            "displayName": "Lats ya Lativia",
            "displayName-count-one": "Lats ya Lativia",
            "displayName-count-other": "Lats za Lativia",
            "symbol": "LVL",
            "symbol-alt-narrow": "Ls"
          },
          "LVR": {
            "displayName": "LVR",
            "symbol": "LVR"
          },
          "LYD": {
            "displayName": "Dinari ya Libya",
            "displayName-count-one": "dinari ya Libya",
            "displayName-count-other": "dinari za Libya",
            "symbol": "LYD"
          },
          "MAD": {
            "displayName": "Dirham ya Moroko",
            "displayName-count-one": "dirham ya Moroko",
            "displayName-count-other": "dirham za Moroko",
            "symbol": "MAD"
          },
          "MAF": {
            "displayName": "MAF",
            "symbol": "MAF"
          },
          "MCF": {
            "displayName": "MCF",
            "symbol": "MCF"
          },
          "MDC": {
            "displayName": "MDC",
            "symbol": "MDC"
          },
          "MDL": {
            "displayName": "Leu ya Moldova",
            "displayName-count-one": "Leu ya Moldova",
            "displayName-count-other": "Leu za Moldova",
            "symbol": "MDL"
          },
          "MGA": {
            "displayName": "Ariari ya Madagaska",
            "displayName-count-one": "Ariari ya Madagaska",
            "displayName-count-other": "Ariari za Madagaska",
            "symbol": "MGA",
            "symbol-alt-narrow": "Ar"
          },
          "MGF": {
            "displayName": "MGF",
            "symbol": "MGF"
          },
          "MKD": {
            "displayName": "Denar ya Masedonia",
            "displayName-count-one": "Denar ya Masedonia",
            "displayName-count-other": "Denar za Masedonia",
            "symbol": "MKD"
          },
          "MKN": {
            "displayName": "MKN",
            "symbol": "MKN"
          },
          "MLF": {
            "displayName": "MLF",
            "symbol": "MLF"
          },
          "MMK": {
            "displayName": "Kyat ya Myama",
            "displayName-count-one": "Kyat ya Myama",
            "displayName-count-other": "Kyat za Myama",
            "symbol": "MMK",
            "symbol-alt-narrow": "K"
          },
          "MNT": {
            "displayName": "Tugrik ya Mongolia",
            "displayName-count-one": "Tugrik ya Mongolia",
            "displayName-count-other": "Tugrik za Mongolia",
            "symbol": "MNT",
            "symbol-alt-narrow": "₮"
          },
          "MOP": {
            "displayName": "Pataca ya Macau",
            "displayName-count-one": "Pataca ya Macau",
            "displayName-count-other": "Pataca za Macau",
            "symbol": "MOP"
          },
          "MRO": {
            "displayName": "Ouguiya ya Moritania",
            "displayName-count-one": "Ouguiya ya Moritania",
            "displayName-count-other": "Ouguiya za Moritania",
            "symbol": "MRO"
          },
          "MTL": {
            "displayName": "MTL",
            "symbol": "MTL"
          },
          "MTP": {
            "displayName": "MTP",
            "symbol": "MTP"
          },
          "MUR": {
            "displayName": "Rupia ya Morisi",
            "displayName-count-one": "rupia ya Morisi",
            "displayName-count-other": "rupia za Morisi",
            "symbol": "MUR",
            "symbol-alt-narrow": "Rs"
          },
          "MVR": {
            "displayName": "Rufiyaa ya Maldivi",
            "displayName-count-one": "Rufiyaa ya Maldivi",
            "displayName-count-other": "Rufiyaa za Maldivi",
            "symbol": "MVR"
          },
          "MWK": {
            "displayName": "Kwacha ya Malawi",
            "displayName-count-one": "kwacha ya Malawi",
            "displayName-count-other": "kwacha za Malawi",
            "symbol": "MWK"
          },
          "MXN": {
            "displayName": "Peso ya Meksiko",
            "displayName-count-one": "Peso ya Meksiko",
            "displayName-count-other": "Peso za Meksiko",
            "symbol": "MX$",
            "symbol-alt-narrow": "$"
          },
          "MXP": {
            "displayName": "MXP",
            "symbol": "MXP"
          },
          "MXV": {
            "displayName": "MXV",
            "symbol": "MXV"
          },
          "MYR": {
            "displayName": "Ringgit ya Malaysia",
            "displayName-count-one": "Ringgit ya Malaysia",
            "displayName-count-other": "Ringgit za Malaysia",
            "symbol": "MYR",
            "symbol-alt-narrow": "RM"
          },
          "MZE": {
            "displayName": "MZE",
            "symbol": "MZE"
          },
          "MZM": {
            "displayName": "Metikali ya Msumbiji (1980–2006)",
            "displayName-count-one": "metikali ya Msumbiji (1980–2006)",
            "displayName-count-other": "metikali ya Msumbiji (1980–2006)",
            "symbol": "MZM"
          },
          "MZN": {
            "displayName": "Metikali ya Msumbiji",
            "displayName-count-one": "Metikali ya Msumbiji",
            "displayName-count-other": "Metikali za Msumbiji",
            "symbol": "MZN"
          },
          "NAD": {
            "displayName": "Dola ya Namibia",
            "displayName-count-one": "dola ya Namibia",
            "displayName-count-other": "dola za Namibia",
            "symbol": "NAD",
            "symbol-alt-narrow": "$"
          },
          "NGN": {
            "displayName": "Naira ya Nijeria",
            "displayName-count-one": "naira ya Nijeria",
            "displayName-count-other": "naira za Nijeria",
            "symbol": "NGN",
            "symbol-alt-narrow": "₦"
          },
          "NIC": {
            "displayName": "NIC",
            "symbol": "NIC"
          },
          "NIO": {
            "displayName": "Cordoba ya Nikaragua",
            "displayName-count-one": "Cordoba ya Nikaragua",
            "displayName-count-other": "Cordoba za Nikaragua",
            "symbol": "NIO",
            "symbol-alt-narrow": "C$"
          },
          "NLG": {
            "displayName": "NLG",
            "symbol": "NLG"
          },
          "NOK": {
            "displayName": "Krone ya Norwe",
            "displayName-count-one": "Krone ya Norwe",
            "displayName-count-other": "Krone za Norwe",
            "symbol": "NOK",
            "symbol-alt-narrow": "kr"
          },
          "NPR": {
            "displayName": "Rupia ya Nepali",
            "displayName-count-one": "Rupia ya Nepali",
            "displayName-count-other": "Rupia za Nepali",
            "symbol": "NPR",
            "symbol-alt-narrow": "Rs"
          },
          "NZD": {
            "displayName": "Dola ya Nyuzilandi",
            "displayName-count-one": "Dola ya Nyuzilandi",
            "displayName-count-other": "Dola za Nyuzilandi",
            "symbol": "NZ$",
            "symbol-alt-narrow": "$"
          },
          "OMR": {
            "displayName": "Rial ya Omani",
            "displayName-count-one": "Rial ya Omani",
            "displayName-count-other": "Rial za Omani",
            "symbol": "OMR"
          },
          "PAB": {
            "displayName": "Balboa ya Panama",
            "displayName-count-one": "Balboa ya Panama",
            "displayName-count-other": "Balboa za Panama",
            "symbol": "PAB"
          },
          "PEI": {
            "displayName": "PEI",
            "symbol": "PEI"
          },
          "PEN": {
            "displayName": "Nuevo Sol ya Peru",
            "displayName-count-one": "Nuevo Sol ya Peru",
            "displayName-count-other": "Nuevo Sol za Peru",
            "symbol": "PEN"
          },
          "PES": {
            "displayName": "PES",
            "symbol": "PES"
          },
          "PGK": {
            "displayName": "Kina ya Papua New Guinea",
            "displayName-count-one": "Kina ya Papua New Guinea",
            "displayName-count-other": "Kina za Papua New Guinea",
            "symbol": "PGK"
          },
          "PHP": {
            "displayName": "Peso ya Ufilipino",
            "displayName-count-one": "Peso ya Ufilipino",
            "displayName-count-other": "Peso za Ufilipino",
            "symbol": "PHP",
            "symbol-alt-narrow": "₱"
          },
          "PKR": {
            "displayName": "Rupia ya Pakistani",
            "displayName-count-one": "Rupia ya Pakistani",
            "displayName-count-other": "Rupia za Pakistani",
            "symbol": "PKR",
            "symbol-alt-narrow": "Rs"
          },
          "PLN": {
            "displayName": "Zloty ya Polandi",
            "displayName-count-one": "Zloty ya Polandi",
            "displayName-count-other": "Zloty za Polandi",
            "symbol": "PLN",
            "symbol-alt-narrow": "zł"
          },
          "PLZ": {
            "displayName": "PLZ",
            "symbol": "PLZ"
          },
          "PTE": {
            "displayName": "PTE",
            "symbol": "PTE"
          },
          "PYG": {
            "displayName": "Guarani ya Paragwai",
            "displayName-count-one": "Guarani ya Paragwai",
            "displayName-count-other": "Guarani za Paragwai",
            "symbol": "PYG",
            "symbol-alt-narrow": "₲"
          },
          "QAR": {
            "displayName": "Rial ya Qatari",
            "displayName-count-one": "Rial ya Qatari",
            "displayName-count-other": "Rial za Qatari",
            "symbol": "QAR"
          },
          "RHD": {
            "displayName": "RHD",
            "symbol": "RHD"
          },
          "ROL": {
            "displayName": "ROL",
            "symbol": "ROL"
          },
          "RON": {
            "displayName": "Leu ya Romania",
            "displayName-count-one": "Leu ya Romania",
            "displayName-count-other": "Leu za Romania",
            "symbol": "RON"
          },
          "RSD": {
            "displayName": "Dinar ya Serbia",
            "displayName-count-one": "Dinar ya Serbia",
            "displayName-count-other": "Dinar za Serbia",
            "symbol": "RSD"
          },
          "RUB": {
            "displayName": "Ruble ya Urusi",
            "displayName-count-one": "Ruble ya Urusi",
            "displayName-count-other": "Ruble za Urusi",
            "symbol": "RUB",
            "symbol-alt-narrow": "₽"
          },
          "RUR": {
            "displayName": "RUR",
            "symbol": "RUR",
            "symbol-alt-narrow": "р."
          },
          "RWF": {
            "displayName": "Faranga ya Rwanda",
            "displayName-count-one": "faranga ya Rwanda",
            "displayName-count-other": "faranga za Rwanda",
            "symbol": "RWF",
            "symbol-alt-narrow": "RF"
          },
          "SAR": {
            "displayName": "Riyal ya Saudia",
            "displayName-count-one": "riyal ya Saudia",
            "displayName-count-other": "riyal za Saudia",
            "symbol": "SAR"
          },
          "SBD": {
            "displayName": "Dola ya Visiwa vya Solomon",
            "displayName-count-one": "Dola ya Visiwa vya Solomon",
            "displayName-count-other": "Dola za Visiwa vya Solomon",
            "symbol": "SBD",
            "symbol-alt-narrow": "$"
          },
          "SCR": {
            "displayName": "Rupia ya Ushelisheli",
            "displayName-count-one": "rupia ya Ushelisheli",
            "displayName-count-other": "rupia za Ushelisheli",
            "symbol": "SCR"
          },
          "SDD": {
            "displayName": "SDD",
            "symbol": "SDD"
          },
          "SDG": {
            "displayName": "Pauni ya Sudani",
            "displayName-count-one": "pauni ya Sudani",
            "displayName-count-other": "pauni za Sudani",
            "symbol": "SDG"
          },
          "SDP": {
            "displayName": "Pauni ya Sudani (1957–1998)",
            "displayName-count-one": "pauni ya Sudani (1957–1998)",
            "displayName-count-other": "pauni za Sudani (1957–1998)",
            "symbol": "SDP"
          },
          "SEK": {
            "displayName": "Krona ya Uswidi",
            "displayName-count-one": "Krona ya Uswidi",
            "displayName-count-other": "Krona za Uswidi",
            "symbol": "SEK",
            "symbol-alt-narrow": "kr"
          },
          "SGD": {
            "displayName": "Dola ya Singapore",
            "displayName-count-one": "Dola ya Singapore",
            "displayName-count-other": "Dola za Singapore",
            "symbol": "SGD",
            "symbol-alt-narrow": "$"
          },
          "SHP": {
            "displayName": "Pauni ya Santahelena",
            "displayName-count-one": "pauni ya Santahelena",
            "displayName-count-other": "pauni za Santahelena",
            "symbol": "SHP",
            "symbol-alt-narrow": "£"
          },
          "SIT": {
            "displayName": "SIT",
            "symbol": "SIT"
          },
          "SKK": {
            "displayName": "SKK",
            "symbol": "SKK"
          },
          "SLL": {
            "displayName": "Leone",
            "displayName-count-one": "Leone",
            "displayName-count-other": "Leone",
            "symbol": "SLL"
          },
          "SOS": {
            "displayName": "Shilingi ya Somalia",
            "displayName-count-one": "shilingi ya Somalia",
            "displayName-count-other": "shilingi za Somalia",
            "symbol": "SOS"
          },
          "SRD": {
            "displayName": "Dola ya Suriname",
            "displayName-count-one": "Dola ya Suriname",
            "displayName-count-other": "Dola za Suriname",
            "symbol": "SRD",
            "symbol-alt-narrow": "$"
          },
          "SRG": {
            "displayName": "SRG",
            "symbol": "SRG"
          },
          "SSP": {
            "displayName": "Pauni ya Sudani Kusini",
            "displayName-count-one": "pauni ya Sudani Kusini",
            "displayName-count-other": "pauni za Sudani Kusini",
            "symbol": "SSP",
            "symbol-alt-narrow": "£"
          },
          "STD": {
            "displayName": "Dobra ya Sao Tome na Principe",
            "displayName-count-one": "dobra ya Sao Tome na Principe",
            "displayName-count-other": "dobra za Sao Tome na Principe",
            "symbol": "STD",
            "symbol-alt-narrow": "Db"
          },
          "SUR": {
            "displayName": "SUR",
            "symbol": "SUR"
          },
          "SVC": {
            "displayName": "SVC",
            "symbol": "SVC"
          },
          "SYP": {
            "displayName": "Pauni ya Syria",
            "displayName-count-one": "Pauni ya Syria",
            "displayName-count-other": "Pauni za Syria",
            "symbol": "SYP",
            "symbol-alt-narrow": "£"
          },
          "SZL": {
            "displayName": "Lilangeni",
            "displayName-count-one": "lilangeni",
            "displayName-count-other": "lilangeni",
            "symbol": "SZL"
          },
          "THB": {
            "displayName": "Baht ya Tailandi",
            "displayName-count-one": "Baht ya Tailandi",
            "displayName-count-other": "Baht za Tailandi",
            "symbol": "฿",
            "symbol-alt-narrow": "฿"
          },
          "TJR": {
            "displayName": "TJR",
            "symbol": "TJR"
          },
          "TJS": {
            "displayName": "Somoni ya Tajikistani",
            "displayName-count-one": "Somoni ya Tajikistani",
            "displayName-count-other": "Somoni za Tajikistani",
            "symbol": "TJS"
          },
          "TMM": {
            "displayName": "TMM",
            "symbol": "TMM"
          },
          "TMT": {
            "displayName": "Manat ya Turukimenistani",
            "displayName-count-one": "Manat ya Turukimenistani",
            "displayName-count-other": "Manat za Turukimenistani",
            "symbol": "TMT"
          },
          "TND": {
            "displayName": "Dinari ya Tunisia",
            "displayName-count-one": "dinari ya Tunisia",
            "displayName-count-other": "dinari za Tunisia",
            "symbol": "TND"
          },
          "TOP": {
            "displayName": "Paʻanga ya Tonga",
            "displayName-count-one": "Paʻanga ya Tonga",
            "displayName-count-other": "Paʻanga za Tonga",
            "symbol": "TOP",
            "symbol-alt-narrow": "T$"
          },
          "TPE": {
            "displayName": "TPE",
            "symbol": "TPE"
          },
          "TRL": {
            "displayName": "TRL",
            "symbol": "TRL"
          },
          "TRY": {
            "displayName": "Lira ya Uturuki",
            "displayName-count-one": "Lira ya Uturuki",
            "displayName-count-other": "Lira za Uturuki",
            "symbol": "TRY",
            "symbol-alt-narrow": "₺",
            "symbol-alt-variant": "TL"
          },
          "TTD": {
            "displayName": "Dola ya Trinidad na Tobago",
            "displayName-count-one": "Dola ya Trinidad na Tobago",
            "displayName-count-other": "Dola za Trinidad na Tobago",
            "symbol": "TTD",
            "symbol-alt-narrow": "$"
          },
          "TWD": {
            "displayName": "Dola ya Taiwan",
            "displayName-count-one": "Dola ya Taiwan",
            "displayName-count-other": "Dola za Taiwan",
            "symbol": "NT$",
            "symbol-alt-narrow": "NT$"
          },
          "TZS": {
            "displayName": "Shilingi ya Tanzania",
            "displayName-count-one": "shilingi ya Tanzania",
            "displayName-count-other": "shilingi za Tanzania",
            "symbol": "TSh"
          },
          "UAH": {
            "displayName": "Hryvnia ya Ukrania",
            "displayName-count-one": "Hryvnia ya Ukrania",
            "displayName-count-other": "Hryvnia za Ukrania",
            "symbol": "UAH",
            "symbol-alt-narrow": "₴"
          },
          "UAK": {
            "displayName": "UAK",
            "symbol": "UAK"
          },
          "UGS": {
            "displayName": "UGS",
            "symbol": "UGS"
          },
          "UGX": {
            "displayName": "Shilingi ya Uganda",
            "displayName-count-one": "shilingi ya Uganda",
            "displayName-count-other": "shilingi za Uganda",
            "symbol": "UGX"
          },
          "USD": {
            "displayName": "Dola ya Marekani",
            "displayName-count-one": "dola ya Marekani",
            "displayName-count-other": "dola za Marekani",
            "symbol": "US$",
            "symbol-alt-narrow": "$"
          },
          "USN": {
            "displayName": "USN",
            "symbol": "USN"
          },
          "USS": {
            "displayName": "USS",
            "symbol": "USS"
          },
          "UYI": {
            "displayName": "UYI",
            "symbol": "UYI"
          },
          "UYP": {
            "displayName": "UYP",
            "symbol": "UYP"
          },
          "UYU": {
            "displayName": "Peso ya Urugwai",
            "displayName-count-one": "Peso ya Urugwai",
            "displayName-count-other": "Peso za Urugwai",
            "symbol": "UYU",
            "symbol-alt-narrow": "$"
          },
          "UZS": {
            "displayName": "Som ya Uzibekistani",
            "displayName-count-one": "Som ya Uzibekistani",
            "displayName-count-other": "Som za Uzibekistani",
            "symbol": "UZS"
          },
          "VEB": {
            "displayName": "VEB",
            "symbol": "VEB"
          },
          "VEF": {
            "displayName": "Bolivar ya Venezuela",
            "displayName-count-one": "Bolivar ya Venezuela",
            "displayName-count-other": "Bolivar za Venezuela",
            "symbol": "VEF",
            "symbol-alt-narrow": "Bs"
          },
          "VND": {
            "displayName": "Dong ya Vietnam",
            "displayName-count-one": "Dong ya Vietnam",
            "displayName-count-other": "Dong za Vietnam",
            "symbol": "₫",
            "symbol-alt-narrow": "₫"
          },
          "VNN": {
            "displayName": "VNN",
            "symbol": "VNN"
          },
          "VUV": {
            "displayName": "Vatu ya Vanuatu",
            "displayName-count-one": "Vatu ya Vanuatu",
            "displayName-count-other": "Vatu za Vanuatu",
            "symbol": "VUV"
          },
          "WST": {
            "displayName": "Tala ya Samoa",
            "displayName-count-one": "Tala ya Samoa",
            "displayName-count-other": "Tala za Samoa",
            "symbol": "WST"
          },
          "XAF": {
            "displayName": "CFA faranga ya BEAC",
            "displayName-count-one": "CFA faranga ya BEAC",
            "displayName-count-other": "CFA faranga za BEAC",
            "symbol": "FCFA"
          },
          "XAG": {
            "displayName": "XAG",
            "symbol": "XAG"
          },
          "XAU": {
            "displayName": "XAU",
            "symbol": "XAU"
          },
          "XBA": {
            "displayName": "XBA",
            "symbol": "XBA"
          },
          "XBB": {
            "displayName": "XBB",
            "symbol": "XBB"
          },
          "XBC": {
            "displayName": "XBC",
            "symbol": "XBC"
          },
          "XBD": {
            "displayName": "XBD",
            "symbol": "XBD"
          },
          "XCD": {
            "displayName": "Dola ya Karibea ya Mashariki",
            "displayName-count-one": "Dola ya Karibea ya Mashariki",
            "displayName-count-other": "Dola za Karibea ya Mashariki",
            "symbol": "EC$",
            "symbol-alt-narrow": "$"
          },
          "XDR": {
            "displayName": "XDR",
            "symbol": "XDR"
          },
          "XEU": {
            "displayName": "XEU",
            "symbol": "XEU"
          },
          "XFO": {
            "displayName": "XFO",
            "symbol": "XFO"
          },
          "XFU": {
            "displayName": "XFU",
            "symbol": "XFU"
          },
          "XOF": {
            "displayName": "CFA faranga za BCEAO",
            "displayName-count-one": "CFA faranga za BCEAO",
            "displayName-count-other": "CFA faranga za BCEAO",
            "symbol": "CFA"
          },
          "XPD": {
            "displayName": "XPD",
            "symbol": "XPD"
          },
          "XPF": {
            "displayName": "Faranga ya CFP",
            "displayName-count-one": "Faranga ya CFP",
            "displayName-count-other": "Faranga za CFP",
            "symbol": "CFPF"
          },
          "XPT": {
            "displayName": "XPT",
            "symbol": "XPT"
          },
          "XRE": {
            "displayName": "XRE",
            "symbol": "XRE"
          },
          "XSU": {
            "displayName": "XSU",
            "symbol": "XSU"
          },
          "XTS": {
            "displayName": "XTS",
            "symbol": "XTS"
          },
          "XUA": {
            "displayName": "XUA",
            "symbol": "XUA"
          },
          "XXX": {
            "displayName": "Sarafu isiyojulikana",
            "displayName-count-one": "sarafu isiyojulikana",
            "displayName-count-other": "sarafu zisizojulikana",
            "symbol": "XXX"
          },
          "YDD": {
            "displayName": "YDD",
            "symbol": "YDD"
          },
          "YER": {
            "displayName": "Rial ya Yemeni",
            "displayName-count-one": "Rial ya Yemeni",
            "displayName-count-other": "Rial za Yemeni",
            "symbol": "YER"
          },
          "YUD": {
            "displayName": "YUD",
            "symbol": "YUD"
          },
          "YUM": {
            "displayName": "YUM",
            "symbol": "YUM"
          },
          "YUN": {
            "displayName": "YUN",
            "symbol": "YUN"
          },
          "YUR": {
            "displayName": "YUR",
            "symbol": "YUR"
          },
          "ZAL": {
            "displayName": "ZAL",
            "symbol": "ZAL"
          },
          "ZAR": {
            "displayName": "Randi ya Afrika Kusini",
            "displayName-count-one": "randi ya Afrika Kusini",
            "displayName-count-other": "randi za Afrika Kusini",
            "symbol": "ZAR",
            "symbol-alt-narrow": "R"
          },
          "ZMK": {
            "displayName": "Kwacha ya Zambia (1968–2012)",
            "symbol": "ZMK"
          },
          "ZMW": {
            "displayName": "Kwacha ya Zambia",
            "displayName-count-one": "kwacha ya Zambia",
            "displayName-count-other": "kwacha za Zambia",
            "symbol": "ZMW",
            "symbol-alt-narrow": "ZK"
          },
          "ZRN": {
            "displayName": "ZRN",
            "symbol": "ZRN"
          },
          "ZRZ": {
            "displayName": "ZRZ",
            "symbol": "ZRZ"
          },
          "ZWD": {
            "displayName": "Dola ya Zimbabwe",
            "symbol": "ZWD"
          },
          "ZWL": {
            "displayName": "ZWL",
            "symbol": "ZWL"
          },
          "ZWR": {
            "displayName": "ZWR",
            "symbol": "ZWR"
          }
        }
      }
    }
  }
}
