{
  "main": {
    "sk": {
      "identity": {
        "version": {
          "_number": "$Revision: 12411 $",
          "_cldrVersion": "29"
        },
        "language": "sk"
      },
      "numbers": {
        "currencies": {
          "ADP": {
            "displayName": "andorská peseta",
            "symbol": "ADP"
          },
          "AED": {
            "displayName": "SAE dirham",
            "displayName-count-one": "SAE dirham",
            "displayName-count-few": "SAE dirhamy",
            "displayName-count-many": "SAE dirhamu",
            "displayName-count-other": "SAE dirhamov",
            "symbol": "AED"
          },
          "AFA": {
            "displayName": "AFA",
            "symbol": "AFA"
          },
          "AFN": {
            "displayName": "afganský afgání",
            "displayName-count-one": "afganský afgání",
            "displayName-count-few": "afganské afgání",
            "displayName-count-many": "afganského afgání",
            "displayName-count-other": "afganských afgání",
            "symbol": "AFN"
          },
          "ALL": {
            "displayName": "albánsky lek",
            "displayName-count-one": "albánsky lek",
            "displayName-count-few": "albánske leky",
            "displayName-count-many": "albánskeho leku",
            "displayName-count-other": "albánskych lekov",
            "symbol": "ALL"
          },
          "AMD": {
            "displayName": "arménsky dram",
            "displayName-count-one": "arménsky dram",
            "displayName-count-few": "arménske dramy",
            "displayName-count-many": "arménskeho dramu",
            "displayName-count-other": "arménskych dramov",
            "symbol": "AMD"
          },
          "ANG": {
            "displayName": "antilský gulden",
            "displayName-count-one": "antilský gulden",
            "displayName-count-few": "antilské guldeny",
            "displayName-count-many": "antilského guldena",
            "displayName-count-other": "antilských guldenov",
            "symbol": "ANG"
          },
          "AOA": {
            "displayName": "angolská kwanza",
            "displayName-count-one": "angolská kwanza",
            "displayName-count-few": "angolské kwanzy",
            "displayName-count-many": "angolskej kwanzy",
            "displayName-count-other": "angolských kwánz",
            "symbol": "AOA",
            "symbol-alt-narrow": "Kz"
          },
          "AOK": {
            "displayName": "angolská kwanza (1977–1990)",
            "symbol": "AOK"
          },
          "AON": {
            "displayName": "Angolská nová kwanza (1990–2000)",
            "symbol": "AON"
          },
          "AOR": {
            "displayName": "angolská kwanza reajustado (1995–1999)",
            "symbol": "AOR"
          },
          "ARA": {
            "displayName": "argentínsky austral",
            "symbol": "ARA"
          },
          "ARL": {
            "displayName": "ARL",
            "symbol": "ARL"
          },
          "ARM": {
            "displayName": "ARM",
            "symbol": "ARM"
          },
          "ARP": {
            "displayName": "argentínske peso (1983 – 1985)",
            "symbol": "ARP"
          },
          "ARS": {
            "displayName": "argentínske peso",
            "displayName-count-one": "argentínske peso",
            "displayName-count-few": "argentínske pesos",
            "displayName-count-many": "argentínskeho pesa",
            "displayName-count-other": "argentínskych pesos",
            "symbol": "ARS",
            "symbol-alt-narrow": "$"
          },
          "ATS": {
            "displayName": "rakúsky šiling",
            "symbol": "ATS"
          },
          "AUD": {
            "displayName": "austrálsky dolár",
            "displayName-count-one": "austrálsky dolár",
            "displayName-count-few": "austrálske doláre",
            "displayName-count-many": "austrálskeho dolára",
            "displayName-count-other": "austrálskych dolárov",
            "symbol": "AUD",
            "symbol-alt-narrow": "$"
          },
          "AWG": {
            "displayName": "arubský gulden",
            "displayName-count-one": "arubský gulden",
            "displayName-count-few": "arubské guldeny",
            "displayName-count-many": "arubského guldena",
            "displayName-count-other": "arubských guldenov",
            "symbol": "AWG"
          },
          "AZM": {
            "displayName": "azerbajdžanský manat (1993–2006)",
            "displayName-count-one": "azerbajdžanský manat (1993–2006)",
            "displayName-count-few": "azerbajdžanské manaty (1993–2006)",
            "displayName-count-many": "azerbajdžanského manatu (1993–2006)",
            "displayName-count-other": "azerbajdžanských manatov (1993–2006)",
            "symbol": "AZM"
          },
          "AZN": {
            "displayName": "azerbajdžanský manat",
            "displayName-count-one": "azerbajdžanský manat",
            "displayName-count-few": "azerbajdžanské manaty",
            "displayName-count-many": "azerbajdžanského manatu",
            "displayName-count-other": "azerbajdžanských manatov",
            "symbol": "AZN"
          },
          "BAD": {
            "displayName": "bosniansko-hercegovinský dinár (1992–1994)",
            "symbol": "BAD"
          },
          "BAM": {
            "displayName": "konvertibilná marka",
            "displayName-count-one": "konvertibilná marka",
            "displayName-count-few": "konvertibilné marky",
            "displayName-count-many": "konvertibilnej marky",
            "displayName-count-other": "konvertibilných mariek",
            "symbol": "BAM",
            "symbol-alt-narrow": "KM"
          },
          "BAN": {
            "displayName": "BAN",
            "symbol": "BAN"
          },
          "BBD": {
            "displayName": "barbadoský dolár",
            "displayName-count-one": "barbadoský dolár",
            "displayName-count-few": "barbadoské doláre",
            "displayName-count-many": "barbadoského dolára",
            "displayName-count-other": "barbadoských dolárov",
            "symbol": "BBD",
            "symbol-alt-narrow": "$"
          },
          "BDT": {
            "displayName": "bangladéšska taka",
            "displayName-count-one": "bangladéšska taka",
            "displayName-count-few": "bangladéšske taky",
            "displayName-count-many": "bangladéšskej taky",
            "displayName-count-other": "bangladéšskych ták",
            "symbol": "BDT",
            "symbol-alt-narrow": "৳"
          },
          "BEC": {
            "displayName": "belgický frank (konvertibilný)",
            "symbol": "BEC"
          },
          "BEF": {
            "displayName": "belgický frank",
            "symbol": "BEF"
          },
          "BEL": {
            "displayName": "belgický frank (finančný)",
            "symbol": "BEL"
          },
          "BGL": {
            "displayName": "bulharský tvrdý lev",
            "symbol": "BGL"
          },
          "BGM": {
            "displayName": "BGM",
            "symbol": "BGM"
          },
          "BGN": {
            "displayName": "bulharský lev",
            "displayName-count-one": "bulharský lev",
            "displayName-count-few": "bulharské leva",
            "displayName-count-many": "bulharského leva",
            "displayName-count-other": "bulharských leva",
            "symbol": "BGN"
          },
          "BGO": {
            "displayName": "BGO",
            "symbol": "BGO"
          },
          "BHD": {
            "displayName": "bahrajnský dinár",
            "displayName-count-one": "bahrajnský dinár",
            "displayName-count-few": "bahrajnské dináre",
            "displayName-count-many": "bahrajnského dinára",
            "displayName-count-other": "bahrajnských dinárov",
            "symbol": "BHD"
          },
          "BIF": {
            "displayName": "burundský frank",
            "displayName-count-one": "burundský frank",
            "displayName-count-few": "burundské franky",
            "displayName-count-many": "burundského franku",
            "displayName-count-other": "burundských frankov",
            "symbol": "BIF"
          },
          "BMD": {
            "displayName": "bermudský dolár",
            "displayName-count-one": "bermudský dolár",
            "displayName-count-few": "bermudské doláre",
            "displayName-count-many": "bermudského dolára",
            "displayName-count-other": "bermudských dolárov",
            "symbol": "BMD",
            "symbol-alt-narrow": "$"
          },
          "BND": {
            "displayName": "brunejský dolár",
            "displayName-count-one": "brunejský dolár",
            "displayName-count-few": "brunejské doláre",
            "displayName-count-many": "brunejského dolára",
            "displayName-count-other": "brunejských dolárov",
            "symbol": "BND",
            "symbol-alt-narrow": "$"
          },
          "BOB": {
            "displayName": "bolívijské boliviano",
            "displayName-count-one": "bolívijské boliviano",
            "displayName-count-few": "bolívijské boliviana",
            "displayName-count-many": "bolívijského boliviana",
            "displayName-count-other": "bolívijských bolivian",
            "symbol": "BOB",
            "symbol-alt-narrow": "Bs"
          },
          "BOL": {
            "displayName": "BOL",
            "symbol": "BOL"
          },
          "BOP": {
            "displayName": "bolívijské peso",
            "symbol": "BOP"
          },
          "BOV": {
            "displayName": "bolívijské MVDOL",
            "symbol": "BOV"
          },
          "BRB": {
            "displayName": "brazílske cruzeiro novo (1967–1986)",
            "symbol": "BRB"
          },
          "BRC": {
            "displayName": "brazílske cruzado (1986 – 1989)",
            "symbol": "BRC"
          },
          "BRE": {
            "displayName": "brazílske cruzeiro (1990 – 1993)",
            "symbol": "BRE"
          },
          "BRL": {
            "displayName": "brazílsky real",
            "displayName-count-one": "brazílsky real",
            "displayName-count-few": "brazílske realy",
            "displayName-count-many": "brazílskeho realu",
            "displayName-count-other": "brazílskych realov",
            "symbol": "BRL",
            "symbol-alt-narrow": "R$"
          },
          "BRN": {
            "displayName": "Brazílske Cruzado Novo",
            "symbol": "BRN"
          },
          "BRR": {
            "displayName": "Brazílske cruzeiro",
            "symbol": "BRR"
          },
          "BRZ": {
            "displayName": "BRZ",
            "symbol": "BRZ"
          },
          "BSD": {
            "displayName": "bahamský dolár",
            "displayName-count-one": "bahamský dolár",
            "displayName-count-few": "bahamské doláre",
            "displayName-count-many": "bahamského dolára",
            "displayName-count-other": "bahamských dolárov",
            "symbol": "BSD",
            "symbol-alt-narrow": "$"
          },
          "BTN": {
            "displayName": "bhutánsky ngultrum",
            "displayName-count-one": "bhutánsky ngultrum",
            "displayName-count-few": "bhutánske ngultrumy",
            "displayName-count-many": "bhutánskeho ngultrumu",
            "displayName-count-other": "bhutánskych ngultrumov",
            "symbol": "BTN"
          },
          "BUK": {
            "displayName": "Burmese Kyat",
            "symbol": "BUK"
          },
          "BWP": {
            "displayName": "botswanská pula",
            "displayName-count-one": "botswanská pula",
            "displayName-count-few": "botswanské puly",
            "displayName-count-many": "botswanskej puly",
            "displayName-count-other": "botswanských púl",
            "symbol": "BWP",
            "symbol-alt-narrow": "P"
          },
          "BYB": {
            "displayName": "Bieloruský nový rubeľ (1994–1999)",
            "displayName-count-one": "bieloruský nový rubeľ (1994–1999)",
            "displayName-count-few": "bieloruské nové ruble (1994–1999)",
            "displayName-count-many": "bieloruského nového rubľa (1994–1999)",
            "displayName-count-other": "bieloruských nových rubľov (1994–1999)",
            "symbol": "BYB"
          },
          "BYR": {
            "displayName": "bieloruský rubeľ",
            "displayName-count-one": "bieloruský rubeľ",
            "displayName-count-few": "bieloruské ruble",
            "displayName-count-many": "bieloruského rubľa",
            "displayName-count-other": "bieloruských rubľov",
            "symbol": "BYR",
            "symbol-alt-narrow": "р."
          },
          "BZD": {
            "displayName": "belizský dolár",
            "displayName-count-one": "belizský dolár",
            "displayName-count-few": "belizské doláre",
            "displayName-count-many": "belizského dolára",
            "displayName-count-other": "belizských dolárov",
            "symbol": "BZD",
            "symbol-alt-narrow": "$"
          },
          "CAD": {
            "displayName": "kanadský dolár",
            "displayName-count-one": "kanadský dolár",
            "displayName-count-few": "kanadské doláre",
            "displayName-count-many": "kanadského dolára",
            "displayName-count-other": "kanadských dolárov",
            "symbol": "CAD",
            "symbol-alt-narrow": "$"
          },
          "CDF": {
            "displayName": "konžský frank",
            "displayName-count-one": "konžský frank",
            "displayName-count-few": "konžské franky",
            "displayName-count-many": "konžského franku",
            "displayName-count-other": "konžských frankov",
            "symbol": "CDF"
          },
          "CHE": {
            "displayName": "CHE",
            "symbol": "CHE"
          },
          "CHF": {
            "displayName": "švajčiarsky frank",
            "displayName-count-one": "švajčiarsky frank",
            "displayName-count-few": "švajčiarske franky",
            "displayName-count-many": "švajčiarskeho franku",
            "displayName-count-other": "švajčiarskych frankov",
            "symbol": "CHF"
          },
          "CHW": {
            "displayName": "CHW",
            "symbol": "CHW"
          },
          "CLE": {
            "displayName": "CLE",
            "symbol": "CLE"
          },
          "CLF": {
            "displayName": "Čílske Unidades de Fomento",
            "symbol": "CLF"
          },
          "CLP": {
            "displayName": "čilské peso",
            "displayName-count-one": "čilské peso",
            "displayName-count-few": "čilské pesos",
            "displayName-count-many": "čilského pesa",
            "displayName-count-other": "čilských pesos",
            "symbol": "CLP",
            "symbol-alt-narrow": "$"
          },
          "CNY": {
            "displayName": "čínsky jüan",
            "displayName-count-one": "čínsky jüan",
            "displayName-count-few": "čínske jüany",
            "displayName-count-many": "čínskeho jüana",
            "displayName-count-other": "čínskych jüanov",
            "symbol": "CNY",
            "symbol-alt-narrow": "¥"
          },
          "COP": {
            "displayName": "kolumbijské peso",
            "displayName-count-one": "kolumbijské peso",
            "displayName-count-few": "kolumbijské pesos",
            "displayName-count-many": "kolumbijského pesa",
            "displayName-count-other": "kolumbijských pesos",
            "symbol": "COP",
            "symbol-alt-narrow": "$"
          },
          "COU": {
            "displayName": "COU",
            "symbol": "COU"
          },
          "CRC": {
            "displayName": "kostarický colón",
            "displayName-count-one": "kostarický colón",
            "displayName-count-few": "kostarické colóny",
            "displayName-count-many": "kostarického colóna",
            "displayName-count-other": "kostarických colónov",
            "symbol": "CRC",
            "symbol-alt-narrow": "₡"
          },
          "CSD": {
            "displayName": "CSD",
            "symbol": "CSD"
          },
          "CSK": {
            "displayName": "Československá koruna",
            "symbol": "CSK"
          },
          "CUC": {
            "displayName": "kubánske konvertibilné peso",
            "displayName-count-one": "kubánske konvertibilné peso",
            "displayName-count-few": "kubánske konvertibilné pesos",
            "displayName-count-many": "kubánskeho konvertibilného pesa",
            "displayName-count-other": "kubánskych konvertibilných pesos",
            "symbol": "CUC",
            "symbol-alt-narrow": "$"
          },
          "CUP": {
            "displayName": "kubánske peso",
            "displayName-count-one": "kubánske peso",
            "displayName-count-few": "kubánske pesos",
            "displayName-count-many": "kubánskeho pesa",
            "displayName-count-other": "kubánskych pesos",
            "symbol": "CUP",
            "symbol-alt-narrow": "$"
          },
          "CVE": {
            "displayName": "kapverdské escudo",
            "displayName-count-one": "kapverdské escudo",
            "displayName-count-few": "kapverdské escudá",
            "displayName-count-many": "kapverdského escuda",
            "displayName-count-other": "kapverdských escúd",
            "symbol": "CVE"
          },
          "CYP": {
            "displayName": "Cypruská libra",
            "symbol": "CYP"
          },
          "CZK": {
            "displayName": "česká koruna",
            "displayName-count-one": "česká koruna",
            "displayName-count-few": "české koruny",
            "displayName-count-many": "českej koruny",
            "displayName-count-other": "českých korún",
            "symbol": "CZK",
            "symbol-alt-narrow": "Kč"
          },
          "DDM": {
            "displayName": "Východonemecká marka",
            "symbol": "DDM"
          },
          "DEM": {
            "displayName": "Nemecká marka",
            "symbol": "DEM"
          },
          "DJF": {
            "displayName": "džibutský frank",
            "displayName-count-one": "džibutský frank",
            "displayName-count-few": "džibutské franky",
            "displayName-count-many": "džibutského franku",
            "displayName-count-other": "džibutských frankov",
            "symbol": "DJF"
          },
          "DKK": {
            "displayName": "dánska koruna",
            "displayName-count-one": "dánska koruna",
            "displayName-count-few": "dánske koruny",
            "displayName-count-many": "dánskej koruny",
            "displayName-count-other": "dánskych korún",
            "symbol": "DKK",
            "symbol-alt-narrow": "kr"
          },
          "DOP": {
            "displayName": "dominikánske peso",
            "displayName-count-one": "dominikánske peso",
            "displayName-count-few": "dominikánske pesos",
            "displayName-count-many": "dominikánskeho pesa",
            "displayName-count-other": "dominikánske pesos",
            "symbol": "DOP",
            "symbol-alt-narrow": "$"
          },
          "DZD": {
            "displayName": "alžírsky dinár",
            "displayName-count-one": "alžírsky dinár",
            "displayName-count-few": "alžírske dináre",
            "displayName-count-many": "alžírskeho dinára",
            "displayName-count-other": "alžírskych dinárov",
            "symbol": "DZD"
          },
          "ECS": {
            "displayName": "Ekuadorský sucre",
            "symbol": "ECS"
          },
          "ECV": {
            "displayName": "Ekuadorský Unidad de Valor Constante (UVC)",
            "symbol": "ECV"
          },
          "EEK": {
            "displayName": "Estónska kroon",
            "displayName-count-one": "estónska kroon",
            "displayName-count-few": "estónske kroony",
            "displayName-count-many": "estónskej kroony",
            "displayName-count-other": "estónskych kroon",
            "symbol": "EEK"
          },
          "EGP": {
            "displayName": "egyptská libra",
            "displayName-count-one": "egyptská libra",
            "displayName-count-few": "egyptské libry",
            "displayName-count-many": "egyptskej libry",
            "displayName-count-other": "egyptských libier",
            "symbol": "EGP",
            "symbol-alt-narrow": "E£"
          },
          "ERN": {
            "displayName": "eritrejská nakfa",
            "displayName-count-one": "eritrejská nakfa",
            "displayName-count-few": "eritrejské nakfy",
            "displayName-count-many": "eritrejskej nakfy",
            "displayName-count-other": "eritrejských nakief",
            "symbol": "ERN"
          },
          "ESA": {
            "displayName": "ESA",
            "symbol": "ESA"
          },
          "ESB": {
            "displayName": "ESB",
            "symbol": "ESB"
          },
          "ESP": {
            "displayName": "Španielská peseta",
            "symbol": "ESP",
            "symbol-alt-narrow": "₧"
          },
          "ETB": {
            "displayName": "etiópsky birr",
            "displayName-count-one": "etiópsky birr",
            "displayName-count-few": "etiópske birry",
            "displayName-count-many": "etiópskeho birru",
            "displayName-count-other": "etiópskych birrov",
            "symbol": "ETB"
          },
          "EUR": {
            "displayName": "euro",
            "displayName-count-one": "euro",
            "displayName-count-few": "eurá",
            "displayName-count-many": "eura",
            "displayName-count-other": "eur",
            "symbol": "€",
            "symbol-alt-narrow": "€"
          },
          "FIM": {
            "displayName": "Finská marka",
            "symbol": "FIM"
          },
          "FJD": {
            "displayName": "fidžijský dolár",
            "displayName-count-one": "fidžijský dolár",
            "displayName-count-few": "fidžijské doláre",
            "displayName-count-many": "fidžijského dolára",
            "displayName-count-other": "fidžijských dolárov",
            "symbol": "FJD",
            "symbol-alt-narrow": "$"
          },
          "FKP": {
            "displayName": "falklandská libra",
            "displayName-count-one": "falklandská libra",
            "displayName-count-few": "falklandské libry",
            "displayName-count-many": "falklandskej libry",
            "displayName-count-other": "falklandských libier",
            "symbol": "FKP",
            "symbol-alt-narrow": "£"
          },
          "FRF": {
            "displayName": "Francúzsky frank",
            "symbol": "FRF"
          },
          "GBP": {
            "displayName": "britská libra",
            "displayName-count-one": "britská libra",
            "displayName-count-few": "britské libry",
            "displayName-count-many": "britskej libry",
            "displayName-count-other": "britských libier",
            "symbol": "GBP",
            "symbol-alt-narrow": "£"
          },
          "GEK": {
            "displayName": "Gruzínsky Kupon Larit",
            "symbol": "GEK"
          },
          "GEL": {
            "displayName": "gruzínske lari",
            "displayName-count-one": "gruzínske lari",
            "displayName-count-few": "gruzínske lari",
            "displayName-count-many": "gruzínskeho lari",
            "displayName-count-other": "gruzínskych lari",
            "symbol": "GEL",
            "symbol-alt-narrow": "₾",
            "symbol-alt-variant": "₾"
          },
          "GHC": {
            "displayName": "Ghanský cedi (1979–2007)",
            "displayName-count-one": "ghanský cedi (1979–2007)",
            "displayName-count-few": "ghanské cedi (1979–2007)",
            "displayName-count-many": "ghanského cedi (1979–2007)",
            "displayName-count-other": "ghanských cedi (1979–2007)",
            "symbol": "GHC"
          },
          "GHS": {
            "displayName": "ghanské cedi",
            "displayName-count-one": "ghanské cedi",
            "displayName-count-few": "ghanské cedi",
            "displayName-count-many": "ghanského cedi",
            "displayName-count-other": "ghanských cedi",
            "symbol": "GHS"
          },
          "GIP": {
            "displayName": "gibraltárska libra",
            "displayName-count-one": "gibraltárska libra",
            "displayName-count-few": "gibraltárske libry",
            "displayName-count-many": "gibraltárskej libry",
            "displayName-count-other": "gibraltárskych libier",
            "symbol": "GIP",
            "symbol-alt-narrow": "£"
          },
          "GMD": {
            "displayName": "gambijské dalasi",
            "displayName-count-one": "gambijské dalasi",
            "displayName-count-few": "gambijské dalasi",
            "displayName-count-many": "gambijského dalasi",
            "displayName-count-other": "gambijských dalasi",
            "symbol": "GMD"
          },
          "GNF": {
            "displayName": "guinejský frank",
            "displayName-count-one": "guinejský frank",
            "displayName-count-few": "guinejské franky",
            "displayName-count-many": "guinejského franku",
            "displayName-count-other": "guinejských frankov",
            "symbol": "GNF",
            "symbol-alt-narrow": "FG"
          },
          "GNS": {
            "displayName": "Guinejský syli",
            "symbol": "GNS"
          },
          "GQE": {
            "displayName": "Rovníková Guinea Ekwele Guineana",
            "symbol": "GQE"
          },
          "GRD": {
            "displayName": "Grécka drachma",
            "symbol": "GRD"
          },
          "GTQ": {
            "displayName": "guatemalský quetzal",
            "displayName-count-one": "guatemalský quetzal",
            "displayName-count-few": "guatemalské quetzaly",
            "displayName-count-many": "guatemalského quetzala",
            "displayName-count-other": "guatemalských quetzalov",
            "symbol": "GTQ",
            "symbol-alt-narrow": "Q"
          },
          "GWE": {
            "displayName": "Portugalská Guinea eskudo",
            "symbol": "GWE"
          },
          "GWP": {
            "displayName": "Guinejsko-bissauské peso",
            "displayName-count-one": "Guinea-Bissau peso",
            "displayName-count-few": "Guinea-Bissau pesos",
            "displayName-count-many": "Guinea-Bissau pesa",
            "displayName-count-other": "Guinea-Bissau pesos",
            "symbol": "GWP"
          },
          "GYD": {
            "displayName": "guyanský dolár",
            "displayName-count-one": "guyanský dolár",
            "displayName-count-few": "guyanské doláre",
            "displayName-count-many": "guyanského dolára",
            "displayName-count-other": "guyanských dolárov",
            "symbol": "GYD",
            "symbol-alt-narrow": "$"
          },
          "HKD": {
            "displayName": "hongkonský dolár",
            "displayName-count-one": "hongkonský dolár",
            "displayName-count-few": "hongkonské doláre",
            "displayName-count-many": "hongkonského dolára",
            "displayName-count-other": "hongkonských dolárov",
            "symbol": "HKD",
            "symbol-alt-narrow": "$"
          },
          "HNL": {
            "displayName": "honduraská lempira",
            "displayName-count-one": "honduraská lempira",
            "displayName-count-few": "honduraské lempiry",
            "displayName-count-many": "honduraskej lempiry",
            "displayName-count-other": "honduraských lempír",
            "symbol": "HNL",
            "symbol-alt-narrow": "L"
          },
          "HRD": {
            "displayName": "Chorvátsky dinár",
            "symbol": "HRD"
          },
          "HRK": {
            "displayName": "chorvátska kuna",
            "displayName-count-one": "chorvátska kuna",
            "displayName-count-few": "chorvátske kuny",
            "displayName-count-many": "chorvátskej kuny",
            "displayName-count-other": "chorvátskych kún",
            "symbol": "HRK",
            "symbol-alt-narrow": "kn"
          },
          "HTG": {
            "displayName": "haitské gourde",
            "displayName-count-one": "haitské gourde",
            "displayName-count-few": "haitské gourde",
            "displayName-count-many": "haitského gourde",
            "displayName-count-other": "haitských gourde",
            "symbol": "HTG"
          },
          "HUF": {
            "displayName": "maďarský forint",
            "displayName-count-one": "maďarský forint",
            "displayName-count-few": "maďarské forinty",
            "displayName-count-many": "maďarského forinta",
            "displayName-count-other": "maďarských forintov",
            "symbol": "HUF",
            "symbol-alt-narrow": "Ft"
          },
          "IDR": {
            "displayName": "indonézska rupia",
            "displayName-count-one": "indonézska rupia",
            "displayName-count-few": "indonézske rupie",
            "displayName-count-many": "indonézskej rupie",
            "displayName-count-other": "indonézskych rupií",
            "symbol": "IDR",
            "symbol-alt-narrow": "Rp"
          },
          "IEP": {
            "displayName": "Írska libra",
            "symbol": "IEP"
          },
          "ILP": {
            "displayName": "Izraelská libra",
            "symbol": "ILP"
          },
          "ILS": {
            "displayName": "izraelský šekel",
            "displayName-count-one": "izraelský šekel",
            "displayName-count-few": "izraelské šekely",
            "displayName-count-many": "izraelského šekela",
            "displayName-count-other": "izraelských šekelov",
            "symbol": "NIS",
            "symbol-alt-narrow": "₪"
          },
          "INR": {
            "displayName": "indická rupia",
            "displayName-count-one": "indická rupia",
            "displayName-count-few": "indické rupie",
            "displayName-count-many": "indickej rupie",
            "displayName-count-other": "indických rupií",
            "symbol": "INR",
            "symbol-alt-narrow": "₹"
          },
          "IQD": {
            "displayName": "iracký dinár",
            "displayName-count-one": "iracký dinár",
            "displayName-count-few": "iracké dináre",
            "displayName-count-many": "irackého dinára",
            "displayName-count-other": "irackých dinárov",
            "symbol": "IQD"
          },
          "IRR": {
            "displayName": "iránsky rial",
            "displayName-count-one": "iránsky rial",
            "displayName-count-few": "iránske rialy",
            "displayName-count-many": "iránskeho rialu",
            "displayName-count-other": "iránskych rialov",
            "symbol": "IRR"
          },
          "ISK": {
            "displayName": "islandská koruna",
            "displayName-count-one": "islandská koruna",
            "displayName-count-few": "islandské koruny",
            "displayName-count-many": "islandskej koruny",
            "displayName-count-other": "islandských korún",
            "symbol": "ISK",
            "symbol-alt-narrow": "kr"
          },
          "ITL": {
            "displayName": "Talianská lira",
            "symbol": "ITL"
          },
          "JMD": {
            "displayName": "jamajský dolár",
            "displayName-count-one": "jamajský dolár",
            "displayName-count-few": "jamajské doláre",
            "displayName-count-many": "jamajského dolára",
            "displayName-count-other": "jamajských dolárov",
            "symbol": "JMD",
            "symbol-alt-narrow": "$"
          },
          "JOD": {
            "displayName": "jordánsky dinár",
            "displayName-count-one": "jordánsky dinár",
            "displayName-count-few": "jordánske dináre",
            "displayName-count-many": "jordánskeho dinára",
            "displayName-count-other": "jordánskych dinárov",
            "symbol": "JOD"
          },
          "JPY": {
            "displayName": "japonský jen",
            "displayName-count-one": "japonský jen",
            "displayName-count-few": "japonské jeny",
            "displayName-count-many": "japonského jenu",
            "displayName-count-other": "japonských jenov",
            "symbol": "JPY",
            "symbol-alt-narrow": "¥"
          },
          "KES": {
            "displayName": "kenský šiling",
            "displayName-count-one": "kenský šiling",
            "displayName-count-few": "kenské šilingy",
            "displayName-count-many": "kenského šilingu",
            "displayName-count-other": "kenských šilingov",
            "symbol": "KES"
          },
          "KGS": {
            "displayName": "kirgizský som",
            "displayName-count-one": "kirgizský som",
            "displayName-count-few": "kirgizské somy",
            "displayName-count-many": "kirgizského somu",
            "displayName-count-other": "kirgizských somov",
            "symbol": "KGS"
          },
          "KHR": {
            "displayName": "kambodžský riel",
            "displayName-count-one": "kambodžský riel",
            "displayName-count-few": "kambodžské riely",
            "displayName-count-many": "kambodžského rielu",
            "displayName-count-other": "kambodžských rielov",
            "symbol": "KHR",
            "symbol-alt-narrow": "៛"
          },
          "KMF": {
            "displayName": "komorský frank",
            "displayName-count-one": "komorský frank",
            "displayName-count-few": "komorské franky",
            "displayName-count-many": "komorského franku",
            "displayName-count-other": "komorských frankov",
            "symbol": "KMF",
            "symbol-alt-narrow": "CF"
          },
          "KPW": {
            "displayName": "severokórejský won",
            "displayName-count-one": "severokórejský won",
            "displayName-count-few": "severokórejské wony",
            "displayName-count-many": "severokórejskeho wonu",
            "displayName-count-other": "severokórejských wonov",
            "symbol": "KPW",
            "symbol-alt-narrow": "₩"
          },
          "KRH": {
            "displayName": "KRH",
            "symbol": "KRH"
          },
          "KRO": {
            "displayName": "KRO",
            "symbol": "KRO"
          },
          "KRW": {
            "displayName": "juhokórejský won",
            "displayName-count-one": "juhokórejský won",
            "displayName-count-few": "juhokórejské wony",
            "displayName-count-many": "juhokórejského wonu",
            "displayName-count-other": "juhokórejských wonov",
            "symbol": "KRW",
            "symbol-alt-narrow": "₩"
          },
          "KWD": {
            "displayName": "kuvajtský dinár",
            "displayName-count-one": "kuvajtský dinár",
            "displayName-count-few": "kuvajtské dináre",
            "displayName-count-many": "kuvajtského dinára",
            "displayName-count-other": "kuvajtských dinárov",
            "symbol": "KWD"
          },
          "KYD": {
            "displayName": "kajmanský dolár",
            "displayName-count-one": "kajmanský dolár",
            "displayName-count-few": "kajmanské doláre",
            "displayName-count-many": "kajmanského dolára",
            "displayName-count-other": "kajmanských dolárov",
            "symbol": "KYD",
            "symbol-alt-narrow": "$"
          },
          "KZT": {
            "displayName": "kazašské tenge",
            "displayName-count-one": "kazašské tenge",
            "displayName-count-few": "kazašské tenge",
            "displayName-count-many": "kazašského tenge",
            "displayName-count-other": "kazašských tenge",
            "symbol": "KZT",
            "symbol-alt-narrow": "₸"
          },
          "LAK": {
            "displayName": "laoský kip",
            "displayName-count-one": "laoský kip",
            "displayName-count-few": "laoské kipy",
            "displayName-count-many": "laoského kipu",
            "displayName-count-other": "laoských kipov",
            "symbol": "LAK",
            "symbol-alt-narrow": "₭"
          },
          "LBP": {
            "displayName": "libanonská libra",
            "displayName-count-one": "libanonská libra",
            "displayName-count-few": "libanonské libry",
            "displayName-count-many": "libanonskej libry",
            "displayName-count-other": "libanonských libier",
            "symbol": "LBP",
            "symbol-alt-narrow": "L£"
          },
          "LKR": {
            "displayName": "srílanská rupia",
            "displayName-count-one": "srílanská rupia",
            "displayName-count-few": "srílanské rupie",
            "displayName-count-many": "srílanskej rupie",
            "displayName-count-other": "srílanských rupií",
            "symbol": "LKR",
            "symbol-alt-narrow": "Rs"
          },
          "LRD": {
            "displayName": "libérijský dolár",
            "displayName-count-one": "libérijský dolár",
            "displayName-count-few": "libérijské doláre",
            "displayName-count-many": "libérijského dolára",
            "displayName-count-other": "libérijských dolárov",
            "symbol": "LRD",
            "symbol-alt-narrow": "$"
          },
          "LSL": {
            "displayName": "Lesothský loti",
            "symbol": "LSL"
          },
          "LTL": {
            "displayName": "litovský litas",
            "displayName-count-one": "litovský litas",
            "displayName-count-few": "litovské lity",
            "displayName-count-many": "litovského litu",
            "displayName-count-other": "litovských litov",
            "symbol": "LTL",
            "symbol-alt-narrow": "Lt"
          },
          "LTT": {
            "displayName": "Litevský talonas",
            "symbol": "LTT"
          },
          "LUC": {
            "displayName": "LUC",
            "symbol": "LUC"
          },
          "LUF": {
            "displayName": "Luxemburský frank",
            "symbol": "LUF"
          },
          "LUL": {
            "displayName": "LUL",
            "symbol": "LUL"
          },
          "LVL": {
            "displayName": "Lotyšský lat",
            "displayName-count-one": "lotyšský lat",
            "displayName-count-few": "lotyšské laty",
            "displayName-count-many": "lotyšského latu",
            "displayName-count-other": "lotyšských latov",
            "symbol": "LVL",
            "symbol-alt-narrow": "Ls"
          },
          "LVR": {
            "displayName": "Lotyšský rubeľ",
            "symbol": "LVR"
          },
          "LYD": {
            "displayName": "líbyjský dinár",
            "displayName-count-one": "líbyjský dinár",
            "displayName-count-few": "líbyjské dináre",
            "displayName-count-many": "líbyjského dinára",
            "displayName-count-other": "líbyjských dinárov",
            "symbol": "LYD"
          },
          "MAD": {
            "displayName": "marocký dirham",
            "displayName-count-one": "marocký dirham",
            "displayName-count-few": "marocké dirhamy",
            "displayName-count-many": "marockého dirhamu",
            "displayName-count-other": "marockých dirhamov",
            "symbol": "MAD"
          },
          "MAF": {
            "displayName": "Marocký frank",
            "symbol": "MAF"
          },
          "MCF": {
            "displayName": "MCF",
            "symbol": "MCF"
          },
          "MDC": {
            "displayName": "MDC",
            "symbol": "MDC"
          },
          "MDL": {
            "displayName": "moldavský lei",
            "displayName-count-one": "moldavský lei",
            "displayName-count-few": "moldavské lei",
            "displayName-count-many": "moldavského lei",
            "displayName-count-other": "moldavských lei",
            "symbol": "MDL"
          },
          "MGA": {
            "displayName": "malgašský ariary",
            "displayName-count-one": "malgašský ariary",
            "displayName-count-few": "malgašské ariary",
            "displayName-count-many": "malgašského ariary",
            "displayName-count-other": "malgašských ariary",
            "symbol": "MGA",
            "symbol-alt-narrow": "Ar"
          },
          "MGF": {
            "displayName": "Madagaskarský frank",
            "symbol": "MGF"
          },
          "MKD": {
            "displayName": "macedónsky denár",
            "displayName-count-one": "macedónsky denár",
            "displayName-count-few": "macedónske denáre",
            "displayName-count-many": "macedónskeho denára",
            "displayName-count-other": "macedónskych denárov",
            "symbol": "MKD"
          },
          "MKN": {
            "displayName": "MKN",
            "symbol": "MKN"
          },
          "MLF": {
            "displayName": "Malský frank",
            "symbol": "MLF"
          },
          "MMK": {
            "displayName": "mjanmarský kyat",
            "displayName-count-one": "mjanmarský kyat",
            "displayName-count-few": "mjanmarské kyaty",
            "displayName-count-many": "mjanmarského kyatu",
            "displayName-count-other": "mjanmarských kyatov",
            "symbol": "MMK",
            "symbol-alt-narrow": "K"
          },
          "MNT": {
            "displayName": "mongolský tugrik",
            "displayName-count-one": "mongolský tugrik",
            "displayName-count-few": "mongolské tugriky",
            "displayName-count-many": "mongolského tugrika",
            "displayName-count-other": "mongolských tugrikov",
            "symbol": "MNT",
            "symbol-alt-narrow": "₮"
          },
          "MOP": {
            "displayName": "macajská pataca",
            "displayName-count-one": "macajská pataca",
            "displayName-count-few": "macajské patacy",
            "displayName-count-many": "macajskej patacy",
            "displayName-count-other": "macajských patác",
            "symbol": "MOP"
          },
          "MRO": {
            "displayName": "mauritánska ukija",
            "displayName-count-one": "mauritánska ukija",
            "displayName-count-few": "mauritánske ukije",
            "displayName-count-many": "mauritánskej ukije",
            "displayName-count-other": "mauritánskych ukijí",
            "symbol": "MRO"
          },
          "MTL": {
            "displayName": "Maltská lira",
            "symbol": "MTL"
          },
          "MTP": {
            "displayName": "Maltská libra",
            "symbol": "MTP"
          },
          "MUR": {
            "displayName": "maurícijská rupia",
            "displayName-count-one": "maurícijská rupia",
            "displayName-count-few": "maurícijské rupie",
            "displayName-count-many": "maurícijskej rupie",
            "displayName-count-other": "maurícijských rupií",
            "symbol": "MUR",
            "symbol-alt-narrow": "Rs"
          },
          "MVR": {
            "displayName": "maldivská rupia",
            "displayName-count-one": "maldivská rupia",
            "displayName-count-few": "maldivské rupie",
            "displayName-count-many": "maldivskej rupie",
            "displayName-count-other": "maldivských rupií",
            "symbol": "MVR"
          },
          "MWK": {
            "displayName": "malawijská kwacha",
            "displayName-count-one": "malawijská kwacha",
            "displayName-count-few": "malawijské kwachy",
            "displayName-count-many": "malawijskej kwachy",
            "displayName-count-other": "malawijských kwách",
            "symbol": "MWK"
          },
          "MXN": {
            "displayName": "mexické peso",
            "displayName-count-one": "mexické peso",
            "displayName-count-few": "mexické pesos",
            "displayName-count-many": "mexického pesa",
            "displayName-count-other": "mexických pesos",
            "symbol": "MX$",
            "symbol-alt-narrow": "$"
          },
          "MXP": {
            "displayName": "Mexické striborné peso (1861–1992)",
            "symbol": "MXP"
          },
          "MXV": {
            "displayName": "Mexické Unidad de Inversion (UDI)",
            "symbol": "MXV"
          },
          "MYR": {
            "displayName": "malajzijský ringgit",
            "displayName-count-one": "malajzijský ringgit",
            "displayName-count-few": "malajzijské ringgity",
            "displayName-count-many": "malajzijského ringgitu",
            "displayName-count-other": "malajzijských ringgitov",
            "symbol": "MYR",
            "symbol-alt-narrow": "RM"
          },
          "MZE": {
            "displayName": "Mozambické escudo",
            "displayName-count-one": "mozabické escudo",
            "displayName-count-few": "mozabické escudá",
            "displayName-count-many": "mozabického escuda",
            "displayName-count-other": "mozabických escúd",
            "symbol": "MZE"
          },
          "MZM": {
            "displayName": "Mozambický metical (1980–2006)",
            "displayName-count-one": "mozambický metical (1980–2006)",
            "displayName-count-few": "mozambické meticaly (1980–2006)",
            "displayName-count-many": "mozambického meticalu (1980–2006)",
            "displayName-count-other": "mozambických meticalov (1980–2006)",
            "symbol": "MZM"
          },
          "MZN": {
            "displayName": "mozambický metical",
            "displayName-count-one": "mozambický metical",
            "displayName-count-few": "mozambické meticaly",
            "displayName-count-many": "mozambického meticalu",
            "displayName-count-other": "mozambických meticalov",
            "symbol": "MZN"
          },
          "NAD": {
            "displayName": "namíbijský dolár",
            "displayName-count-one": "namíbijský dolár",
            "displayName-count-few": "namíbijské doláre",
            "displayName-count-many": "namíbijského dolára",
            "displayName-count-other": "namíbijských dolárov",
            "symbol": "NAD",
            "symbol-alt-narrow": "$"
          },
          "NGN": {
            "displayName": "nigérijská naira",
            "displayName-count-one": "nigérijská naira",
            "displayName-count-few": "nigérijské nairy",
            "displayName-count-many": "nigérijskej nairy",
            "displayName-count-other": "nigérijských nair",
            "symbol": "NGN",
            "symbol-alt-narrow": "₦"
          },
          "NIC": {
            "displayName": "Nikaragujská Cordoba (1988–1991)",
            "displayName-count-one": "nikaragujská córdoba (1988–1991)",
            "displayName-count-few": "nikaragujské córdoby (1988–1991)",
            "displayName-count-many": "nikaragujskej córdoby (1988–1991)",
            "displayName-count-other": "nikaragujských córdob (1988–1991)",
            "symbol": "NIC"
          },
          "NIO": {
            "displayName": "nikaragujská córdoba",
            "displayName-count-one": "nikaragujská córdoba",
            "displayName-count-few": "nikaragujské córdoby",
            "displayName-count-many": "nikaragujskej córdoby",
            "displayName-count-other": "nikaragujských córdob",
            "symbol": "NIO",
            "symbol-alt-narrow": "C$"
          },
          "NLG": {
            "displayName": "Nizozemský guilder",
            "symbol": "NLG"
          },
          "NOK": {
            "displayName": "nórska koruna",
            "displayName-count-one": "nórska koruna",
            "displayName-count-few": "nórske koruny",
            "displayName-count-many": "nórskej koruny",
            "displayName-count-other": "nórskych korún",
            "symbol": "NOK",
            "symbol-alt-narrow": "kr"
          },
          "NPR": {
            "displayName": "nepálska rupia",
            "displayName-count-one": "nepálska rupia",
            "displayName-count-few": "nepálske rupie",
            "displayName-count-many": "nepálskej rupie",
            "displayName-count-other": "nepálskych rupií",
            "symbol": "NPR",
            "symbol-alt-narrow": "Rs"
          },
          "NZD": {
            "displayName": "novozélandský dolár",
            "displayName-count-one": "novozélandský dolár",
            "displayName-count-few": "novozélandské doláre",
            "displayName-count-many": "novozélandského dolára",
            "displayName-count-other": "novozélandských dolárov",
            "symbol": "NZD",
            "symbol-alt-narrow": "$"
          },
          "OMR": {
            "displayName": "ománsky rial",
            "displayName-count-one": "ománsky rial",
            "displayName-count-few": "ománske rialy",
            "displayName-count-many": "ománskeho rialu",
            "displayName-count-other": "ománskych rialov",
            "symbol": "OMR"
          },
          "PAB": {
            "displayName": "panamská balboa",
            "displayName-count-one": "panamská balboa",
            "displayName-count-few": "panamské balboy",
            "displayName-count-many": "panamskej balboy",
            "displayName-count-other": "panamských balboí",
            "symbol": "PAB"
          },
          "PEI": {
            "displayName": "Peruvský inti",
            "symbol": "PEI"
          },
          "PEN": {
            "displayName": "peruánsky nový sol",
            "displayName-count-one": "peruánsky nový sol",
            "displayName-count-few": "peruánske nové soly",
            "displayName-count-many": "peruánskeho nového sola",
            "displayName-count-other": "peruánskych nových solov",
            "symbol": "PEN"
          },
          "PES": {
            "displayName": "Peruvský sol",
            "symbol": "PES"
          },
          "PGK": {
            "displayName": "papuánska kina",
            "displayName-count-one": "papuánska kina",
            "displayName-count-few": "papuánske kiny",
            "displayName-count-many": "papuánskej kiny",
            "displayName-count-other": "papuánskych kín",
            "symbol": "PGK"
          },
          "PHP": {
            "displayName": "filipínske peso",
            "displayName-count-one": "filipínske peso",
            "displayName-count-few": "filipínske pesos",
            "displayName-count-many": "filipínskeho pesa",
            "displayName-count-other": "filipínskych pesos",
            "symbol": "PHP",
            "symbol-alt-narrow": "₱"
          },
          "PKR": {
            "displayName": "pakistanská rupia",
            "displayName-count-one": "pakistanská rupia",
            "displayName-count-few": "pakistanské rupie",
            "displayName-count-many": "pakistanskej rupie",
            "displayName-count-other": "pakistanských rupií",
            "symbol": "PKR",
            "symbol-alt-narrow": "Rs"
          },
          "PLN": {
            "displayName": "poľský zlotý",
            "displayName-count-one": "poľský zlotý",
            "displayName-count-few": "poľské zloté",
            "displayName-count-many": "poľského zlotého",
            "displayName-count-other": "poľských zlotých",
            "symbol": "PLN",
            "symbol-alt-narrow": "zł"
          },
          "PLZ": {
            "displayName": "Polský zloty (1950–1995)",
            "displayName-count-one": "poľský zlotý (1950–1995)",
            "displayName-count-few": "poľské zloté (1950–1995)",
            "displayName-count-many": "poľského zlotého (1950–1995)",
            "displayName-count-other": "poľských zlotých (1950–1995)",
            "symbol": "PLZ"
          },
          "PTE": {
            "displayName": "Portugalské eskudo",
            "symbol": "PTE"
          },
          "PYG": {
            "displayName": "paraguajské guaraní",
            "displayName-count-one": "paraguajské guaraní",
            "displayName-count-few": "paraguajské guaraní",
            "displayName-count-many": "paraguajského guaraní",
            "displayName-count-other": "paraguajských guaraní",
            "symbol": "PYG",
            "symbol-alt-narrow": "₲"
          },
          "QAR": {
            "displayName": "katarský rial",
            "displayName-count-one": "katarský rial",
            "displayName-count-few": "katarské rialy",
            "displayName-count-many": "katarského rialu",
            "displayName-count-other": "katarských rialov",
            "symbol": "QAR"
          },
          "RHD": {
            "displayName": "RHD",
            "symbol": "RHD"
          },
          "ROL": {
            "displayName": "Rumunský leu (1952–2006)",
            "displayName-count-one": "rumunský leu (1952–2006)",
            "displayName-count-few": "rumunské leu (1952–2006)",
            "displayName-count-many": "rumunského leu (1952–2006)",
            "displayName-count-other": "rumunských leu (1952–2006)",
            "symbol": "ROL"
          },
          "RON": {
            "displayName": "rumunský lei",
            "displayName-count-one": "rumunský lei",
            "displayName-count-few": "rumunské lei",
            "displayName-count-many": "rumunského lei",
            "displayName-count-other": "rumunských lei",
            "symbol": "RON"
          },
          "RSD": {
            "displayName": "srbský dinár",
            "displayName-count-one": "srbský dinár",
            "displayName-count-few": "srbské dináre",
            "displayName-count-many": "srbského dinára",
            "displayName-count-other": "srbských dinárov",
            "symbol": "RSD"
          },
          "RUB": {
            "displayName": "ruský rubeľ",
            "displayName-count-one": "ruský rubeľ",
            "displayName-count-few": "ruské ruble",
            "displayName-count-many": "ruského rubľa",
            "displayName-count-other": "ruských rubľov",
            "symbol": "RUB",
            "symbol-alt-narrow": "₽",
            "symbol-alt-variant": "₽"
          },
          "RUR": {
            "displayName": "Ruský rubeľ (1991–1998)",
            "symbol": "RUR",
            "symbol-alt-narrow": "р."
          },
          "RWF": {
            "displayName": "rwandský frank",
            "displayName-count-one": "rwandský frank",
            "displayName-count-few": "rwandské franky",
            "displayName-count-many": "rwandského franku",
            "displayName-count-other": "rwandských frankov",
            "symbol": "RWF",
            "symbol-alt-narrow": "RF"
          },
          "SAR": {
            "displayName": "saudskoarabský rial",
            "displayName-count-one": "saudskoarabský rial",
            "displayName-count-few": "saudskoarabské rialy",
            "displayName-count-many": "saudskoarabského rialu",
            "displayName-count-other": "saudskoarabských rialov",
            "symbol": "SAR"
          },
          "SBD": {
            "displayName": "šalamúnsky dolár",
            "displayName-count-one": "šalamúnsky dolár",
            "displayName-count-few": "šalamúnske doláre",
            "displayName-count-many": "šalamúnskeho dolára",
            "displayName-count-other": "šalamúnskych dolárov",
            "symbol": "SBD",
            "symbol-alt-narrow": "$"
          },
          "SCR": {
            "displayName": "seychelská rupia",
            "displayName-count-one": "seychelská rupia",
            "displayName-count-few": "seychelské rupie",
            "displayName-count-many": "seychelskej rupie",
            "displayName-count-other": "seychelských rupií",
            "symbol": "SCR"
          },
          "SDD": {
            "displayName": "Sudánsky dinár",
            "symbol": "SDD"
          },
          "SDG": {
            "displayName": "sudánska libra",
            "displayName-count-one": "sudánska libra",
            "displayName-count-few": "sudánske libry",
            "displayName-count-many": "sudánskej libry",
            "displayName-count-other": "sudánskych libier",
            "symbol": "SDG"
          },
          "SDP": {
            "displayName": "Sudánska libra (1957–1998)",
            "displayName-count-one": "sudánska libra (1957–1998)",
            "displayName-count-few": "sudánske libry (1957–1998)",
            "displayName-count-many": "sudánskej libry (1957–1998)",
            "displayName-count-other": "sudánskych libier (1957–1998)",
            "symbol": "SDP"
          },
          "SEK": {
            "displayName": "švédska koruna",
            "displayName-count-one": "švédska koruna",
            "displayName-count-few": "švédske koruny",
            "displayName-count-many": "švédskej koruny",
            "displayName-count-other": "švédskych korún",
            "symbol": "SEK",
            "symbol-alt-narrow": "kr"
          },
          "SGD": {
            "displayName": "singapurský dolár",
            "displayName-count-one": "singapurský dolár",
            "displayName-count-few": "singapurské doláre",
            "displayName-count-many": "singapurského dolára",
            "displayName-count-other": "singapurských dolárov",
            "symbol": "SGD",
            "symbol-alt-narrow": "$"
          },
          "SHP": {
            "displayName": "svätohelenská libra",
            "displayName-count-one": "svätohelenská libra",
            "displayName-count-few": "svätohelenské libry",
            "displayName-count-many": "svätohelenskej libry",
            "displayName-count-other": "svätohelenských libier",
            "symbol": "SHP",
            "symbol-alt-narrow": "£"
          },
          "SIT": {
            "displayName": "Slovinský Tolar",
            "symbol": "SIT"
          },
          "SKK": {
            "displayName": "Slovenská koruna",
            "symbol": "SKK"
          },
          "SLL": {
            "displayName": "sierraleonský leone",
            "displayName-count-one": "sierraleonský leone",
            "displayName-count-few": "sierraleonské leone",
            "displayName-count-many": "sierraleonského leone",
            "displayName-count-other": "sierraleonských leone",
            "symbol": "SLL"
          },
          "SOS": {
            "displayName": "somálsky šiling",
            "displayName-count-one": "somálsky šiling",
            "displayName-count-few": "somálske šilingy",
            "displayName-count-many": "somálskeho šilingu",
            "displayName-count-other": "somálskych šilingov",
            "symbol": "SOS"
          },
          "SRD": {
            "displayName": "surinamský dolár",
            "displayName-count-one": "surinamský dolár",
            "displayName-count-few": "surinamské doláre",
            "displayName-count-many": "surinamského dolára",
            "displayName-count-other": "surinamských dolárov",
            "symbol": "SRD",
            "symbol-alt-narrow": "$"
          },
          "SRG": {
            "displayName": "Surinamský guilder",
            "symbol": "SRG"
          },
          "SSP": {
            "displayName": "juhosudánska libra",
            "displayName-count-one": "juhosudánska libra",
            "displayName-count-few": "juhosudánske libry",
            "displayName-count-many": "juhosudánskej libry",
            "displayName-count-other": "juhosudánskych libier",
            "symbol": "SSP",
            "symbol-alt-narrow": "£"
          },
          "STD": {
            "displayName": "svätotomášska dobra",
            "displayName-count-one": "svätotomášska dobra",
            "displayName-count-few": "svätotomášske dobry",
            "displayName-count-many": "svätotomášskej dobry",
            "displayName-count-other": "svätotomášskych dobier",
            "symbol": "STD",
            "symbol-alt-narrow": "Db"
          },
          "SUR": {
            "displayName": "Sovietsky rubeľ",
            "symbol": "SUR"
          },
          "SVC": {
            "displayName": "Salvádorský colón",
            "displayName-count-one": "salvádorský colón",
            "displayName-count-few": "salvádorské colóny",
            "displayName-count-many": "salvádorského colóna",
            "displayName-count-other": "salvádorských colónov",
            "symbol": "SVC"
          },
          "SYP": {
            "displayName": "sýrska libra",
            "displayName-count-one": "sýrska libra",
            "displayName-count-few": "sýrske libry",
            "displayName-count-many": "sýrskej libry",
            "displayName-count-other": "sýrskych libier",
            "symbol": "SYP",
            "symbol-alt-narrow": "£"
          },
          "SZL": {
            "displayName": "svazijské lilangeni",
            "displayName-count-one": "svazijské lilangeni",
            "displayName-count-few": "svazijské lilangeni",
            "displayName-count-many": "svazijského lilangeni",
            "displayName-count-other": "svazijských lilangeni",
            "symbol": "SZL"
          },
          "THB": {
            "displayName": "thajský baht",
            "displayName-count-one": "thajský baht",
            "displayName-count-few": "thajské bahty",
            "displayName-count-many": "thajského bahtu",
            "displayName-count-other": "thajských bahtov",
            "symbol": "THB",
            "symbol-alt-narrow": "฿"
          },
          "TJR": {
            "displayName": "Tadžický rubeľ",
            "symbol": "TJR"
          },
          "TJS": {
            "displayName": "tadžické somoni",
            "displayName-count-one": "tadžické somoni",
            "displayName-count-few": "tadžické somoni",
            "displayName-count-many": "tadžického somoni",
            "displayName-count-other": "tadžických somoni",
            "symbol": "TJS"
          },
          "TMM": {
            "displayName": "Turkménsky manat (1993–2009)",
            "displayName-count-one": "turkménsky manat (1993–2009)",
            "displayName-count-few": "turkménske manaty (1993–2009)",
            "displayName-count-many": "turkménskeho manatu (1993–2009)",
            "displayName-count-other": "turkménskych manatov (1993–2009)",
            "symbol": "TMM"
          },
          "TMT": {
            "displayName": "turkménsky manat",
            "displayName-count-one": "turkménsky manat",
            "displayName-count-few": "turkménske manaty",
            "displayName-count-many": "turkménskeho manatu",
            "displayName-count-other": "turkménskych manatov",
            "symbol": "TMT"
          },
          "TND": {
            "displayName": "tuniský dinár",
            "displayName-count-one": "tuniský dinár",
            "displayName-count-few": "tuniské dináre",
            "displayName-count-many": "tuniského dinára",
            "displayName-count-other": "tuniských dinárov",
            "symbol": "TND"
          },
          "TOP": {
            "displayName": "tongská paʻanga",
            "displayName-count-one": "tongská pa’anga",
            "displayName-count-few": "tongské pa’anga",
            "displayName-count-many": "tongského pa’anga",
            "displayName-count-other": "tongských pa’anga",
            "symbol": "TOP",
            "symbol-alt-narrow": "T$"
          },
          "TPE": {
            "displayName": "Timorské eskudo",
            "symbol": "TPE"
          },
          "TRL": {
            "displayName": "Turecká lira (1922–2005)",
            "displayName-count-one": "turecká líra (1922–2005)",
            "displayName-count-few": "turecké líry (1922–2005)",
            "displayName-count-many": "tureckej líry (1922–2005)",
            "displayName-count-other": "tureckých lír (1922–2005)",
            "symbol": "TRL"
          },
          "TRY": {
            "displayName": "turecká líra",
            "displayName-count-one": "turecká líra",
            "displayName-count-few": "turecké líry",
            "displayName-count-many": "tureckej líry",
            "displayName-count-other": "tureckých lír",
            "symbol": "TRY",
            "symbol-alt-narrow": "₺",
            "symbol-alt-variant": "TL"
          },
          "TTD": {
            "displayName": "trinidadsko-tobažský dolár",
            "displayName-count-one": "trinidadsko-tobažský dolár",
            "displayName-count-few": "trinidadsko-tobažské doláre",
            "displayName-count-many": "trinidadsko-tobažského dolára",
            "displayName-count-other": "trinidadsko-tobažských dolárov",
            "symbol": "TTD",
            "symbol-alt-narrow": "$"
          },
          "TWD": {
            "displayName": "nový taiwanský dolár",
            "displayName-count-one": "nový taiwanský dolár",
            "displayName-count-few": "nové taiwanské doláre",
            "displayName-count-many": "nového taiwanského dolára",
            "displayName-count-other": "nových taiwanských dolárov",
            "symbol": "TWD",
            "symbol-alt-narrow": "NT$"
          },
          "TZS": {
            "displayName": "tanzánsky šiling",
            "displayName-count-one": "tanzánsky šiling",
            "displayName-count-few": "tanzánske šilingy",
            "displayName-count-many": "tanzánskeho šilingu",
            "displayName-count-other": "tanzánskych šilingov",
            "symbol": "TZS"
          },
          "UAH": {
            "displayName": "ukrajinská hrivna",
            "displayName-count-one": "ukrajinská hrivna",
            "displayName-count-few": "ukrajinské hrivny",
            "displayName-count-many": "ukrajinskej hrivny",
            "displayName-count-other": "ukrajinských hrivien",
            "symbol": "UAH",
            "symbol-alt-narrow": "₴"
          },
          "UAK": {
            "displayName": "Ukrainský karbovanetz",
            "symbol": "UAK"
          },
          "UGS": {
            "displayName": "Ugandan šiling (1966–1987)",
            "symbol": "UGS"
          },
          "UGX": {
            "displayName": "ugandský šiling",
            "displayName-count-one": "ugandský šiling",
            "displayName-count-few": "ugandské šilingy",
            "displayName-count-many": "ugandského šilingu",
            "displayName-count-other": "ugandských šilingov",
            "symbol": "UGX"
          },
          "USD": {
            "displayName": "americký dolár",
            "displayName-count-one": "americký dolár",
            "displayName-count-few": "americké doláre",
            "displayName-count-many": "amerického dolára",
            "displayName-count-other": "amerických dolárov",
            "symbol": "USD",
            "symbol-alt-narrow": "$"
          },
          "USN": {
            "displayName": "US dolár (Next day)",
            "symbol": "USN"
          },
          "USS": {
            "displayName": "US dolár (Same day)",
            "symbol": "USS"
          },
          "UYI": {
            "displayName": "UYI",
            "symbol": "UYI"
          },
          "UYP": {
            "displayName": "Uruguajské peso (1975–1993)",
            "symbol": "UYP"
          },
          "UYU": {
            "displayName": "uruguajské peso",
            "displayName-count-one": "uruguajské peso",
            "displayName-count-few": "uruguajské pesos",
            "displayName-count-many": "uruguajského pesa",
            "displayName-count-other": "uruguajských pesos",
            "symbol": "UYU",
            "symbol-alt-narrow": "$"
          },
          "UZS": {
            "displayName": "uzbecký sum",
            "displayName-count-one": "uzbecký sum",
            "displayName-count-few": "uzbecké sumy",
            "displayName-count-many": "uzbeckého sumu",
            "displayName-count-other": "uzbeckých sumov",
            "symbol": "UZS"
          },
          "VEB": {
            "displayName": "Venezuelský bolívar (1871–2008)",
            "symbol": "VEB"
          },
          "VEF": {
            "displayName": "venezuelský bolívar",
            "displayName-count-one": "venezuelský bolívar",
            "displayName-count-few": "venezuelské bolívary",
            "displayName-count-many": "venezuelského bolívaru",
            "displayName-count-other": "venezuelských bolívarov",
            "symbol": "VEF",
            "symbol-alt-narrow": "Bs"
          },
          "VND": {
            "displayName": "vietnamský dong",
            "displayName-count-one": "vietnamský dong",
            "displayName-count-few": "vietnamské dongy",
            "displayName-count-many": "vietnamského dongu",
            "displayName-count-other": "vietnamských dongov",
            "symbol": "VND",
            "symbol-alt-narrow": "₫"
          },
          "VNN": {
            "displayName": "VNN",
            "symbol": "VNN"
          },
          "VUV": {
            "displayName": "vanuatské vatu",
            "displayName-count-one": "vanuatské vatu",
            "displayName-count-few": "vanuatské vatu",
            "displayName-count-many": "vanuatského vatu",
            "displayName-count-other": "vanuatských vatu",
            "symbol": "VUV"
          },
          "WST": {
            "displayName": "samojská tala",
            "displayName-count-one": "samojská tala",
            "displayName-count-few": "samojské taly",
            "displayName-count-many": "samojskej taly",
            "displayName-count-other": "samojských tál",
            "symbol": "WST"
          },
          "XAF": {
            "displayName": "stredoafrický frank",
            "displayName-count-one": "stredoafrický frank",
            "displayName-count-few": "stredoafrické franky",
            "displayName-count-many": "stredoafrického franku",
            "displayName-count-other": "stredoafrických frankov",
            "symbol": "FCFA"
          },
          "XAG": {
            "displayName": "XAG",
            "symbol": "XAG"
          },
          "XAU": {
            "displayName": "Zlato",
            "symbol": "XAU"
          },
          "XBA": {
            "displayName": "XBA",
            "symbol": "XBA"
          },
          "XBB": {
            "displayName": "XBB",
            "symbol": "XBB"
          },
          "XBC": {
            "displayName": "XBC",
            "symbol": "XBC"
          },
          "XBD": {
            "displayName": "XBD",
            "symbol": "XBD"
          },
          "XCD": {
            "displayName": "východokaribský dolár",
            "displayName-count-one": "východokaribský dolár",
            "displayName-count-few": "východokaribské doláre",
            "displayName-count-many": "východokaribského dolára",
            "displayName-count-other": "východokaribských dolárov",
            "symbol": "EC$",
            "symbol-alt-narrow": "$"
          },
          "XDR": {
            "displayName": "Špeciálne práva čerpania",
            "symbol": "XDR"
          },
          "XEU": {
            "displayName": "XEU",
            "symbol": "XEU"
          },
          "XFO": {
            "displayName": "Francúzsky zlatý frank",
            "symbol": "XFO"
          },
          "XFU": {
            "displayName": "Francúzsky UIC-frank",
            "symbol": "XFU"
          },
          "XOF": {
            "displayName": "západoafrický frank",
            "displayName-count-one": "západoafrický frank",
            "displayName-count-few": "západoafrické franky",
            "displayName-count-many": "západoafrického franku",
            "displayName-count-other": "západoafrických frankov",
            "symbol": "CFA"
          },
          "XPD": {
            "displayName": "XPD",
            "symbol": "XPD"
          },
          "XPF": {
            "displayName": "CFP frank",
            "displayName-count-one": "CFP frank",
            "displayName-count-few": "CFP franky",
            "displayName-count-many": "CFP franku",
            "displayName-count-other": "CFP frankov",
            "symbol": "CFPF"
          },
          "XPT": {
            "displayName": "XPT",
            "symbol": "XPT"
          },
          "XRE": {
            "displayName": "XRE",
            "symbol": "XRE"
          },
          "XSU": {
            "displayName": "XSU",
            "symbol": "XSU"
          },
          "XTS": {
            "displayName": "XTS",
            "symbol": "XTS"
          },
          "XUA": {
            "displayName": "XUA",
            "symbol": "XUA"
          },
          "XXX": {
            "displayName": "neznáma mena",
            "displayName-count-one": "(neznáma mena)",
            "displayName-count-few": "(neznáma mena)",
            "displayName-count-many": "(neznáma mena)",
            "displayName-count-other": "(neznáma mena)",
            "symbol": "XXX"
          },
          "YDD": {
            "displayName": "Jemenský dinár",
            "symbol": "YDD"
          },
          "YER": {
            "displayName": "jemenský rial",
            "displayName-count-one": "jemenský rial",
            "displayName-count-few": "jemenské rialy",
            "displayName-count-many": "jemenského rialu",
            "displayName-count-other": "jemenských rialov",
            "symbol": "YER"
          },
          "YUD": {
            "displayName": "Juhoslávsky dinár [YUD]",
            "symbol": "YUD"
          },
          "YUM": {
            "displayName": "Juhoslávsky Noviy dinár",
            "symbol": "YUM"
          },
          "YUN": {
            "displayName": "Juhoslávsky dinár",
            "symbol": "YUN"
          },
          "YUR": {
            "displayName": "YUR",
            "symbol": "YUR"
          },
          "ZAL": {
            "displayName": "Juhoafrický rand (financial)",
            "symbol": "ZAL"
          },
          "ZAR": {
            "displayName": "juhoafrický rand",
            "displayName-count-one": "juhoafrický rand",
            "displayName-count-few": "juhoafrické randy",
            "displayName-count-many": "juhoafrického randu",
            "displayName-count-other": "juhoafrických randov",
            "symbol": "ZAR",
            "symbol-alt-narrow": "R"
          },
          "ZMK": {
            "displayName": "Zambijská kwacha (1968–2012)",
            "displayName-count-one": "zambijská kwacha (1968–2012)",
            "displayName-count-few": "zambijské kwachy (1968–2012)",
            "displayName-count-many": "zambijskej kwachy (1968–2012)",
            "displayName-count-other": "zambijských kwách (1968–2012)",
            "symbol": "ZMK"
          },
          "ZMW": {
            "displayName": "zambijská kwacha",
            "displayName-count-one": "zambijská kwacha",
            "displayName-count-few": "zambijské kwachy",
            "displayName-count-many": "zambijskej kwachy",
            "displayName-count-other": "zambijských kwách",
            "symbol": "ZMW",
            "symbol-alt-narrow": "ZK"
          },
          "ZRN": {
            "displayName": "Zairský nový zaire",
            "symbol": "ZRN"
          },
          "ZRZ": {
            "displayName": "Zairský Zaire",
            "symbol": "ZRZ"
          },
          "ZWD": {
            "displayName": "Zimbabwiansky dolár (1980–2008)",
            "displayName-count-one": "zimbabwiansky dolár (1980–2008)",
            "displayName-count-few": "zimbabwianske doláre (1980–2008)",
            "displayName-count-many": "zimbabwianskeho dolára (1980–2008)",
            "displayName-count-other": "zimbabwianskych dolárov (1980–2008)",
            "symbol": "ZWD"
          },
          "ZWL": {
            "displayName": "Zimbabwiansky dolár (2009)",
            "displayName-count-one": "zimbabwiansky dolár (2009)",
            "displayName-count-few": "zimbabwianske doláre (2009)",
            "displayName-count-many": "zimbabwianskeho dolára (2009)",
            "displayName-count-other": "zimbabwianskych dolárov (2009)",
            "symbol": "ZWL"
          },
          "ZWR": {
            "displayName": "Zimbabwiansky dolár (2008)",
            "displayName-count-one": "zimbabwiansky dolár (2008)",
            "displayName-count-few": "zimbabwianske doláre (2008)",
            "displayName-count-many": "zimbabwianskeho dolára (2008)",
            "displayName-count-other": "zimbabwianskych dolárov (2008)",
            "symbol": "ZWR"
          }
        }
      }
    }
  }
}
