{
  "main": {
    "eu": {
      "identity": {
        "version": {
          "_number": "$Revision: 12293 $",
          "_cldrVersion": "29"
        },
        "language": "eu"
      },
      "numbers": {
        "currencies": {
          "ADP": {
            "displayName": "ADP",
            "symbol": "ADP"
          },
          "AED": {
            "displayName": "Arabiar Emirerri Batuetako dirhama",
            "displayName-count-one": "Arabiar Emirerri Batuetako dirham",
            "displayName-count-other": "Arabiar Emirerri Batuetako dirham",
            "symbol": "AED"
          },
          "AFA": {
            "displayName": "AFA",
            "symbol": "AFA"
          },
          "AFN": {
            "displayName": "Afganistango afghania",
            "displayName-count-one": "Afganistango afghani",
            "displayName-count-other": "Afganistango afghani",
            "symbol": "AFN"
          },
          "ALL": {
            "displayName": "Albaniako leka",
            "displayName-count-one": "Albaniako lek",
            "displayName-count-other": "Albaniako lek",
            "symbol": "ALL"
          },
          "AMD": {
            "displayName": "Armeniako drama",
            "displayName-count-one": "Armeniako dram",
            "displayName-count-other": "Armeniako dram",
            "symbol": "AMD"
          },
          "ANG": {
            "displayName": "Holandarren Antilletako guilderra",
            "displayName-count-one": "Holandarren Antilletako guilder",
            "displayName-count-other": "Holandarren Antilletako guilder",
            "symbol": "ANG"
          },
          "AOA": {
            "displayName": "Angolako kwanza",
            "displayName-count-one": "Angolako kwanza",
            "displayName-count-other": "Angolako kwanza",
            "symbol": "AOA",
            "symbol-alt-narrow": "Kz"
          },
          "AOK": {
            "displayName": "AOK",
            "symbol": "AOK"
          },
          "AON": {
            "displayName": "AON",
            "symbol": "AON"
          },
          "AOR": {
            "displayName": "AOR",
            "symbol": "AOR"
          },
          "ARA": {
            "displayName": "ARA",
            "symbol": "ARA"
          },
          "ARL": {
            "displayName": "ARL",
            "symbol": "ARL"
          },
          "ARM": {
            "displayName": "ARM",
            "symbol": "ARM"
          },
          "ARP": {
            "displayName": "ARP",
            "symbol": "ARP"
          },
          "ARS": {
            "displayName": "Argentinako pesoa",
            "displayName-count-one": "Argentinako peso",
            "displayName-count-other": "Argentinako peso",
            "symbol": "ARS",
            "symbol-alt-narrow": "$"
          },
          "ATS": {
            "displayName": "ATS",
            "symbol": "ATS"
          },
          "AUD": {
            "displayName": "Australiako dolarra",
            "displayName-count-one": "Australiako dolar",
            "displayName-count-other": "Australiako dolar",
            "symbol": "A$",
            "symbol-alt-narrow": "$"
          },
          "AWG": {
            "displayName": "Arubeko florina",
            "displayName-count-one": "Arubeko florin",
            "displayName-count-other": "Arubeko florin",
            "symbol": "AWG"
          },
          "AZM": {
            "displayName": "AZM",
            "symbol": "AZM"
          },
          "AZN": {
            "displayName": "Azerbaijango manata",
            "displayName-count-one": "Azerbaijango manat",
            "displayName-count-other": "Azerbaijango manat",
            "symbol": "AZN"
          },
          "BAD": {
            "displayName": "BAD",
            "symbol": "BAD"
          },
          "BAM": {
            "displayName": "Bosnia-Herzegovinako marko trukakorra",
            "displayName-count-one": "Bosnia-Herzegovinako marko trukakor",
            "displayName-count-other": "Bosnia-Herzegovinako marko trukakor",
            "symbol": "BAM",
            "symbol-alt-narrow": "KM"
          },
          "BAN": {
            "displayName": "BAN",
            "symbol": "BAN"
          },
          "BBD": {
            "displayName": "Barbadosetako dolarra",
            "displayName-count-one": "Barbadosetako dolar",
            "displayName-count-other": "Barbadosetako dolar",
            "symbol": "BBD",
            "symbol-alt-narrow": "$"
          },
          "BDT": {
            "displayName": "Bangladesheko taka",
            "displayName-count-one": "Bangladesheko taka",
            "displayName-count-other": "Bangladesheko taka",
            "symbol": "BDT",
            "symbol-alt-narrow": "৳"
          },
          "BEC": {
            "displayName": "BEC",
            "symbol": "BEC"
          },
          "BEF": {
            "displayName": "BEF",
            "symbol": "BEF"
          },
          "BEL": {
            "displayName": "BEL",
            "symbol": "BEL"
          },
          "BGL": {
            "displayName": "BGL",
            "symbol": "BGL"
          },
          "BGM": {
            "displayName": "BGM",
            "symbol": "BGM"
          },
          "BGN": {
            "displayName": "Bulgariako leva",
            "displayName-count-one": "Bulgariako lev",
            "displayName-count-other": "Bulgariako lev",
            "symbol": "BGN"
          },
          "BGO": {
            "displayName": "BGO",
            "symbol": "BGO"
          },
          "BHD": {
            "displayName": "Bahraingo dinarra",
            "displayName-count-one": "Bahraingo dinar",
            "displayName-count-other": "Bahraingo dinar",
            "symbol": "BHD"
          },
          "BIF": {
            "displayName": "Burundiko frankoa",
            "displayName-count-one": "Burundiko franko",
            "displayName-count-other": "Burundiko franko",
            "symbol": "BIF"
          },
          "BMD": {
            "displayName": "Bermudetako dolarra",
            "displayName-count-one": "Bermudetako dolar",
            "displayName-count-other": "Bermudetako dolar",
            "symbol": "BMD",
            "symbol-alt-narrow": "$"
          },
          "BND": {
            "displayName": "Bruneiko dolarra",
            "displayName-count-one": "Bruneiko dolar",
            "displayName-count-other": "Bruneiko dolar",
            "symbol": "BND",
            "symbol-alt-narrow": "$"
          },
          "BOB": {
            "displayName": "Boliviako bolivianoa",
            "displayName-count-one": "Boliviako boliviano",
            "displayName-count-other": "Boliviako boliviano",
            "symbol": "BOB",
            "symbol-alt-narrow": "Bs"
          },
          "BOL": {
            "displayName": "BOL",
            "symbol": "BOL"
          },
          "BOP": {
            "displayName": "BOP",
            "symbol": "BOP"
          },
          "BOV": {
            "displayName": "BOV",
            "symbol": "BOV"
          },
          "BRB": {
            "displayName": "BRB",
            "symbol": "BRB"
          },
          "BRC": {
            "displayName": "BRC",
            "symbol": "BRC"
          },
          "BRE": {
            "displayName": "BRE",
            "symbol": "BRE"
          },
          "BRL": {
            "displayName": "Brasilgo erreala",
            "displayName-count-one": "Brasilgo erreal",
            "displayName-count-other": "Brasilgo erreal",
            "symbol": "R$",
            "symbol-alt-narrow": "R$"
          },
          "BRN": {
            "displayName": "BRN",
            "symbol": "BRN"
          },
          "BRR": {
            "displayName": "BRR",
            "symbol": "BRR"
          },
          "BRZ": {
            "displayName": "BRZ",
            "symbol": "BRZ"
          },
          "BSD": {
            "displayName": "Bahametako dolarra",
            "displayName-count-one": "Bahametako dolar",
            "displayName-count-other": "Bahametako dolar",
            "symbol": "BSD",
            "symbol-alt-narrow": "$"
          },
          "BTN": {
            "displayName": "Bhutango ngultruma",
            "displayName-count-one": "Bhutango ngultrum",
            "displayName-count-other": "Bhutango ngultrum",
            "symbol": "BTN"
          },
          "BUK": {
            "displayName": "BUK",
            "symbol": "BUK"
          },
          "BWP": {
            "displayName": "Bosniako pula",
            "displayName-count-one": "Bosniako pula",
            "displayName-count-other": "Bosniako pula",
            "symbol": "BWP",
            "symbol-alt-narrow": "P"
          },
          "BYB": {
            "displayName": "BYB",
            "symbol": "BYB"
          },
          "BYR": {
            "displayName": "Bielorrusiako errubloa",
            "displayName-count-one": "Bielorrusiako errublo",
            "displayName-count-other": "Bielorrusiako errublo",
            "symbol": "BYR",
            "symbol-alt-narrow": "р."
          },
          "BZD": {
            "displayName": "Belizeko dolarra",
            "displayName-count-one": "Belizeko dolar",
            "displayName-count-other": "Belizeko dolar",
            "symbol": "BZD",
            "symbol-alt-narrow": "$"
          },
          "CAD": {
            "displayName": "Kanadako dolarra",
            "displayName-count-one": "Kanadako dolar",
            "displayName-count-other": "Kanadako dolar",
            "symbol": "CA$",
            "symbol-alt-narrow": "$"
          },
          "CDF": {
            "displayName": "Kongoko frankoa",
            "displayName-count-one": "Kongoko franko",
            "displayName-count-other": "Kongoko franko",
            "symbol": "CDF"
          },
          "CHE": {
            "displayName": "CHE",
            "symbol": "CHE"
          },
          "CHF": {
            "displayName": "Suitzako frankoa",
            "displayName-count-one": "Suitzako franko",
            "displayName-count-other": "Suitzako franko",
            "symbol": "CHF"
          },
          "CHW": {
            "displayName": "CHW",
            "symbol": "CHW"
          },
          "CLE": {
            "displayName": "CLE",
            "symbol": "CLE"
          },
          "CLF": {
            "displayName": "CLF",
            "symbol": "CLF"
          },
          "CLP": {
            "displayName": "Txileko pesoa",
            "displayName-count-one": "Txileko peso",
            "displayName-count-other": "Txileko peso",
            "symbol": "CLP",
            "symbol-alt-narrow": "$"
          },
          "CNY": {
            "displayName": "Txinako yuana",
            "displayName-count-one": "Txinako yuan",
            "displayName-count-other": "Txinako yuan",
            "symbol": "CN¥",
            "symbol-alt-narrow": "¥"
          },
          "COP": {
            "displayName": "Kolonbiako pesoa",
            "displayName-count-one": "Kolonbiako peso",
            "displayName-count-other": "Kolonbiako peso",
            "symbol": "COP",
            "symbol-alt-narrow": "$"
          },
          "COU": {
            "displayName": "COU",
            "symbol": "COU"
          },
          "CRC": {
            "displayName": "Costa Ricako colona",
            "displayName-count-one": "Costa Ricako colon",
            "displayName-count-other": "Costa Ricako colon",
            "symbol": "CRC",
            "symbol-alt-narrow": "₡"
          },
          "CSD": {
            "displayName": "CSD",
            "symbol": "CSD"
          },
          "CSK": {
            "displayName": "CSK",
            "symbol": "CSK"
          },
          "CUC": {
            "displayName": "Kubako peso trukakorra",
            "displayName-count-one": "Kubako peso trukakor",
            "displayName-count-other": "Kubako peso trukakor",
            "symbol": "CUC",
            "symbol-alt-narrow": "$"
          },
          "CUP": {
            "displayName": "Kubako pesoa",
            "displayName-count-one": "Kubako peso",
            "displayName-count-other": "Kubako peso",
            "symbol": "CUP",
            "symbol-alt-narrow": "$"
          },
          "CVE": {
            "displayName": "Cabo Verdeko ezkutua",
            "displayName-count-one": "Cabo Verdeko ezkutu",
            "displayName-count-other": "Cabo Verdeko ezkutu",
            "symbol": "CVE"
          },
          "CYP": {
            "displayName": "CYP",
            "symbol": "CYP"
          },
          "CZK": {
            "displayName": "Txekiar Errepublikako koroa",
            "displayName-count-one": "Txekiar Errepublikako koroa",
            "displayName-count-other": "Txekiar Errepublikako koroa",
            "symbol": "CZK",
            "symbol-alt-narrow": "Kč"
          },
          "DDM": {
            "displayName": "DDM",
            "symbol": "DDM"
          },
          "DEM": {
            "displayName": "DEM",
            "symbol": "DEM"
          },
          "DJF": {
            "displayName": "Djibouteko frankoa",
            "displayName-count-one": "Djibouteko franko",
            "displayName-count-other": "Djibouteko franko",
            "symbol": "DJF"
          },
          "DKK": {
            "displayName": "Danimarkako koroa",
            "displayName-count-one": "Danimarkako koroa",
            "displayName-count-other": "Danimarkako koroa",
            "symbol": "DKK",
            "symbol-alt-narrow": "kr"
          },
          "DOP": {
            "displayName": "Dominikar Errepublikako pesoa",
            "displayName-count-one": "Dominikar Errepublikako peso",
            "displayName-count-other": "Dominikar Errepublikako peso",
            "symbol": "DOP",
            "symbol-alt-narrow": "$"
          },
          "DZD": {
            "displayName": "Algeriako dinarra",
            "displayName-count-one": "Algeriako dinar",
            "displayName-count-other": "Algeriako dinar",
            "symbol": "DZD"
          },
          "ECS": {
            "displayName": "ECS",
            "symbol": "ECS"
          },
          "ECV": {
            "displayName": "ECV",
            "symbol": "ECV"
          },
          "EEK": {
            "displayName": "EEK",
            "symbol": "EEK"
          },
          "EGP": {
            "displayName": "Egiptoko libera",
            "displayName-count-one": "Egiptoko libera",
            "displayName-count-other": "Egiptoko libera",
            "symbol": "EGP",
            "symbol-alt-narrow": "E£"
          },
          "ERN": {
            "displayName": "Eritreako nakfa",
            "displayName-count-one": "Eritreako nakfa",
            "displayName-count-other": "Eritreako nakfa",
            "symbol": "ERN"
          },
          "ESA": {
            "displayName": "ESA",
            "symbol": "ESA"
          },
          "ESB": {
            "displayName": "ESB",
            "symbol": "ESB"
          },
          "ESP": {
            "pattern": "¤ #,##0.00",
            "displayName": "ESP",
            "symbol": "₧",
            "symbol-alt-narrow": "₧",
            "decimal": ",",
            "group": "."
          },
          "ETB": {
            "displayName": "Etiopiako birra",
            "displayName-count-one": "Etiopiako birra",
            "displayName-count-other": "Etiopiako birra",
            "symbol": "ETB"
          },
          "EUR": {
            "displayName": "Euroa",
            "displayName-count-one": "euro",
            "displayName-count-other": "euro",
            "symbol": "€",
            "symbol-alt-narrow": "€"
          },
          "FIM": {
            "displayName": "FIM",
            "symbol": "FIM"
          },
          "FJD": {
            "displayName": "Fijiko dolarra",
            "displayName-count-one": "Fijiko dolar",
            "displayName-count-other": "Fijiko dolar",
            "symbol": "FJD",
            "symbol-alt-narrow": "$"
          },
          "FKP": {
            "displayName": "Falkland uharteetako libera",
            "displayName-count-one": "Falkland uharteetako libera",
            "displayName-count-other": "Falkland uharteetako libera",
            "symbol": "FKP",
            "symbol-alt-narrow": "£"
          },
          "FRF": {
            "displayName": "FRF",
            "symbol": "FRF"
          },
          "GBP": {
            "displayName": "Libera esterlina",
            "displayName-count-one": "libera esterlina",
            "displayName-count-other": "libera esterlina",
            "symbol": "£",
            "symbol-alt-narrow": "£"
          },
          "GEK": {
            "displayName": "GEK",
            "symbol": "GEK"
          },
          "GEL": {
            "displayName": "Georgiako laria",
            "displayName-count-one": "Georgiako lari",
            "displayName-count-other": "Georgiako lari",
            "symbol": "GEL",
            "symbol-alt-narrow": "₾"
          },
          "GHC": {
            "displayName": "GHC",
            "symbol": "GHC"
          },
          "GHS": {
            "displayName": "Ghanako cedia",
            "displayName-count-one": "Ghanako cedi",
            "displayName-count-other": "Ghanako cedi",
            "symbol": "GHS"
          },
          "GIP": {
            "displayName": "Gibraltarreko libera",
            "displayName-count-one": "Gibraltarreko libera",
            "displayName-count-other": "Gibraltarreko libera",
            "symbol": "GIP",
            "symbol-alt-narrow": "£"
          },
          "GMD": {
            "displayName": "Ganbiako dalasia",
            "displayName-count-one": "Ganbiako dalasi",
            "displayName-count-other": "Ganbiako dalasi",
            "symbol": "GMD"
          },
          "GNF": {
            "displayName": "Gineako frankoa",
            "displayName-count-one": "Gineako franko",
            "displayName-count-other": "Gineako franko",
            "symbol": "GNF",
            "symbol-alt-narrow": "FG"
          },
          "GNS": {
            "displayName": "GNS",
            "symbol": "GNS"
          },
          "GQE": {
            "displayName": "GQE",
            "symbol": "GQE"
          },
          "GRD": {
            "displayName": "GRD",
            "symbol": "GRD"
          },
          "GTQ": {
            "displayName": "Guatemalako quetzala",
            "displayName-count-one": "Guatemalako quetzal",
            "displayName-count-other": "Guatemalako quetzal",
            "symbol": "GTQ",
            "symbol-alt-narrow": "Q"
          },
          "GWE": {
            "displayName": "GWE",
            "symbol": "GWE"
          },
          "GWP": {
            "displayName": "GWP",
            "symbol": "GWP"
          },
          "GYD": {
            "displayName": "Guyanako dolarra",
            "displayName-count-one": "Guyanako dolar",
            "displayName-count-other": "Guyanako dolar",
            "symbol": "GYD",
            "symbol-alt-narrow": "$"
          },
          "HKD": {
            "displayName": "Hong Kongeko dolarra",
            "displayName-count-one": "Hong Kongeko dolar",
            "displayName-count-other": "Hong Kongeko dolar",
            "symbol": "HK$",
            "symbol-alt-narrow": "$"
          },
          "HNL": {
            "displayName": "Hondurasko lempira",
            "displayName-count-one": "Hondurasko lempira",
            "displayName-count-other": "Hondurasko lempira",
            "symbol": "HNL",
            "symbol-alt-narrow": "L"
          },
          "HRD": {
            "displayName": "HRD",
            "symbol": "HRD"
          },
          "HRK": {
            "displayName": "Kroaziako kuna",
            "displayName-count-one": "Kroaziako kuna",
            "displayName-count-other": "Kroaziako kuna",
            "symbol": "HRK",
            "symbol-alt-narrow": "kn"
          },
          "HTG": {
            "displayName": "Haitiko gourdea",
            "displayName-count-one": "Haitiko gourde",
            "displayName-count-other": "Haitiko gourde",
            "symbol": "HTG"
          },
          "HUF": {
            "displayName": "Hungariako florina",
            "displayName-count-one": "Hungariako florin",
            "displayName-count-other": "Hungariako florin",
            "symbol": "HUF",
            "symbol-alt-narrow": "Ft"
          },
          "IDR": {
            "displayName": "Indonesiako errupia",
            "displayName-count-one": "Indonesiako errupia",
            "displayName-count-other": "Indonesiako errupia",
            "symbol": "IDR",
            "symbol-alt-narrow": "Rp"
          },
          "IEP": {
            "displayName": "IEP",
            "symbol": "IEP"
          },
          "ILP": {
            "displayName": "ILP",
            "symbol": "ILP"
          },
          "ILS": {
            "displayName": "Israeleko sheqel berria",
            "displayName-count-one": "Israeleko sheqel berri",
            "displayName-count-other": "Israeleko sheqel berri",
            "symbol": "₪",
            "symbol-alt-narrow": "₪"
          },
          "INR": {
            "displayName": "Indiako errupia",
            "displayName-count-one": "Indiako errupia",
            "displayName-count-other": "Indiako errupia",
            "symbol": "₹",
            "symbol-alt-narrow": "₹"
          },
          "IQD": {
            "displayName": "Irakeko dinarra",
            "displayName-count-one": "Irakeko dinar",
            "displayName-count-other": "Irakeko dinar",
            "symbol": "IQD"
          },
          "IRR": {
            "displayName": "Irango riala",
            "displayName-count-one": "Irango rial",
            "displayName-count-other": "Irango rial",
            "symbol": "IRR"
          },
          "ISK": {
            "displayName": "Islandiako koroa",
            "displayName-count-one": "Islandiako koroa",
            "displayName-count-other": "Islandiako koroa",
            "symbol": "ISK",
            "symbol-alt-narrow": "kr"
          },
          "ITL": {
            "displayName": "ITL",
            "symbol": "ITL"
          },
          "JMD": {
            "displayName": "Jamaikako dolarra",
            "displayName-count-one": "Jamaikako dolar",
            "displayName-count-other": "Jamaikako dolar",
            "symbol": "JMD",
            "symbol-alt-narrow": "$"
          },
          "JOD": {
            "displayName": "Jordaniako dinarra",
            "displayName-count-one": "Jordaniako dinar",
            "displayName-count-other": "Jordaniako dinar",
            "symbol": "JOD"
          },
          "JPY": {
            "displayName": "Japoniako yena",
            "displayName-count-one": "Japoniako yen",
            "displayName-count-other": "Japoniako yen",
            "symbol": "JP¥",
            "symbol-alt-narrow": "¥"
          },
          "KES": {
            "displayName": "Kenyako txelina",
            "displayName-count-one": "Kenyako txelin",
            "displayName-count-other": "Kenyako txelin",
            "symbol": "KES"
          },
          "KGS": {
            "displayName": "Kirgizistango soma",
            "displayName-count-one": "Kirgizistango som",
            "displayName-count-other": "Kirgizistango som",
            "symbol": "KGS"
          },
          "KHR": {
            "displayName": "Kanbodiako riela",
            "displayName-count-one": "Kanbodiako riel",
            "displayName-count-other": "Kanbodiako riel",
            "symbol": "KHR",
            "symbol-alt-narrow": "៛"
          },
          "KMF": {
            "displayName": "Komoreetako frankoa",
            "displayName-count-one": "Komoreetako franko",
            "displayName-count-other": "Komoreetako franko",
            "symbol": "KMF",
            "symbol-alt-narrow": "CF"
          },
          "KPW": {
            "displayName": "Ipar Koreako wona",
            "displayName-count-one": "Ipar Koreako won",
            "displayName-count-other": "Ipar Koreako won",
            "symbol": "KPW",
            "symbol-alt-narrow": "₩"
          },
          "KRH": {
            "displayName": "KRH",
            "symbol": "KRH"
          },
          "KRO": {
            "displayName": "KRO",
            "symbol": "KRO"
          },
          "KRW": {
            "displayName": "Hego Koreako wona",
            "displayName-count-one": "Hego Koreako won",
            "displayName-count-other": "Hego Koreako won",
            "symbol": "₩",
            "symbol-alt-narrow": "₩"
          },
          "KWD": {
            "displayName": "Kuwaiteko dinarra",
            "displayName-count-one": "Kuwaiteko dinar",
            "displayName-count-other": "Kuwaiteko dinar",
            "symbol": "KWD"
          },
          "KYD": {
            "displayName": "Kaiman uharteetako dolarra",
            "displayName-count-one": "Kaiman uharteetako dolar",
            "displayName-count-other": "Kaiman uharteetako dolar",
            "symbol": "KYD",
            "symbol-alt-narrow": "$"
          },
          "KZT": {
            "displayName": "Kazakhstango tengea",
            "displayName-count-one": "Kazakhstango tenge",
            "displayName-count-other": "Kazakhstango tenge",
            "symbol": "KZT",
            "symbol-alt-narrow": "₸"
          },
          "LAK": {
            "displayName": "Laoseko kipa",
            "displayName-count-one": "Laoseko kip",
            "displayName-count-other": "Laoseko kip",
            "symbol": "LAK",
            "symbol-alt-narrow": "₭"
          },
          "LBP": {
            "displayName": "Libanoko libera",
            "displayName-count-one": "Libanoko libera",
            "displayName-count-other": "Libanoko libera",
            "symbol": "LBP",
            "symbol-alt-narrow": "L£"
          },
          "LKR": {
            "displayName": "Sri Lankako errupia",
            "displayName-count-one": "Sri Lankako errupia",
            "displayName-count-other": "Sri Lankako errupia",
            "symbol": "LKR",
            "symbol-alt-narrow": "Rs"
          },
          "LRD": {
            "displayName": "Liberiako dolarra",
            "displayName-count-one": "Liberiako dolar",
            "displayName-count-other": "Liberiako dolar",
            "symbol": "LRD",
            "symbol-alt-narrow": "$"
          },
          "LSL": {
            "displayName": "Lesothoko lotia",
            "symbol": "LSL"
          },
          "LTL": {
            "displayName": "Lituaniako litasa",
            "displayName-count-one": "Lituaniako litas",
            "displayName-count-other": "Lituaniako litas",
            "symbol": "LTL",
            "symbol-alt-narrow": "Lt"
          },
          "LTT": {
            "displayName": "LTT",
            "symbol": "LTT"
          },
          "LUC": {
            "displayName": "LUC",
            "symbol": "LUC"
          },
          "LUF": {
            "displayName": "LUF",
            "symbol": "LUF"
          },
          "LUL": {
            "displayName": "LUL",
            "symbol": "LUL"
          },
          "LVL": {
            "displayName": "Letoniako latsa",
            "displayName-count-one": "Letoniako lats",
            "displayName-count-other": "Letoniako lats",
            "symbol": "LVL",
            "symbol-alt-narrow": "Ls"
          },
          "LVR": {
            "displayName": "LVR",
            "symbol": "LVR"
          },
          "LYD": {
            "displayName": "Libiako dinarra",
            "displayName-count-one": "Libiako dinar",
            "displayName-count-other": "Libiako dinar",
            "symbol": "LYD"
          },
          "MAD": {
            "displayName": "Marokoko dirhama",
            "displayName-count-one": "Marokoko dirham",
            "displayName-count-other": "Marokoko dirham",
            "symbol": "MAD"
          },
          "MAF": {
            "displayName": "MAF",
            "symbol": "MAF"
          },
          "MCF": {
            "displayName": "MCF",
            "symbol": "MCF"
          },
          "MDC": {
            "displayName": "MDC",
            "symbol": "MDC"
          },
          "MDL": {
            "displayName": "Moldaviako leua",
            "displayName-count-one": "Moldaviako leu",
            "displayName-count-other": "Moldaviako leu",
            "symbol": "MDL"
          },
          "MGA": {
            "displayName": "Madagaskarreko ariarya",
            "displayName-count-one": "Madagaskarreko ariary",
            "displayName-count-other": "Madagaskarreko ariary",
            "symbol": "MGA",
            "symbol-alt-narrow": "Ar"
          },
          "MGF": {
            "displayName": "MGF",
            "symbol": "MGF"
          },
          "MKD": {
            "displayName": "Mazedoniako denara",
            "displayName-count-one": "Mazedoniako dinar",
            "displayName-count-other": "Mazedoniako dinar",
            "symbol": "MKD"
          },
          "MKN": {
            "displayName": "MKN",
            "symbol": "MKN"
          },
          "MLF": {
            "displayName": "MLF",
            "symbol": "MLF"
          },
          "MMK": {
            "displayName": "Myanmarreko kyata",
            "displayName-count-one": "Myanmarreko kyat",
            "displayName-count-other": "Myanmarreko kyat",
            "symbol": "MMK",
            "symbol-alt-narrow": "K"
          },
          "MNT": {
            "displayName": "Mongoliako tugrika",
            "displayName-count-one": "Mongoliako tugrik",
            "displayName-count-other": "Mongoliako tugrik",
            "symbol": "MNT",
            "symbol-alt-narrow": "₮"
          },
          "MOP": {
            "displayName": "Macanako pataca",
            "displayName-count-one": "Macanako pataca",
            "displayName-count-other": "Macanako pataca",
            "symbol": "MOP"
          },
          "MRO": {
            "displayName": "Mauritaniako ouguiya",
            "displayName-count-one": "Mauritaniako ouguiya",
            "displayName-count-other": "Mauritaniako ouguiya",
            "symbol": "MRO"
          },
          "MTL": {
            "displayName": "MTL",
            "symbol": "MTL"
          },
          "MTP": {
            "displayName": "MTP",
            "symbol": "MTP"
          },
          "MUR": {
            "displayName": "Maurizio uharteetako errupia",
            "displayName-count-one": "Maurizio uharteetako errupia",
            "displayName-count-other": "Maurizio uharteetako errupia",
            "symbol": "MUR",
            "symbol-alt-narrow": "Rs"
          },
          "MVR": {
            "displayName": "Maldivetako rufiyaa",
            "displayName-count-one": "Maldivetako rufiyaa",
            "displayName-count-other": "Maldivetako rufiyaa",
            "symbol": "MVR"
          },
          "MWK": {
            "displayName": "Malawiko kwacha",
            "displayName-count-one": "Malawiko kwacha",
            "displayName-count-other": "Malawiko kwacha",
            "symbol": "MWK"
          },
          "MXN": {
            "displayName": "Mexikoko pesoa",
            "displayName-count-one": "Mexikoko peso",
            "displayName-count-other": "Mexikoko peso",
            "symbol": "MX$",
            "symbol-alt-narrow": "$"
          },
          "MXP": {
            "displayName": "MXP",
            "symbol": "MXP"
          },
          "MXV": {
            "displayName": "MXV",
            "symbol": "MXV"
          },
          "MYR": {
            "displayName": "Malaysiako ringgita",
            "displayName-count-one": "Malaysiako ringgit",
            "displayName-count-other": "Malaysiako ringgit",
            "symbol": "MYR",
            "symbol-alt-narrow": "RM"
          },
          "MZE": {
            "displayName": "MZE",
            "symbol": "MZE"
          },
          "MZM": {
            "displayName": "MZM",
            "symbol": "MZM"
          },
          "MZN": {
            "displayName": "Mozambikeko metikala",
            "displayName-count-one": "Mozambikeko metikal",
            "displayName-count-other": "Mozambikeko metikal",
            "symbol": "MZN"
          },
          "NAD": {
            "displayName": "Namibiako dolarra",
            "displayName-count-one": "Namibiako dolar",
            "displayName-count-other": "Namibiako dolar",
            "symbol": "NAD",
            "symbol-alt-narrow": "$"
          },
          "NGN": {
            "displayName": "Nigeriako naira",
            "displayName-count-one": "Nigeriako naira",
            "displayName-count-other": "Nigeriako naira",
            "symbol": "NGN",
            "symbol-alt-narrow": "₦"
          },
          "NIC": {
            "displayName": "NIC",
            "symbol": "NIC"
          },
          "NIO": {
            "displayName": "Nikaraguako cordoba",
            "displayName-count-one": "Nikaraguako cordoba",
            "displayName-count-other": "Nikaraguako cordoba",
            "symbol": "NIO",
            "symbol-alt-narrow": "C$"
          },
          "NLG": {
            "displayName": "NLG",
            "symbol": "NLG"
          },
          "NOK": {
            "displayName": "Norvegiako koroa",
            "displayName-count-one": "Norvegiako koroa",
            "displayName-count-other": "Norvegiako koroa",
            "symbol": "NOK",
            "symbol-alt-narrow": "kr"
          },
          "NPR": {
            "displayName": "Nepalgo errupia",
            "displayName-count-one": "Nepalgo errupia",
            "displayName-count-other": "Nepalgo errupia",
            "symbol": "NPR",
            "symbol-alt-narrow": "Rs"
          },
          "NZD": {
            "displayName": "Zeelanda Berriko dolarra",
            "displayName-count-one": "Zeelanda Berriko dolar",
            "displayName-count-other": "Zeelanda Berriko dolar",
            "symbol": "NZ$",
            "symbol-alt-narrow": "$"
          },
          "OMR": {
            "displayName": "Omango riala",
            "displayName-count-one": "Omango rial",
            "displayName-count-other": "Omango rial",
            "symbol": "OMR"
          },
          "PAB": {
            "displayName": "Panamako balboa",
            "displayName-count-one": "Panamako balboa",
            "displayName-count-other": "Panamako balboa",
            "symbol": "PAB"
          },
          "PEI": {
            "displayName": "PEI",
            "symbol": "PEI"
          },
          "PEN": {
            "displayName": "Peruko sol berria",
            "displayName-count-one": "Peruko sol berri",
            "displayName-count-other": "Peruko sol berri",
            "symbol": "PEN"
          },
          "PES": {
            "displayName": "PES",
            "symbol": "PES"
          },
          "PGK": {
            "displayName": "Papua Ginea Berriko kina",
            "displayName-count-one": "Papua Ginea Berriko kina",
            "displayName-count-other": "Papua Ginea Berriko kina",
            "symbol": "PGK"
          },
          "PHP": {
            "displayName": "Filipinetako pesoa",
            "displayName-count-one": "Filipinetako peso",
            "displayName-count-other": "Filipinetako peso",
            "symbol": "PHP",
            "symbol-alt-narrow": "₱"
          },
          "PKR": {
            "displayName": "Pakistango errupia",
            "displayName-count-one": "Pakistango errupia",
            "displayName-count-other": "Pakistango errupia",
            "symbol": "PKR",
            "symbol-alt-narrow": "Rs"
          },
          "PLN": {
            "displayName": "Poloniako zlotya",
            "displayName-count-one": "Poloniako zloty",
            "displayName-count-other": "Poloniako zloty",
            "symbol": "PLN",
            "symbol-alt-narrow": "zł"
          },
          "PLZ": {
            "displayName": "PLZ",
            "symbol": "PLZ"
          },
          "PTE": {
            "displayName": "PTE",
            "symbol": "PTE"
          },
          "PYG": {
            "displayName": "Paraguaiko guarania",
            "displayName-count-one": "Paraguaiko guarani",
            "displayName-count-other": "Paraguaiko guarani",
            "symbol": "PYG",
            "symbol-alt-narrow": "₲"
          },
          "QAR": {
            "displayName": "Qatarreko riala",
            "displayName-count-one": "Qatarreko rial",
            "displayName-count-other": "Qatarreko rial",
            "symbol": "QAR"
          },
          "RHD": {
            "displayName": "RHD",
            "symbol": "RHD"
          },
          "ROL": {
            "displayName": "ROL",
            "symbol": "ROL"
          },
          "RON": {
            "displayName": "Errumaniako leua",
            "displayName-count-one": "Errumaniako leu",
            "displayName-count-other": "Errumaniako leu",
            "symbol": "RON"
          },
          "RSD": {
            "displayName": "Serbiako dinarra",
            "displayName-count-one": "Serbiako dinar",
            "displayName-count-other": "Serbiako dinar",
            "symbol": "RSD"
          },
          "RUB": {
            "displayName": "Errusiako errubloa",
            "displayName-count-one": "Errusiako errublo",
            "displayName-count-other": "Errusiako errublo",
            "symbol": "RUB",
            "symbol-alt-narrow": "₽"
          },
          "RUR": {
            "displayName": "RUR",
            "symbol": "RUR",
            "symbol-alt-narrow": "р."
          },
          "RWF": {
            "displayName": "Ruandako frankoa",
            "displayName-count-one": "Ruandako franko",
            "displayName-count-other": "Ruandako franko",
            "symbol": "RWF",
            "symbol-alt-narrow": "RF"
          },
          "SAR": {
            "displayName": "Saudiko riala",
            "displayName-count-one": "Saudiko rial",
            "displayName-count-other": "Saudiko rial",
            "symbol": "SAR"
          },
          "SBD": {
            "displayName": "Salomon uharteetako dolarra",
            "displayName-count-one": "Salomon uharteetako dolar",
            "displayName-count-other": "Salomon uharteetako dolar",
            "symbol": "SBD",
            "symbol-alt-narrow": "$"
          },
          "SCR": {
            "displayName": "Seychelleetako errupia",
            "displayName-count-one": "Seychelleetako errupia",
            "displayName-count-other": "Seychelleetako errupia",
            "symbol": "SCR"
          },
          "SDD": {
            "displayName": "SDD",
            "symbol": "SDD"
          },
          "SDG": {
            "displayName": "Sudango libera",
            "displayName-count-one": "Sudango libera",
            "displayName-count-other": "Sudango libera",
            "symbol": "SDG"
          },
          "SDP": {
            "displayName": "SDP",
            "symbol": "SDP"
          },
          "SEK": {
            "displayName": "Suediako koroa",
            "displayName-count-one": "Suediako koroa",
            "displayName-count-other": "Suediako koroa",
            "symbol": "SEK",
            "symbol-alt-narrow": "kr"
          },
          "SGD": {
            "displayName": "Singapurreko dolarra",
            "displayName-count-one": "Singapurreko dolar",
            "displayName-count-other": "Singapurreko dolar",
            "symbol": "SGD",
            "symbol-alt-narrow": "$"
          },
          "SHP": {
            "displayName": "Santa Helenako libera",
            "displayName-count-one": "Santa Helenako libera",
            "displayName-count-other": "Santa Helenako libera",
            "symbol": "SHP",
            "symbol-alt-narrow": "£"
          },
          "SIT": {
            "displayName": "SIT",
            "symbol": "SIT"
          },
          "SKK": {
            "displayName": "SKK",
            "symbol": "SKK"
          },
          "SLL": {
            "displayName": "Sierra Leonako leona",
            "displayName-count-one": "Sierra Leonako leona",
            "displayName-count-other": "Sierra Leonako leona",
            "symbol": "SLL"
          },
          "SOS": {
            "displayName": "Somaliako txelina",
            "displayName-count-one": "Somaliako txelin",
            "displayName-count-other": "Somaliako txelin",
            "symbol": "SOS"
          },
          "SRD": {
            "displayName": "Surinameko dolarra",
            "displayName-count-one": "Surinameko dolar",
            "displayName-count-other": "Surinameko dolar",
            "symbol": "SRD",
            "symbol-alt-narrow": "$"
          },
          "SRG": {
            "displayName": "SRG",
            "symbol": "SRG"
          },
          "SSP": {
            "displayName": "Hego Sudango libera",
            "displayName-count-one": "Hego Sudango libera",
            "displayName-count-other": "Hego Sudango libera",
            "symbol": "SSP",
            "symbol-alt-narrow": "£"
          },
          "STD": {
            "displayName": "Sao Tomeko eta Principeko dobra",
            "displayName-count-one": "Sao Tomeko eta Principeko dobra",
            "displayName-count-other": "Sao Tomeko eta Principeko dobra",
            "symbol": "STD",
            "symbol-alt-narrow": "Db"
          },
          "SUR": {
            "displayName": "SUR",
            "symbol": "SUR"
          },
          "SVC": {
            "displayName": "SVC",
            "symbol": "SVC"
          },
          "SYP": {
            "displayName": "Siriako libera",
            "displayName-count-one": "Siriako libera",
            "displayName-count-other": "Siriako libera",
            "symbol": "SYP",
            "symbol-alt-narrow": "£"
          },
          "SZL": {
            "displayName": "Swaziko lilangenia",
            "displayName-count-one": "Swaziko lilangeni",
            "displayName-count-other": "Swaziko lilangeni",
            "symbol": "SZL"
          },
          "THB": {
            "displayName": "Thailandiako bahta",
            "displayName-count-one": "Thailandiako baht",
            "displayName-count-other": "Thailandiako baht",
            "symbol": "฿",
            "symbol-alt-narrow": "฿"
          },
          "TJR": {
            "displayName": "TJR",
            "symbol": "TJR"
          },
          "TJS": {
            "displayName": "Tajikistango somonia",
            "displayName-count-one": "Tajikistango somoni",
            "displayName-count-other": "Tajikistango somoni",
            "symbol": "TJS"
          },
          "TMM": {
            "displayName": "TMM",
            "symbol": "TMM"
          },
          "TMT": {
            "displayName": "Turkmenistango manata",
            "displayName-count-one": "Turkmenistango manat",
            "displayName-count-other": "Turkmenistango manat",
            "symbol": "TMT"
          },
          "TND": {
            "displayName": "Tunisiako dinarra",
            "displayName-count-one": "Tunisiako dinar",
            "displayName-count-other": "Tunisiako dinar",
            "symbol": "TND"
          },
          "TOP": {
            "displayName": "Tongako Paʻanga",
            "displayName-count-one": "Tongako Paʻanga",
            "displayName-count-other": "Tongako Paʻanga",
            "symbol": "TOP",
            "symbol-alt-narrow": "T$"
          },
          "TPE": {
            "displayName": "TPE",
            "symbol": "TPE"
          },
          "TRL": {
            "displayName": "TRL",
            "symbol": "TRL"
          },
          "TRY": {
            "displayName": "Turkiako lira",
            "displayName-count-one": "Turkiako lira",
            "displayName-count-other": "Turkiako lira",
            "symbol": "TRY",
            "symbol-alt-narrow": "₺",
            "symbol-alt-variant": "TL"
          },
          "TTD": {
            "displayName": "Trinidadeko eta Tobagoko dolarra",
            "displayName-count-one": "Trinidadeko eta Tobagoko dolar",
            "displayName-count-other": "Trinidadeko eta Tobagoko dolar",
            "symbol": "TTD",
            "symbol-alt-narrow": "$"
          },
          "TWD": {
            "displayName": "Taiwango dolar berria",
            "displayName-count-one": "Taiwango dolar berri",
            "displayName-count-other": "Taiwango dolar berri",
            "symbol": "NT$",
            "symbol-alt-narrow": "NT$"
          },
          "TZS": {
            "displayName": "Tanzaniako txelina",
            "displayName-count-one": "Tanzaniako txelin",
            "displayName-count-other": "Tanzaniako txelin",
            "symbol": "TZS"
          },
          "UAH": {
            "displayName": "Ukrainako hryvnia",
            "displayName-count-one": "Ukrainako hryvnia",
            "displayName-count-other": "Ukrainako hryvnia",
            "symbol": "UAH",
            "symbol-alt-narrow": "₴"
          },
          "UAK": {
            "displayName": "UAK",
            "symbol": "UAK"
          },
          "UGS": {
            "displayName": "UGS",
            "symbol": "UGS"
          },
          "UGX": {
            "displayName": "Ugandako txelina",
            "displayName-count-one": "Ugandako txelin",
            "displayName-count-other": "Ugandako txelin",
            "symbol": "UGX"
          },
          "USD": {
            "displayName": "AEBetako dolarra",
            "displayName-count-one": "AEBetako dolar",
            "displayName-count-other": "AEBetako dolar",
            "symbol": "US$",
            "symbol-alt-narrow": "$"
          },
          "USN": {
            "displayName": "USN",
            "symbol": "USN"
          },
          "USS": {
            "displayName": "USS",
            "symbol": "USS"
          },
          "UYI": {
            "displayName": "UYI",
            "symbol": "UYI"
          },
          "UYP": {
            "displayName": "UYP",
            "symbol": "UYP"
          },
          "UYU": {
            "displayName": "Uruguaiko pesoa",
            "displayName-count-one": "Uruguaiko peso",
            "displayName-count-other": "Uruguaiko peso",
            "symbol": "UYU",
            "symbol-alt-narrow": "$"
          },
          "UZS": {
            "displayName": "Uzbekistango soma",
            "displayName-count-one": "Uzbekistango som",
            "displayName-count-other": "Uzbekistango som",
            "symbol": "UZS"
          },
          "VEB": {
            "displayName": "VEB",
            "symbol": "VEB"
          },
          "VEF": {
            "displayName": "Venezuelako bolivarra",
            "displayName-count-one": "Venezuelako bolivar",
            "displayName-count-other": "Venezuelako bolivar",
            "symbol": "VEF",
            "symbol-alt-narrow": "Bs"
          },
          "VND": {
            "displayName": "Vietnameko donga",
            "displayName-count-one": "Vietnameko dong",
            "displayName-count-other": "Vietnameko dong",
            "symbol": "₫",
            "symbol-alt-narrow": "₫"
          },
          "VNN": {
            "displayName": "VNN",
            "symbol": "VNN"
          },
          "VUV": {
            "displayName": "Vanuatuko vatua",
            "displayName-count-one": "Vanuatuko vatu",
            "displayName-count-other": "Vanuatuko vatu",
            "symbol": "VUV"
          },
          "WST": {
            "displayName": "Samoko tala",
            "displayName-count-one": "Samoko tala",
            "displayName-count-other": "Samoko tala",
            "symbol": "WST"
          },
          "XAF": {
            "displayName": "Afrika erdialdeko frankoa BEAC",
            "displayName-count-one": "Afrika erdialdeko franko BEAC",
            "displayName-count-other": "Afrika erdialdeko franko BEAC",
            "symbol": "FCFA"
          },
          "XAG": {
            "displayName": "XAG",
            "symbol": "XAG"
          },
          "XAU": {
            "displayName": "XAU",
            "symbol": "XAU"
          },
          "XBA": {
            "displayName": "XBA",
            "symbol": "XBA"
          },
          "XBB": {
            "displayName": "XBB",
            "symbol": "XBB"
          },
          "XBC": {
            "displayName": "XBC",
            "symbol": "XBC"
          },
          "XBD": {
            "displayName": "XBD",
            "symbol": "XBD"
          },
          "XCD": {
            "displayName": "Karibe ekialdeko dolarra",
            "displayName-count-one": "Karibe ekialdeko dolar",
            "displayName-count-other": "Karibe ekialdeko dolar",
            "symbol": "EC$",
            "symbol-alt-narrow": "$"
          },
          "XDR": {
            "displayName": "XDR",
            "symbol": "XDR"
          },
          "XEU": {
            "displayName": "XEU",
            "symbol": "XEU"
          },
          "XFO": {
            "displayName": "XFO",
            "symbol": "XFO"
          },
          "XFU": {
            "displayName": "XFU",
            "symbol": "XFU"
          },
          "XOF": {
            "displayName": "Afrika ekialdeko frankoa BCEAO",
            "displayName-count-one": "Afrika ekialdeko franko BCEAO",
            "displayName-count-other": "Afrika ekialdeko franko BCEAO",
            "symbol": "CFA"
          },
          "XPD": {
            "displayName": "XPD",
            "symbol": "XPD"
          },
          "XPF": {
            "displayName": "CFP frankoa",
            "displayName-count-one": "CFP franko",
            "displayName-count-other": "CFP franko",
            "symbol": "CFPF"
          },
          "XPT": {
            "displayName": "XPT",
            "symbol": "XPT"
          },
          "XRE": {
            "displayName": "XRE",
            "symbol": "XRE"
          },
          "XSU": {
            "displayName": "XSU",
            "symbol": "XSU"
          },
          "XTS": {
            "displayName": "XTS",
            "symbol": "XTS"
          },
          "XUA": {
            "displayName": "XUA",
            "symbol": "XUA"
          },
          "XXX": {
            "displayName": "Moneta ezezaguna",
            "displayName-count-one": "(moneta ezezaguna)",
            "displayName-count-other": "(moneta ezezaguna)",
            "symbol": "XXX"
          },
          "YDD": {
            "displayName": "YDD",
            "symbol": "YDD"
          },
          "YER": {
            "displayName": "Yemengo riala",
            "displayName-count-one": "Yemengo rial",
            "displayName-count-other": "Yemengo rial",
            "symbol": "YER"
          },
          "YUD": {
            "displayName": "YUD",
            "symbol": "YUD"
          },
          "YUM": {
            "displayName": "YUM",
            "symbol": "YUM"
          },
          "YUN": {
            "displayName": "YUN",
            "symbol": "YUN"
          },
          "YUR": {
            "displayName": "YUR",
            "symbol": "YUR"
          },
          "ZAL": {
            "displayName": "ZAL",
            "symbol": "ZAL"
          },
          "ZAR": {
            "displayName": "Hegoafrikako randa",
            "displayName-count-one": "Hegoafrikako randa",
            "displayName-count-other": "Hegoafrikako randa",
            "symbol": "ZAR",
            "symbol-alt-narrow": "R"
          },
          "ZMK": {
            "displayName": "Zambiako kwacha (1968–2012)",
            "symbol": "ZMK"
          },
          "ZMW": {
            "displayName": "Zambiako kwacha",
            "displayName-count-one": "Zambiako kwacha",
            "displayName-count-other": "Zambiako kwacha",
            "symbol": "ZMW",
            "symbol-alt-narrow": "ZK"
          },
          "ZRN": {
            "displayName": "ZRN",
            "symbol": "ZRN"
          },
          "ZRZ": {
            "displayName": "ZRZ",
            "symbol": "ZRZ"
          },
          "ZWD": {
            "displayName": "ZWD",
            "symbol": "ZWD"
          },
          "ZWL": {
            "displayName": "ZWL",
            "symbol": "ZWL"
          },
          "ZWR": {
            "displayName": "ZWR",
            "symbol": "ZWR"
          }
        }
      }
    }
  }
}
