{
  "main": {
    "eu": {
      "identity": {
        "version": {
          "_number": "$Revision: 12293 $",
          "_cldrVersion": "29"
        },
        "language": "eu"
      },
      "numbers": {
        "defaultNumberingSystem": "latn",
        "otherNumberingSystems": {
          "native": "latn"
        },
        "minimumGroupingDigits": "1",
        "symbols-numberSystem-latn": {
          "decimal": ",",
          "group": ".",
          "list": ";",
          "percentSign": "%",
          "plusSign": "+",
          "minusSign": "-",
          "exponential": "E",
          "superscriptingExponent": "×",
          "perMille": "‰",
          "infinity": "∞",
          "nan": "NaN",
          "timeSeparator": ":"
        },
        "decimalFormats-numberSystem-latn": {
          "standard": "#,##0.###",
          "long": {
            "decimalFormat": {
              "1000-count-one": "0000",
              "1000-count-other": "0000",
              "10000-count-one": "00000",
              "10000-count-other": "00000",
              "100000-count-one": "000000",
              "100000-count-other": "000000",
              "1000000-count-one": "0 milioi",
              "1000000-count-other": "0 milioi",
              "10000000-count-one": "00 milioi",
              "10000000-count-other": "00 milioi",
              "100000000-count-one": "000 milioi",
              "100000000-count-other": "000 milioi",
              "1000000000-count-one": "0000 milioi",
              "1000000000-count-other": "0000 milioi",
              "10000000000-count-one": "00000 milioi",
              "10000000000-count-other": "00000 milioi",
              "100000000000-count-one": "000000 milioi",
              "100000000000-count-other": "000000 milioi",
              "1000000000000-count-one": "0 bilioi",
              "1000000000000-count-other": "0 bilioi",
              "10000000000000-count-one": "00 bilioi",
              "10000000000000-count-other": "00 bilioi",
              "100000000000000-count-one": "000 bilioi",
              "100000000000000-count-other": "000 bilioi"
            }
          },
          "short": {
            "decimalFormat": {
              "1000-count-one": "0000",
              "1000-count-other": "0000",
              "10000-count-one": "00000",
              "10000-count-other": "00000",
              "100000-count-one": "000000",
              "100000-count-other": "000000",
              "1000000-count-one": "0 M",
              "1000000-count-other": "0 M",
              "10000000-count-one": "00 M",
              "10000000-count-other": "00 M",
              "100000000-count-one": "000 M",
              "100000000-count-other": "000 M",
              "1000000000-count-one": "0000 M",
              "1000000000-count-other": "0000 M",
              "10000000000-count-one": "00000 M",
              "10000000000-count-other": "00000 M",
              "100000000000-count-one": "000000 M",
              "100000000000-count-other": "000000 M",
              "1000000000000-count-one": "0 B",
              "1000000000000-count-other": "0 B",
              "10000000000000-count-one": "00 B",
              "10000000000000-count-other": "00 B",
              "100000000000000-count-one": "000 B",
              "100000000000000-count-other": "000 B"
            }
          }
        },
        "scientificFormats-numberSystem-latn": {
          "standard": "#E0"
        },
        "percentFormats-numberSystem-latn": {
          "standard": "% #,##0"
        },
        "currencyFormats-numberSystem-latn": {
          "currencySpacing": {
            "beforeCurrency": {
              "currencyMatch": "[:^S:]",
              "surroundingMatch": "[:digit:]",
              "insertBetween": " "
            },
            "afterCurrency": {
              "currencyMatch": "[:^S:]",
              "surroundingMatch": "[:digit:]",
              "insertBetween": " "
            }
          },
          "standard": "#,##0.00 ¤",
          "accounting": "#,##0.00 ¤;(#,##0.00 ¤)",
          "short": {
            "standard": {
              "1000-count-other": "¤ 0K",
              "10000-count-other": "¤ 00K",
              "100000-count-other": "¤ 000K",
              "1000000-count-other": "¤ 0M",
              "10000000-count-other": "¤ 00M",
              "100000000-count-other": "¤ 000M",
              "1000000000-count-other": "¤ 0G",
              "10000000000-count-other": "¤ 00G",
              "100000000000-count-other": "¤ 000G",
              "1000000000000-count-other": "¤ 0T",
              "10000000000000-count-other": "¤ 00T",
              "100000000000000-count-other": "¤ 000T"
            }
          },
          "unitPattern-count-one": "{0} {1}",
          "unitPattern-count-other": "{0} {1}"
        },
        "miscPatterns-numberSystem-latn": {
          "atLeast": "{0}+",
          "range": "{0}–{1}"
        }
      }
    }
  }
}
