{
  "main": {
    "ml": {
      "identity": {
        "version": {
          "_number": "$Revision: 12293 $",
          "_cldrVersion": "29"
        },
        "language": "ml"
      },
      "numbers": {
        "defaultNumberingSystem": "latn",
        "otherNumberingSystems": {
          "native": "mlym"
        },
        "minimumGroupingDigits": "1",
        "symbols-numberSystem-latn": {
          "decimal": ".",
          "group": ",",
          "list": ";",
          "percentSign": "%",
          "plusSign": "+",
          "minusSign": "-",
          "exponential": "E",
          "superscriptingExponent": "×",
          "perMille": "‰",
          "infinity": "∞",
          "nan": "NaN",
          "timeSeparator": ":"
        },
        "symbols-numberSystem-mlym": {
          "decimal": ".",
          "group": ",",
          "list": ";",
          "percentSign": "%",
          "plusSign": "+",
          "minusSign": "-",
          "exponential": "E",
          "superscriptingExponent": "×",
          "perMille": "‰",
          "infinity": "∞",
          "nan": "സംഖ്യയല്ല",
          "timeSeparator": ":"
        },
        "decimalFormats-numberSystem-latn": {
          "standard": "#,##,##0.###",
          "long": {
            "decimalFormat": {
              "1000-count-one": "0 ആയിരം",
              "1000-count-other": "0 ആയിരം",
              "10000-count-one": "00 ആയിരം",
              "10000-count-other": "00 ആയിരം",
              "100000-count-one": "000 ആയിരം",
              "100000-count-other": "000 ആയിരം",
              "1000000-count-one": "0 ദശലക്ഷം",
              "1000000-count-other": "0 ദശലക്ഷം",
              "10000000-count-one": "00 ദശലക്ഷം",
              "10000000-count-other": "00 ദശലക്ഷം",
              "100000000-count-one": "000 ദശലക്ഷം",
              "100000000-count-other": "000 ദശലക്ഷം",
              "1000000000-count-one": "0 ലക്ഷം കോടി",
              "1000000000-count-other": "0 ലക്ഷം കോടി",
              "10000000000-count-one": "00 ലക്ഷം കോടി",
              "10000000000-count-other": "00 ലക്ഷം കോടി",
              "100000000000-count-one": "000 ലക്ഷം കോടി",
              "100000000000-count-other": "000 ലക്ഷം കോടി",
              "1000000000000-count-one": "0 ട്രില്യൺ",
              "1000000000000-count-other": "0 ട്രില്യൺ",
              "10000000000000-count-one": "00 ട്രില്യൺ",
              "10000000000000-count-other": "00 ട്രില്യൺ",
              "100000000000000-count-one": "000 ട്രില്യൺ",
              "100000000000000-count-other": "000 ട്രില്യൺ"
            }
          },
          "short": {
            "decimalFormat": {
              "1000-count-one": "0K",
              "1000-count-other": "0K",
              "10000-count-one": "00K",
              "10000-count-other": "00K",
              "100000-count-one": "000K",
              "100000-count-other": "000K",
              "1000000-count-one": "0M",
              "1000000-count-other": "0M",
              "10000000-count-one": "00M",
              "10000000-count-other": "00M",
              "100000000-count-one": "000M",
              "100000000-count-other": "000M",
              "1000000000-count-one": "0B",
              "1000000000-count-other": "0B",
              "10000000000-count-one": "00B",
              "10000000000-count-other": "00B",
              "100000000000-count-one": "000B",
              "100000000000-count-other": "000B",
              "1000000000000-count-one": "0T",
              "1000000000000-count-other": "0T",
              "10000000000000-count-one": "00T",
              "10000000000000-count-other": "00T",
              "100000000000000-count-one": "000T",
              "100000000000000-count-other": "000T"
            }
          }
        },
        "decimalFormats-numberSystem-mlym": {
          "standard": "#,##,##0.###",
          "long": {
            "decimalFormat": {
              "1000-count-one": "0 ആയിരം",
              "1000-count-other": "0 ആയിരം",
              "10000-count-one": "00 ആയിരം",
              "10000-count-other": "00 ആയിരം",
              "100000-count-one": "000 ആയിരം",
              "100000-count-other": "000 ആയിരം",
              "1000000-count-one": "0 ദശലക്ഷം",
              "1000000-count-other": "0 ദശലക്ഷം",
              "10000000-count-one": "00 ദശലക്ഷം",
              "10000000-count-other": "00 ദശലക്ഷം",
              "100000000-count-one": "000 ദശലക്ഷം",
              "100000000-count-other": "000 ദശലക്ഷം",
              "1000000000-count-one": "0 ലക്ഷം കോടി",
              "1000000000-count-other": "0 ലക്ഷം കോടി",
              "10000000000-count-one": "00 ലക്ഷം കോടി",
              "10000000000-count-other": "00 ലക്ഷം കോടി",
              "100000000000-count-one": "000 ലക്ഷം കോടി",
              "100000000000-count-other": "000 ലക്ഷം കോടി",
              "1000000000000-count-one": "0 ട്രില്യൺ",
              "1000000000000-count-other": "0 ട്രില്യൺ",
              "10000000000000-count-one": "00 ട്രില്യൺ",
              "10000000000000-count-other": "00 ട്രില്യൺ",
              "100000000000000-count-one": "000 ട്രില്യൺ",
              "100000000000000-count-other": "000 ട്രില്യൺ"
            }
          },
          "short": {
            "decimalFormat": {
              "1000-count-one": "0K",
              "1000-count-other": "0K",
              "10000-count-one": "00K",
              "10000-count-other": "00K",
              "100000-count-one": "000K",
              "100000-count-other": "000K",
              "1000000-count-one": "0M",
              "1000000-count-other": "0M",
              "10000000-count-one": "00M",
              "10000000-count-other": "00M",
              "100000000-count-one": "000M",
              "100000000-count-other": "000M",
              "1000000000-count-one": "0B",
              "1000000000-count-other": "0B",
              "10000000000-count-one": "00B",
              "10000000000-count-other": "00B",
              "100000000000-count-one": "000B",
              "100000000000-count-other": "000B",
              "1000000000000-count-one": "0T",
              "1000000000000-count-other": "0T",
              "10000000000000-count-one": "00T",
              "10000000000000-count-other": "00T",
              "100000000000000-count-one": "000T",
              "100000000000000-count-other": "000T"
            }
          }
        },
        "scientificFormats-numberSystem-latn": {
          "standard": "#E0"
        },
        "scientificFormats-numberSystem-mlym": {
          "standard": "#E0"
        },
        "percentFormats-numberSystem-latn": {
          "standard": "#,##0%"
        },
        "percentFormats-numberSystem-mlym": {
          "standard": "#,##0%"
        },
        "currencyFormats-numberSystem-latn": {
          "currencySpacing": {
            "beforeCurrency": {
              "currencyMatch": "[:^S:]",
              "surroundingMatch": "[:digit:]",
              "insertBetween": " "
            },
            "afterCurrency": {
              "currencyMatch": "[:^S:]",
              "surroundingMatch": "[:digit:]",
              "insertBetween": " "
            }
          },
          "standard": "¤#,##0.00",
          "accounting": "¤#,##0.00;(¤#,##0.00)",
          "short": {
            "standard": {
              "1000-count-one": "¤0K",
              "1000-count-other": "¤0K",
              "10000-count-one": "¤00K",
              "10000-count-other": "¤00K",
              "100000-count-one": "¤000K",
              "100000-count-other": "¤000K",
              "1000000-count-one": "¤0M",
              "1000000-count-other": "¤0M",
              "10000000-count-one": "¤00M",
              "10000000-count-other": "¤00M",
              "100000000-count-one": "¤000M",
              "100000000-count-other": "¤000M",
              "1000000000-count-one": "¤0B",
              "1000000000-count-other": "¤0B",
              "10000000000-count-one": "¤00B",
              "10000000000-count-other": "¤00B",
              "100000000000-count-one": "¤000B",
              "100000000000-count-other": "¤000B",
              "1000000000000-count-one": "¤0T",
              "1000000000000-count-other": "¤0T",
              "10000000000000-count-one": "¤00T",
              "10000000000000-count-other": "¤00T",
              "100000000000000-count-one": "¤000T",
              "100000000000000-count-other": "¤000T"
            }
          },
          "unitPattern-count-one": "{0} {1}",
          "unitPattern-count-other": "{0} {1}"
        },
        "currencyFormats-numberSystem-mlym": {
          "currencySpacing": {
            "beforeCurrency": {
              "currencyMatch": "[:^S:]",
              "surroundingMatch": "[:digit:]",
              "insertBetween": " "
            },
            "afterCurrency": {
              "currencyMatch": "[:^S:]",
              "surroundingMatch": "[:digit:]",
              "insertBetween": " "
            }
          },
          "standard": "¤#,##0.00",
          "accounting": "¤#,##0.00;(¤#,##0.00)",
          "short": {
            "standard": {
              "1000-count-one": "¤0K",
              "1000-count-other": "¤0K",
              "10000-count-one": "¤00K",
              "10000-count-other": "¤00K",
              "100000-count-one": "¤000K",
              "100000-count-other": "¤000K",
              "1000000-count-one": "¤0M",
              "1000000-count-other": "¤0M",
              "10000000-count-one": "¤00M",
              "10000000-count-other": "¤00M",
              "100000000-count-one": "¤000M",
              "100000000-count-other": "¤000M",
              "1000000000-count-one": "¤0B",
              "1000000000-count-other": "¤0B",
              "10000000000-count-one": "¤00B",
              "10000000000-count-other": "¤00B",
              "100000000000-count-one": "¤000B",
              "100000000000-count-other": "¤000B",
              "1000000000000-count-one": "¤0T",
              "1000000000000-count-other": "¤0T",
              "10000000000000-count-one": "¤00T",
              "10000000000000-count-other": "¤00T",
              "100000000000000-count-one": "¤000T",
              "100000000000000-count-other": "¤000T"
            }
          },
          "unitPattern-count-one": "{0} {1}",
          "unitPattern-count-other": "{0} {1}"
        },
        "miscPatterns-numberSystem-latn": {
          "atLeast": "{0}+",
          "range": "{0}-{1}"
        },
        "miscPatterns-numberSystem-mlym": {
          "atLeast": "{0}+",
          "range": "{0}-{1}"
        }
      }
    }
  }
}
