{
  "main": {
    "mk": {
      "identity": {
        "version": {
          "_number": "$Revision: 12411 $",
          "_cldrVersion": "29"
        },
        "language": "mk"
      },
      "numbers": {
        "defaultNumberingSystem": "latn",
        "otherNumberingSystems": {
          "native": "latn"
        },
        "minimumGroupingDigits": "1",
        "symbols-numberSystem-latn": {
          "decimal": ",",
          "group": ".",
          "list": ";",
          "percentSign": "%",
          "plusSign": "+",
          "minusSign": "-",
          "exponential": "E",
          "superscriptingExponent": "×",
          "perMille": "‰",
          "infinity": "∞",
          "nan": "NaN",
          "timeSeparator": ":"
        },
        "decimalFormats-numberSystem-latn": {
          "standard": "#,##0.###",
          "long": {
            "decimalFormat": {
              "1000-count-one": "0 илјада",
              "1000-count-other": "0 илјади",
              "10000-count-one": "00 илјади",
              "10000-count-other": "00 илјади",
              "100000-count-one": "000 илјади",
              "100000-count-other": "000 илјади",
              "1000000-count-one": "0 милион",
              "1000000-count-other": "0 милиони",
              "10000000-count-one": "00 милиони",
              "10000000-count-other": "00 милиони",
              "100000000-count-one": "000 милиони",
              "100000000-count-other": "000 милиони",
              "1000000000-count-one": "0 милијарда",
              "1000000000-count-other": "0 милијарди",
              "10000000000-count-one": "00 милијарди",
              "10000000000-count-other": "00 милијарди",
              "100000000000-count-one": "000 милијарди",
              "100000000000-count-other": "000 милијарди",
              "1000000000000-count-one": "0 трилион",
              "1000000000000-count-other": "0 трилиони",
              "10000000000000-count-one": "00 трилиони",
              "10000000000000-count-other": "00 трилиони",
              "100000000000000-count-one": "000 трилиони",
              "100000000000000-count-other": "000 трилиони"
            }
          },
          "short": {
            "decimalFormat": {
              "1000-count-one": "0 илј'.'",
              "1000-count-other": "0 илј'.'",
              "10000-count-one": "00 илј'.'",
              "10000-count-other": "00 илј'.'",
              "100000-count-one": "000 илј'.'",
              "100000-count-other": "000 илј'.'",
              "1000000-count-one": "0 мил'.'",
              "1000000-count-other": "0 мил'.'",
              "10000000-count-one": "00 мил'.'",
              "10000000-count-other": "00 мил'.'",
              "100000000-count-one": "000 М",
              "100000000-count-other": "000 М",
              "1000000000-count-one": "0 милј'.'",
              "1000000000-count-other": "0 милј'.'",
              "10000000000-count-one": "00 милј'.'",
              "10000000000-count-other": "00 милј'.'",
              "100000000000-count-one": "000 мј'.'",
              "100000000000-count-other": "000 милј'.'",
              "1000000000000-count-one": "0 трил'.'",
              "1000000000000-count-other": "0 трил'.'",
              "10000000000000-count-one": "00 трил'.'",
              "10000000000000-count-other": "00 трил'.'",
              "100000000000000-count-one": "000 трил'.'",
              "100000000000000-count-other": "000 трил'.'"
            }
          }
        },
        "scientificFormats-numberSystem-latn": {
          "standard": "#E0"
        },
        "percentFormats-numberSystem-latn": {
          "standard": "#,##0%"
        },
        "currencyFormats-numberSystem-latn": {
          "currencySpacing": {
            "beforeCurrency": {
              "currencyMatch": "[:^S:]",
              "surroundingMatch": "[:digit:]",
              "insertBetween": " "
            },
            "afterCurrency": {
              "currencyMatch": "[:^S:]",
              "surroundingMatch": "[:digit:]",
              "insertBetween": " "
            }
          },
          "standard": "¤ #,##0.00",
          "accounting": "¤ #,##0.00",
          "short": {
            "standard": {
              "1000-count-other": "¤ 0K",
              "10000-count-other": "¤ 00K",
              "100000-count-other": "¤ 000K",
              "1000000-count-other": "¤ 0M",
              "10000000-count-other": "¤ 00M",
              "100000000-count-other": "¤ 000M",
              "1000000000-count-other": "¤ 0G",
              "10000000000-count-other": "¤ 00G",
              "100000000000-count-other": "¤ 000G",
              "1000000000000-count-other": "¤ 0T",
              "10000000000000-count-other": "¤ 00T",
              "100000000000000-count-other": "¤ 000T"
            }
          },
          "unitPattern-count-one": "{0} {1}",
          "unitPattern-count-other": "{0} {1}"
        },
        "miscPatterns-numberSystem-latn": {
          "atLeast": "{0}+",
          "range": "{0}–{1}"
        }
      }
    }
  }
}
