{
  "main": {
    "yue": {
      "identity": {
        "version": {
          "_number": "$Revision: 12347 $",
          "_cldrVersion": "29"
        },
        "language": "yue"
      },
      "numbers": {
        "defaultNumberingSystem": "latn",
        "otherNumberingSystems": {
          "native": "hanidec",
          "traditional": "hant",
          "finance": "hantfin"
        },
        "minimumGroupingDigits": "1",
        "symbols-numberSystem-hanidec": {
          "decimal": ".",
          "group": ",",
          "list": ";",
          "percentSign": "%",
          "plusSign": "+",
          "minusSign": "-",
          "exponential": "E",
          "superscriptingExponent": "×",
          "perMille": "‰",
          "infinity": "∞",
          "nan": "非數值",
          "timeSeparator": ":"
        },
        "symbols-numberSystem-latn": {
          "decimal": ".",
          "group": ",",
          "list": ";",
          "percentSign": "%",
          "plusSign": "+",
          "minusSign": "-",
          "exponential": "E",
          "superscriptingExponent": "×",
          "perMille": "‰",
          "infinity": "∞",
          "nan": "非數值",
          "timeSeparator": ":"
        },
        "decimalFormats-numberSystem-hanidec": {
          "standard": "#,##0.###",
          "long": {
            "decimalFormat": {
              "1000-count-other": "0",
              "10000-count-other": "0萬",
              "100000-count-other": "00萬",
              "1000000-count-other": "000萬",
              "10000000-count-other": "0000萬",
              "100000000-count-other": "0億",
              "1000000000-count-other": "00億",
              "10000000000-count-other": "000億",
              "100000000000-count-other": "0000億",
              "1000000000000-count-other": "0兆",
              "10000000000000-count-other": "00兆",
              "100000000000000-count-other": "000兆"
            }
          },
          "short": {
            "decimalFormat": {
              "1000-count-other": "0",
              "10000-count-other": "0萬",
              "100000-count-other": "00萬",
              "1000000-count-other": "000萬",
              "10000000-count-other": "0000萬",
              "100000000-count-other": "0億",
              "1000000000-count-other": "00億",
              "10000000000-count-other": "000億",
              "100000000000-count-other": "0000億",
              "1000000000000-count-other": "0兆",
              "10000000000000-count-other": "00兆",
              "100000000000000-count-other": "000兆"
            }
          }
        },
        "decimalFormats-numberSystem-latn": {
          "standard": "#,##0.###",
          "long": {
            "decimalFormat": {
              "1000-count-other": "0",
              "10000-count-other": "0萬",
              "100000-count-other": "00萬",
              "1000000-count-other": "000萬",
              "10000000-count-other": "0000萬",
              "100000000-count-other": "0億",
              "1000000000-count-other": "00億",
              "10000000000-count-other": "000億",
              "100000000000-count-other": "0000億",
              "1000000000000-count-other": "0兆",
              "10000000000000-count-other": "00兆",
              "100000000000000-count-other": "000兆"
            }
          },
          "short": {
            "decimalFormat": {
              "1000-count-other": "0",
              "10000-count-other": "0萬",
              "100000-count-other": "00萬",
              "1000000-count-other": "000萬",
              "10000000-count-other": "0000萬",
              "100000000-count-other": "0億",
              "1000000000-count-other": "00億",
              "10000000000-count-other": "000億",
              "100000000000-count-other": "0000億",
              "1000000000000-count-other": "0兆",
              "10000000000000-count-other": "00兆",
              "100000000000000-count-other": "000兆"
            }
          }
        },
        "scientificFormats-numberSystem-hanidec": {
          "standard": "#E0"
        },
        "scientificFormats-numberSystem-latn": {
          "standard": "#E0"
        },
        "percentFormats-numberSystem-hanidec": {
          "standard": "#,##0%"
        },
        "percentFormats-numberSystem-latn": {
          "standard": "#,##0%"
        },
        "currencyFormats-numberSystem-hanidec": {
          "currencySpacing": {
            "beforeCurrency": {
              "currencyMatch": "[:^S:]",
              "surroundingMatch": "[:digit:]",
              "insertBetween": " "
            },
            "afterCurrency": {
              "currencyMatch": "[:^S:]",
              "surroundingMatch": "[:digit:]",
              "insertBetween": " "
            }
          },
          "standard": "¤#,##0.00",
          "accounting": "¤#,##0.00;(¤#,##0.00)",
          "short": {
            "standard": {
              "1000-count-other": "0",
              "10000-count-other": "¤0萬",
              "100000-count-other": "¤00萬",
              "1000000-count-other": "¤000萬",
              "10000000-count-other": "¤0000萬",
              "100000000-count-other": "¤0億",
              "1000000000-count-other": "¤00億",
              "10000000000-count-other": "¤000億",
              "100000000000-count-other": "¤0000億",
              "1000000000000-count-other": "¤0兆",
              "10000000000000-count-other": "¤00兆",
              "100000000000000-count-other": "¤000兆"
            }
          },
          "unitPattern-count-other": "{0} {1}"
        },
        "currencyFormats-numberSystem-latn": {
          "currencySpacing": {
            "beforeCurrency": {
              "currencyMatch": "[:^S:]",
              "surroundingMatch": "[:digit:]",
              "insertBetween": " "
            },
            "afterCurrency": {
              "currencyMatch": "[:^S:]",
              "surroundingMatch": "[:digit:]",
              "insertBetween": " "
            }
          },
          "standard": "¤#,##0.00",
          "accounting": "¤#,##0.00;(¤#,##0.00)",
          "short": {
            "standard": {
              "1000-count-other": "0",
              "10000-count-other": "¤0萬",
              "100000-count-other": "¤00萬",
              "1000000-count-other": "¤000萬",
              "10000000-count-other": "¤0000萬",
              "100000000-count-other": "¤0億",
              "1000000000-count-other": "¤00億",
              "10000000000-count-other": "¤000億",
              "100000000000-count-other": "¤0000億",
              "1000000000000-count-other": "¤0兆",
              "10000000000000-count-other": "¤00兆",
              "100000000000000-count-other": "¤000兆"
            }
          },
          "unitPattern-count-other": "{0} {1}"
        },
        "miscPatterns-numberSystem-hanidec": {
          "atLeast": "{0}+",
          "range": "{0}-{1}"
        },
        "miscPatterns-numberSystem-latn": {
          "atLeast": "{0}+",
          "range": "{0}-{1}"
        }
      }
    }
  }
}
