{
  "main": {
    "lb": {
      "identity": {
        "version": {
          "_number": "$Revision: 12307 $",
          "_cldrVersion": "29"
        },
        "language": "lb"
      },
      "numbers": {
        "defaultNumberingSystem": "latn",
        "otherNumberingSystems": {
          "native": "latn"
        },
        "minimumGroupingDigits": "1",
        "symbols-numberSystem-latn": {
          "decimal": ",",
          "group": ".",
          "list": ";",
          "percentSign": "%",
          "plusSign": "+",
          "minusSign": "-",
          "exponential": "E",
          "superscriptingExponent": "×",
          "perMille": "‰",
          "infinity": "∞",
          "nan": "NaN",
          "timeSeparator": ":"
        },
        "decimalFormats-numberSystem-latn": {
          "standard": "#,##0.###",
          "long": {
            "decimalFormat": {
              "1000-count-one": "0 Dausend",
              "1000-count-other": "0 Dausend",
              "10000-count-one": "00 Dausend",
              "10000-count-other": "00 Dausend",
              "100000-count-one": "000 Dausend",
              "100000-count-other": "000 Dausend",
              "1000000-count-one": "0 Millioun",
              "1000000-count-other": "0 Milliounen",
              "10000000-count-one": "00 Milliounen",
              "10000000-count-other": "00 Milliounen",
              "100000000-count-one": "000 Milliounen",
              "100000000-count-other": "000 Milliounen",
              "1000000000-count-one": "0 Milliard",
              "1000000000-count-other": "0 Milliarden",
              "10000000000-count-one": "00 Milliarden",
              "10000000000-count-other": "00 Milliarden",
              "100000000000-count-one": "000 Milliarden",
              "100000000000-count-other": "000 Milliarden",
              "1000000000000-count-one": "0 Billioun",
              "1000000000000-count-other": "0 Billiounen",
              "10000000000000-count-one": "00 Billiounen",
              "10000000000000-count-other": "00 Billiounen",
              "100000000000000-count-one": "000 Billiounen",
              "100000000000000-count-other": "000 Billiounen"
            }
          },
          "short": {
            "decimalFormat": {
              "1000-count-one": "0 Dsd'.'",
              "1000-count-other": "0 Dsd'.'",
              "10000-count-one": "00 Dsd'.'",
              "10000-count-other": "00 Dsd'.'",
              "100000-count-one": "000 Dsd'.'",
              "100000-count-other": "000 Dsd'.'",
              "1000000-count-one": "0 Mio'.'",
              "1000000-count-other": "0 Mio'.'",
              "10000000-count-one": "00 Mio'.'",
              "10000000-count-other": "00 Mio'.'",
              "100000000-count-one": "000 Mio'.'",
              "100000000-count-other": "000 Mio'.'",
              "1000000000-count-one": "0 Mrd'.'",
              "1000000000-count-other": "0 Mrd'.'",
              "10000000000-count-one": "00 Mrd'.'",
              "10000000000-count-other": "00 Mrd'.'",
              "100000000000-count-one": "000 Mrd'.'",
              "100000000000-count-other": "000 Mrd'.'",
              "1000000000000-count-one": "0 Bio'.'",
              "1000000000000-count-other": "0 Bio'.'",
              "10000000000000-count-one": "00 Bio'.'",
              "10000000000000-count-other": "00 Bio'.'",
              "100000000000000-count-one": "000 Bio'.'",
              "100000000000000-count-other": "000 Bio'.'"
            }
          }
        },
        "scientificFormats-numberSystem-latn": {
          "standard": "#E0"
        },
        "percentFormats-numberSystem-latn": {
          "standard": "#,##0 %"
        },
        "currencyFormats-numberSystem-latn": {
          "currencySpacing": {
            "beforeCurrency": {
              "currencyMatch": "[:^S:]",
              "surroundingMatch": "[:digit:]",
              "insertBetween": " "
            },
            "afterCurrency": {
              "currencyMatch": "[:^S:]",
              "surroundingMatch": "[:digit:]",
              "insertBetween": " "
            }
          },
          "standard": "#,##0.00 ¤",
          "accounting": "#,##0.00 ¤",
          "short": {
            "standard": {
              "1000-count-other": "¤ 0K",
              "10000-count-other": "¤ 00K",
              "100000-count-other": "¤ 000K",
              "1000000-count-other": "¤ 0M",
              "10000000-count-other": "¤ 00M",
              "100000000-count-other": "¤ 000M",
              "1000000000-count-other": "¤ 0G",
              "10000000000-count-other": "¤ 00G",
              "100000000000-count-other": "¤ 000G",
              "1000000000000-count-other": "¤ 0T",
              "10000000000000-count-other": "¤ 00T",
              "100000000000000-count-other": "¤ 000T"
            }
          },
          "unitPattern-count-one": "{0} {1}",
          "unitPattern-count-other": "{0} {1}"
        },
        "miscPatterns-numberSystem-latn": {
          "atLeast": "⩾ {0}",
          "range": "{0}–{1}"
        }
      }
    }
  }
}
