{
  "main": {
    "kn": {
      "identity": {
        "version": {
          "_number": "$Revision: 12293 $",
          "_cldrVersion": "29"
        },
        "language": "kn"
      },
      "numbers": {
        "defaultNumberingSystem": "latn",
        "otherNumberingSystems": {
          "native": "knda"
        },
        "minimumGroupingDigits": "1",
        "symbols-numberSystem-knda": {
          "decimal": ".",
          "group": ",",
          "list": ";",
          "percentSign": "%",
          "plusSign": "+",
          "minusSign": "-",
          "exponential": "E",
          "superscriptingExponent": "×",
          "perMille": "‰",
          "infinity": "∞",
          "nan": "NaN",
          "timeSeparator": ":"
        },
        "symbols-numberSystem-latn": {
          "decimal": ".",
          "group": ",",
          "list": ";",
          "percentSign": "%",
          "plusSign": "+",
          "minusSign": "-",
          "exponential": "E",
          "superscriptingExponent": "×",
          "perMille": "‰",
          "infinity": "∞",
          "nan": "NaN",
          "timeSeparator": ":"
        },
        "decimalFormats-numberSystem-knda": {
          "standard": "#,##0.###",
          "long": {
            "decimalFormat": {
              "1000-count-one": "0 ಸಾವಿರ",
              "1000-count-other": "0 ಸಾವಿರ",
              "10000-count-one": "00 ಸಾವಿರ",
              "10000-count-other": "00 ಸಾವಿರ",
              "100000-count-one": "000 ಸಾವಿರ",
              "100000-count-other": "000 ಸಾವಿರ",
              "1000000-count-one": "0 ಮಿಲಿಯನ್",
              "1000000-count-other": "0 ಮಿಲಿಯನ್",
              "10000000-count-one": "00 ಮಿಲಿಯನ್",
              "10000000-count-other": "00 ಮಿಲಿಯನ್",
              "100000000-count-one": "000 ಮಿಲಿಯನ್",
              "100000000-count-other": "000 ಮಿಲಿಯನ್",
              "1000000000-count-one": "0 ಬಿಲಿಯನ್",
              "1000000000-count-other": "0 ಬಿಲಿಯನ್",
              "10000000000-count-one": "00 ಬಿಲಿಯನ್",
              "10000000000-count-other": "00 ಬಿಲಿಯನ್",
              "100000000000-count-one": "000 ಬಿಲಿಯನ್",
              "100000000000-count-other": "000 ಬಿಲಿಯನ್",
              "1000000000000-count-one": "0 ಟ್ರಿಲಿಯನ್‌",
              "1000000000000-count-other": "0 ಟ್ರಿಲಿಯನ್‌",
              "10000000000000-count-one": "00 ಟ್ರಿಲಿಯನ್‌",
              "10000000000000-count-other": "00 ಟ್ರಿಲಿಯನ್‌",
              "100000000000000-count-one": "000 ಟ್ರಿಲಿಯನ್‌",
              "100000000000000-count-other": "000 ಟ್ರಿಲಿಯನ್‌"
            }
          },
          "short": {
            "decimalFormat": {
              "1000-count-one": "0ಸಾ",
              "1000-count-other": "0ಸಾ",
              "10000-count-one": "00ಸಾ",
              "10000-count-other": "00ಸಾ",
              "100000-count-one": "000ಸಾ",
              "100000-count-other": "000ಸಾ",
              "1000000-count-one": "0ಮಿ",
              "1000000-count-other": "0ಮಿ",
              "10000000-count-one": "00ಮಿ",
              "10000000-count-other": "00ಮಿ",
              "100000000-count-one": "000ಮಿ",
              "100000000-count-other": "000ಮಿ",
              "1000000000-count-one": "0ಬಿ",
              "1000000000-count-other": "0ಬಿ",
              "10000000000-count-one": "00ಬಿ",
              "10000000000-count-other": "00ಬಿ",
              "100000000000-count-one": "000ಬಿ",
              "100000000000-count-other": "000ಬಿ",
              "1000000000000-count-one": "0ಟ್ರಿ",
              "1000000000000-count-other": "0ಟ್ರಿ",
              "10000000000000-count-one": "00ಟ್ರಿ",
              "10000000000000-count-other": "00ಟ್ರಿ",
              "100000000000000-count-one": "000ಟ್ರಿ",
              "100000000000000-count-other": "000ಟ್ರಿ"
            }
          }
        },
        "decimalFormats-numberSystem-latn": {
          "standard": "#,##0.###",
          "long": {
            "decimalFormat": {
              "1000-count-one": "0 ಸಾವಿರ",
              "1000-count-other": "0 ಸಾವಿರ",
              "10000-count-one": "00 ಸಾವಿರ",
              "10000-count-other": "00 ಸಾವಿರ",
              "100000-count-one": "000 ಸಾವಿರ",
              "100000-count-other": "000 ಸಾವಿರ",
              "1000000-count-one": "0 ಮಿಲಿಯನ್",
              "1000000-count-other": "0 ಮಿಲಿಯನ್",
              "10000000-count-one": "00 ಮಿಲಿಯನ್",
              "10000000-count-other": "00 ಮಿಲಿಯನ್",
              "100000000-count-one": "000 ಮಿಲಿಯನ್",
              "100000000-count-other": "000 ಮಿಲಿಯನ್",
              "1000000000-count-one": "0 ಬಿಲಿಯನ್",
              "1000000000-count-other": "0 ಬಿಲಿಯನ್",
              "10000000000-count-one": "00 ಬಿಲಿಯನ್",
              "10000000000-count-other": "00 ಬಿಲಿಯನ್",
              "100000000000-count-one": "000 ಬಿಲಿಯನ್",
              "100000000000-count-other": "000 ಬಿಲಿಯನ್",
              "1000000000000-count-one": "0 ಟ್ರಿಲಿಯನ್‌",
              "1000000000000-count-other": "0 ಟ್ರಿಲಿಯನ್‌",
              "10000000000000-count-one": "00 ಟ್ರಿಲಿಯನ್‌",
              "10000000000000-count-other": "00 ಟ್ರಿಲಿಯನ್‌",
              "100000000000000-count-one": "000 ಟ್ರಿಲಿಯನ್‌",
              "100000000000000-count-other": "000 ಟ್ರಿಲಿಯನ್‌"
            }
          },
          "short": {
            "decimalFormat": {
              "1000-count-one": "0ಸಾ",
              "1000-count-other": "0ಸಾ",
              "10000-count-one": "00ಸಾ",
              "10000-count-other": "00ಸಾ",
              "100000-count-one": "000ಸಾ",
              "100000-count-other": "000ಸಾ",
              "1000000-count-one": "0ಮಿ",
              "1000000-count-other": "0ಮಿ",
              "10000000-count-one": "00ಮಿ",
              "10000000-count-other": "00ಮಿ",
              "100000000-count-one": "000ಮಿ",
              "100000000-count-other": "000ಮಿ",
              "1000000000-count-one": "0ಬಿ",
              "1000000000-count-other": "0ಬಿ",
              "10000000000-count-one": "00ಬಿ",
              "10000000000-count-other": "00ಬಿ",
              "100000000000-count-one": "000ಬಿ",
              "100000000000-count-other": "000ಬಿ",
              "1000000000000-count-one": "0ಟ್ರಿ",
              "1000000000000-count-other": "0ಟ್ರಿ",
              "10000000000000-count-one": "00ಟ್ರಿ",
              "10000000000000-count-other": "00ಟ್ರಿ",
              "100000000000000-count-one": "000ಟ್ರಿ",
              "100000000000000-count-other": "000ಟ್ರಿ"
            }
          }
        },
        "scientificFormats-numberSystem-knda": {
          "standard": "#E0"
        },
        "scientificFormats-numberSystem-latn": {
          "standard": "#E0"
        },
        "percentFormats-numberSystem-knda": {
          "standard": "#,##0%"
        },
        "percentFormats-numberSystem-latn": {
          "standard": "#,##0%"
        },
        "currencyFormats-numberSystem-knda": {
          "currencySpacing": {
            "beforeCurrency": {
              "currencyMatch": "[:^S:]",
              "surroundingMatch": "[:digit:]",
              "insertBetween": " "
            },
            "afterCurrency": {
              "currencyMatch": "[:^S:]",
              "surroundingMatch": "[:digit:]",
              "insertBetween": " "
            }
          },
          "standard": "¤#,##0.00",
          "accounting": "¤#,##0.00;(¤#,##0.00)",
          "short": {
            "standard": {
              "1000-count-one": "¤0ಸಾ",
              "1000-count-other": "¤0ಸಾ",
              "10000-count-one": "¤00ಸಾ",
              "10000-count-other": "¤00ಸಾ",
              "100000-count-one": "¤000ಸಾ",
              "100000-count-other": "¤000ಸಾ",
              "1000000-count-one": "¤0ಮಿ",
              "1000000-count-other": "¤0ಮಿ",
              "10000000-count-one": "¤00ಮಿ",
              "10000000-count-other": "¤00ಮಿ",
              "100000000-count-one": "¤000ಮಿ",
              "100000000-count-other": "¤000ಮಿ",
              "1000000000-count-one": "¤0ಬಿ",
              "1000000000-count-other": "¤0ಬಿ",
              "10000000000-count-one": "¤00ಬಿ",
              "10000000000-count-other": "¤00ಬಿ",
              "100000000000-count-one": "¤000ಬಿ",
              "100000000000-count-other": "¤000ಬಿ",
              "1000000000000-count-one": "¤0ಟ್ರಿ",
              "1000000000000-count-other": "¤0ಟ್ರಿ",
              "10000000000000-count-one": "¤00ಟ್ರಿ",
              "10000000000000-count-other": "¤00ಟ್ರಿ",
              "100000000000000-count-one": "¤000ಟ್ರಿ",
              "100000000000000-count-other": "¤000ಟ್ರಿ"
            }
          },
          "unitPattern-count-one": "{0} {1}",
          "unitPattern-count-other": "{0} {1}"
        },
        "currencyFormats-numberSystem-latn": {
          "currencySpacing": {
            "beforeCurrency": {
              "currencyMatch": "[:^S:]",
              "surroundingMatch": "[:digit:]",
              "insertBetween": " "
            },
            "afterCurrency": {
              "currencyMatch": "[:^S:]",
              "surroundingMatch": "[:digit:]",
              "insertBetween": " "
            }
          },
          "standard": "¤#,##0.00",
          "accounting": "¤#,##0.00;(¤#,##0.00)",
          "short": {
            "standard": {
              "1000-count-one": "¤0ಸಾ",
              "1000-count-other": "¤0ಸಾ",
              "10000-count-one": "¤00ಸಾ",
              "10000-count-other": "¤00ಸಾ",
              "100000-count-one": "¤000ಸಾ",
              "100000-count-other": "¤000ಸಾ",
              "1000000-count-one": "¤0ಮಿ",
              "1000000-count-other": "¤0ಮಿ",
              "10000000-count-one": "¤00ಮಿ",
              "10000000-count-other": "¤00ಮಿ",
              "100000000-count-one": "¤000ಮಿ",
              "100000000-count-other": "¤000ಮಿ",
              "1000000000-count-one": "¤0ಬಿ",
              "1000000000-count-other": "¤0ಬಿ",
              "10000000000-count-one": "¤00ಬಿ",
              "10000000000-count-other": "¤00ಬಿ",
              "100000000000-count-one": "¤000ಬಿ",
              "100000000000-count-other": "¤000ಬಿ",
              "1000000000000-count-one": "¤0ಟ್ರಿ",
              "1000000000000-count-other": "¤0ಟ್ರಿ",
              "10000000000000-count-one": "¤00ಟ್ರಿ",
              "10000000000000-count-other": "¤00ಟ್ರಿ",
              "100000000000000-count-one": "¤000ಟ್ರಿ",
              "100000000000000-count-other": "¤000ಟ್ರಿ"
            }
          },
          "unitPattern-count-one": "{0} {1}",
          "unitPattern-count-other": "{0} {1}"
        },
        "miscPatterns-numberSystem-knda": {
          "atLeast": "{0}+",
          "range": "{0}–{1}"
        },
        "miscPatterns-numberSystem-latn": {
          "atLeast": "{0}+",
          "range": "{0}–{1}"
        }
      }
    }
  }
}
